timestamp_s,accel_x,accel_y,accel_z,gyro_x,gyro_y,gyro_z,gnss_valid,gnss_lat,gnss_lon,gnss_alt,true_pos_x,true_pos_y,true_pos_z,true_vel_x,true_vel_y,true_vel_z,is_stopped
0.0000,3.06438,0.00680,9.91669,0.00952,-0.01861,-0.00542,1,28.6139013,77.2089987,216.32,0.0012,0.0000,0.0000,0.0600,0.0000,0.0000,0
0.0200,3.00605,-0.16687,9.93745,-0.00482,0.00404,0.01122,1,28.6139019,77.2089948,215.79,0.0036,0.0000,0.0000,0.1200,0.0000,0.0000,0
0.0400,3.12743,0.14766,10.01381,-0.00487,-0.00005,-0.00267,1,28.6138935,77.2089983,216.83,0.0072,0.0000,0.0000,0.1800,0.0000,0.0000,0
0.0600,3.00170,-0.08509,9.93432,-0.00345,0.00678,0.00376,1,28.6139105,77.2090179,214.72,0.0120,0.0000,0.0000,0.2400,0.0000,0.0000,0
0.0800,3.12550,-0.05064,9.91427,0.00492,0.00030,0.00845,1,28.6138826,77.2089868,215.32,0.0180,0.0000,0.0000,0.3000,0.0000,0.0000,0
0.1000,3.09721,-0.02543,9.74514,-0.00451,0.00193,0.01403,1,28.6138890,77.2089930,215.61,0.0252,0.0000,0.0000,0.3600,0.0000,0.0000,0
0.1200,3.12335,-0.17370,9.67282,0.00720,0.00295,0.00935,1,28.6138999,77.2090108,216.37,0.0336,0.0000,0.0000,0.4200,0.0000,0.0000,0
0.1400,2.92895,0.09373,9.76467,0.00375,0.00397,0.00679,1,28.6139070,77.2089906,215.21,0.0432,0.0000,0.0000,0.4800,0.0000,0.0000,0
0.1600,3.10935,-0.14365,9.84994,0.00705,-0.01466,0.00244,1,28.6138941,77.2090069,216.52,0.0540,0.0000,0.0000,0.5400,0.0000,0.0000,0
0.1800,3.03221,0.03512,9.89245,0.01396,-0.00993,0.01275,1,28.6138957,77.2089894,216.34,0.0660,0.0000,0.0000,0.6000,0.0000,0.0000,0
0.2000,2.83484,-0.15387,9.98380,0.00669,0.00269,0.01135,1,28.6138964,77.2090128,216.70,0.0792,0.0000,0.0000,0.6600,0.0000,0.0000,0
0.2200,3.11342,-0.00269,10.03387,0.00047,-0.01321,-0.00407,1,28.6138860,77.2089889,215.35,0.0936,0.0000,0.0000,0.7200,0.0000,0.0000,0
0.2400,2.84857,-0.01271,9.91222,0.00752,-0.00642,0.00627,1,28.6139135,77.2090045,215.42,0.1092,0.0000,0.0000,0.7800,0.0000,0.0000,0
0.2600,3.20792,-0.07723,9.84902,-0.00330,-0.00590,0.00195,1,28.6138807,77.2089711,216.58,0.1260,0.0000,0.0000,0.8400,0.0000,0.0000,0
0.2800,2.84301,0.07326,9.71052,0.00210,0.00085,0.00857,1,28.6138879,77.2090028,215.88,0.1440,0.0000,0.0000,0.9000,0.0000,0.0000,0
0.3000,3.16377,-0.13496,9.70866,0.00136,-0.01650,-0.00658,1,28.6139157,77.2090091,215.52,0.1632,0.0000,0.0000,0.9600,0.0000,0.0000,0
0.3200,2.90434,0.00645,9.83082,-0.00524,-0.00603,0.01539,1,28.6139091,77.2090094,215.99,0.1836,0.0000,0.0000,1.0200,0.0000,0.0000,0
0.3400,2.99646,-0.09005,9.81180,0.00036,-0.01060,0.00229,1,28.6138996,77.2089895,217.29,0.2052,0.0000,0.0000,1.0800,0.0000,0.0000,0
0.3600,3.16504,-0.06303,9.99272,0.00390,-0.00775,-0.00657,1,28.6138889,77.2089995,215.87,0.2280,0.0000,0.0000,1.1400,0.0000,0.0000,0
0.3800,2.95331,-0.14885,9.99314,0.00217,0.00981,0.00309,1,28.6139145,77.2090040,216.13,0.2520,0.0000,0.0000,1.2000,0.0000,0.0000,0
0.4000,3.07225,0.02142,9.94478,0.01287,0.00368,0.00785,1,28.6138886,77.2089921,215.62,0.2772,0.0000,0.0000,1.2600,0.0000,0.0000,0
0.4200,3.03730,-0.11757,9.79043,-0.00541,-0.00612,-0.00601,1,28.6139030,77.2089927,216.38,0.3036,0.0000,0.0000,1.3200,0.0000,0.0000,0
0.4400,3.19939,-0.09887,9.64652,-0.00612,-0.00049,0.01171,1,28.6139145,77.2090044,216.16,0.3312,0.0000,0.0000,1.3800,0.0000,0.0000,0
0.4600,3.11759,0.29059,9.77004,-0.00592,-0.02006,0.00714,1,28.6138950,77.2090159,215.86,0.3600,0.0000,0.0000,1.4400,0.0000,0.0000,0
0.4800,3.01914,-0.17480,9.72554,0.00087,0.00553,0.00626,1,28.6138969,77.2090175,216.10,0.3900,0.0000,0.0000,1.5000,0.0000,0.0000,0
0.5000,3.02731,0.00715,9.72268,-0.00189,-0.00343,0.01914,1,28.6139049,77.2089995,216.33,0.4212,0.0000,0.0000,1.5600,0.0000,0.0000,0
0.5200,3.00625,-0.06295,9.89885,-0.00748,-0.01072,-0.00080,1,28.6138917,77.2090071,215.97,0.4536,0.0000,0.0000,1.6200,0.0000,0.0000,0
0.5400,3.29242,-0.00823,10.04349,-0.00522,0.00445,0.00808,1,28.6138903,77.2090030,216.62,0.4872,0.0000,0.0000,1.6800,0.0000,0.0000,0
0.5600,2.91889,-0.08435,9.89673,0.00557,-0.00664,-0.00480,1,28.6138915,77.2090086,216.89,0.5220,0.0000,0.0000,1.7400,0.0000,0.0000,0
0.5800,3.05753,-0.00866,9.99802,0.00328,-0.00395,0.00729,1,28.6139033,77.2090103,216.78,0.5580,0.0000,0.0000,1.8000,0.0000,0.0000,0
0.6000,3.03035,0.02463,9.75324,0.01085,0.00043,0.01729,1,28.6138895,77.2090025,216.41,0.5952,0.0000,0.0000,1.8600,0.0000,0.0000,0
0.6200,3.14712,-0.20445,9.62932,0.01521,0.01079,0.00356,1,28.6138898,77.2089917,215.77,0.6336,0.0000,0.0000,1.9200,0.0000,0.0000,0
0.6400,2.95153,0.19207,9.66677,-0.00516,0.00215,0.00184,1,28.6138948,77.2090051,215.28,0.6732,0.0000,0.0000,1.9800,0.0000,0.0000,0
0.6600,3.05463,-0.16213,9.85381,0.01326,-0.00228,0.01015,1,28.6139054,77.2090019,215.75,0.7140,0.0000,0.0000,2.0400,0.0000,0.0000,0
0.6800,2.90583,0.08233,9.84700,-0.00775,-0.01003,0.00233,1,28.6139187,77.2090164,216.36,0.7560,0.0000,0.0000,2.1000,0.0000,0.0000,0
0.7000,3.04274,-0.23319,9.97323,-0.00187,-0.00562,0.01302,1,28.6138992,77.2089981,216.45,0.7992,0.0000,0.0000,2.1600,0.0000,0.0000,0
0.7200,3.18437,0.14129,9.95287,-0.00357,-0.00479,0.00694,1,28.6138900,77.2090083,216.29,0.8436,0.0000,0.0000,2.2200,0.0000,0.0000,0
0.7400,2.93625,-0.13924,9.90806,0.00383,0.01714,0.02001,1,28.6139025,77.2090112,216.37,0.8892,0.0000,0.0000,2.2800,0.0000,0.0000,0
0.7600,3.08962,-0.07548,9.69540,-0.00273,-0.00048,0.01465,1,28.6138943,77.2090271,216.49,0.9360,0.0000,0.0000,2.3400,0.0000,0.0000,0
0.7800,2.88035,-0.01803,9.57629,0.00070,-0.01150,0.00076,1,28.6138932,77.2090140,215.81,0.9840,0.0000,0.0000,2.4000,0.0000,0.0000,0
0.8000,3.04039,-0.13462,9.60190,-0.00974,0.01403,-0.00530,1,28.6139096,77.2090065,215.71,1.0332,0.0000,0.0000,2.4600,0.0000,0.0000,0
0.8200,2.92241,0.23318,10.03124,-0.00737,-0.00595,0.00773,1,28.6139173,77.2090214,216.55,1.0836,0.0000,0.0000,2.5200,0.0000,0.0000,0
0.8400,3.16326,-0.22800,9.86687,0.00822,0.00048,0.00199,1,28.6138845,77.2090080,214.82,1.1352,0.0000,0.0000,2.5800,0.0000,0.0000,0
0.8600,3.08710,-0.03483,9.93892,-0.00013,-0.00114,0.00056,1,28.6138835,77.2090096,216.34,1.1880,0.0000,0.0000,2.6400,0.0000,0.0000,0
0.8800,2.98526,-0.02547,9.98696,0.00481,-0.00257,0.00500,1,28.6138927,77.2090073,215.47,1.2420,0.0000,0.0000,2.7000,0.0000,0.0000,0
0.9000,3.09640,0.03240,9.91940,0.01875,0.00959,0.00809,1,28.6139181,77.2090085,215.95,1.2972,0.0000,0.0000,2.7600,0.0000,0.0000,0
0.9200,2.85919,-0.11146,9.93690,0.00410,0.00084,-0.00896,1,28.6138756,77.2090037,215.33,1.3536,0.0000,0.0000,2.8200,0.0000,0.0000,0
0.9400,3.22277,-0.04474,9.67535,-0.00177,-0.00089,0.00542,1,28.6139101,77.2090196,215.67,1.4112,0.0000,0.0000,2.8800,0.0000,0.0000,0
0.9600,2.93448,0.04920,9.71673,0.00322,0.00877,-0.01553,1,28.6138909,77.2090294,215.59,1.4700,0.0000,0.0000,2.9400,0.0000,0.0000,0
0.9800,3.06523,-0.12745,9.79818,-0.00098,-0.01705,0.00762,1,28.6138891,77.2090032,216.28,1.5300,0.0000,0.0000,3.0000,0.0000,0.0000,0
1.0000,3.17819,-0.03271,9.92576,-0.00063,-0.00349,-0.00342,1,28.6138884,77.2090192,216.39,1.5912,0.0000,0.0000,3.0600,0.0000,0.0000,0
1.0200,2.96907,-0.03757,9.98541,0.01586,0.00642,0.00851,1,28.6139063,77.2090386,216.48,1.6536,0.0000,0.0000,3.1200,0.0000,0.0000,0
1.0400,3.26166,0.09260,10.04265,-0.00037,-0.00247,-0.00058,1,28.6139056,77.2090232,215.69,1.7172,0.0000,0.0000,3.1800,0.0000,0.0000,0
1.0600,3.01059,-0.17536,10.01170,0.00047,0.00637,0.01101,1,28.6139088,77.2090215,216.25,1.7820,0.0000,0.0000,3.2400,0.0000,0.0000,0
1.0800,3.30541,0.03600,9.74593,0.00146,-0.01238,0.00085,1,28.6139292,77.2090194,217.01,1.8480,0.0000,0.0000,3.3000,0.0000,0.0000,0
1.1000,3.04677,0.05808,9.73020,-0.00611,-0.00274,-0.00473,1,28.6139025,77.2090210,216.62,1.9152,0.0000,0.0000,3.3600,0.0000,0.0000,0
1.1200,3.07877,-0.08153,9.83120,0.00687,-0.02133,0.00743,1,28.6138867,77.2090297,215.71,1.9836,0.0000,0.0000,3.4200,0.0000,0.0000,0
1.1400,2.98795,0.10827,9.88463,-0.01451,-0.00773,0.00973,1,28.6138915,77.2090231,215.55,2.0532,0.0000,0.0000,3.4800,0.0000,0.0000,0
1.1600,2.92851,-0.03098,9.85628,0.00877,-0.00757,0.01151,1,28.6139103,77.2090021,215.64,2.1240,0.0000,0.0000,3.5400,0.0000,0.0000,0
1.1800,3.15532,0.10486,9.93321,0.00416,-0.00991,0.00382,1,28.6138947,77.2090273,216.06,2.1960,0.0000,0.0000,3.6000,0.0000,0.0000,0
1.2000,2.95726,-0.09641,10.05076,-0.00647,-0.00400,0.01685,1,28.6138937,77.2090325,216.02,2.2692,0.0000,0.0000,3.6600,0.0000,0.0000,0
1.2200,3.08183,-0.03148,9.98141,0.00876,-0.00291,0.01563,1,28.6138820,77.2090193,216.01,2.3436,0.0000,0.0000,3.7200,0.0000,0.0000,0
1.2400,2.99067,0.01486,9.94515,0.02062,-0.00464,-0.01103,1,28.6138970,77.2090190,215.44,2.4192,0.0000,0.0000,3.7800,0.0000,0.0000,0
1.2600,3.28621,-0.08910,9.82111,0.01248,-0.01582,-0.00501,1,28.6139007,77.2090267,217.16,2.4960,0.0000,0.0000,3.8400,0.0000,0.0000,0
1.2800,2.81058,-0.02923,9.78324,0.00619,-0.00079,-0.00630,1,28.6139034,77.2090102,215.59,2.5740,0.0000,0.0000,3.9000,0.0000,0.0000,0
1.3000,2.92573,-0.12273,9.70478,0.00568,0.00262,0.00611,1,28.6139023,77.2090366,215.63,2.6532,0.0000,0.0000,3.9600,0.0000,0.0000,0
1.3200,3.07097,0.10457,9.84124,-0.00364,-0.00444,0.00657,1,28.6139028,77.2090302,215.17,2.7336,0.0000,0.0000,4.0200,0.0000,0.0000,0
1.3400,3.09060,-0.18055,9.92819,-0.00013,-0.00394,0.01164,1,28.6139106,77.2090284,216.21,2.8152,0.0000,0.0000,4.0800,0.0000,0.0000,0
1.3600,2.93837,-0.02856,9.83939,-0.01667,-0.00843,0.01100,1,28.6139004,77.2090138,216.70,2.8980,0.0000,0.0000,4.1400,0.0000,0.0000,0
1.3800,2.92475,-0.09067,10.06166,0.01262,-0.00355,0.01583,1,28.6138833,77.2090241,215.32,2.9820,0.0000,0.0000,4.2000,0.0000,0.0000,0
1.4000,3.16150,-0.05991,9.87963,-0.00984,-0.01011,0.00214,1,28.6138882,77.2090494,215.41,3.0672,0.0000,0.0000,4.2600,0.0000,0.0000,0
1.4200,2.98452,0.11520,9.73104,0.00514,-0.01132,0.00880,1,28.6138969,77.2090098,215.89,3.1536,0.0000,0.0000,4.3200,0.0000,0.0000,0
1.4400,3.13809,-0.22757,9.83845,-0.00284,-0.00727,-0.00356,1,28.6138944,77.2090270,215.89,3.2412,0.0000,0.0000,4.3800,0.0000,0.0000,0
1.4600,2.90551,0.09171,9.72175,0.00463,-0.00010,0.01557,1,28.6138949,77.2090336,215.81,3.3300,0.0000,0.0000,4.4400,0.0000,0.0000,0
1.4800,3.05675,-0.25972,9.85988,-0.00065,0.00592,0.00807,1,28.6139019,77.2090269,217.17,3.4200,0.0000,0.0000,4.5000,0.0000,0.0000,0
1.5000,3.02951,0.11790,10.01273,0.01862,-0.00244,0.00628,1,28.6139007,77.2090448,216.21,3.5112,0.0000,0.0000,4.5600,0.0000,0.0000,0
1.5200,3.08192,-0.20923,9.96544,0.00179,-0.00049,-0.00167,1,28.6138903,77.2090364,215.61,3.6036,0.0000,0.0000,4.6200,0.0000,0.0000,0
1.5400,2.99498,-0.10836,9.88702,-0.00167,-0.00535,0.02050,1,28.6139090,77.2090338,216.09,3.6972,0.0000,0.0000,4.6800,0.0000,0.0000,0
1.5600,3.01990,-0.15806,9.97693,-0.00126,-0.00527,0.00648,1,28.6138980,77.2090395,215.47,3.7920,0.0000,0.0000,4.7400,0.0000,0.0000,0
1.5800,3.20930,-0.04961,9.95680,-0.00714,-0.00295,0.02578,1,28.6139224,77.2090434,215.28,3.8880,0.0000,0.0000,4.8000,0.0000,0.0000,0
1.6000,2.94372,0.12174,9.79344,0.00665,-0.00345,0.00364,1,28.6138863,77.2090447,215.52,3.9852,0.0000,0.0000,4.8600,0.0000,0.0000,0
1.6200,3.07010,-0.07207,9.67065,0.00732,0.00568,0.00793,1,28.6139052,77.2090385,216.14,4.0836,0.0000,0.0000,4.9200,0.0000,0.0000,0
1.6400,2.95929,0.11147,9.73064,0.00948,-0.01765,0.00232,1,28.6139136,77.2090493,215.13,4.1832,0.0000,0.0000,4.9800,0.0000,0.0000,0
1.6600,2.89578,-0.26866,9.93592,0.00916,-0.00876,-0.00702,1,28.6138941,77.2090530,216.64,4.2840,0.0000,0.0000,5.0400,0.0000,0.0000,0
1.6800,2.83268,0.04275,10.10809,0.00548,-0.00748,0.00872,1,28.6138944,77.2090507,215.83,4.3860,0.0000,0.0000,5.1000,0.0000,0.0000,0
1.7000,2.84459,-0.15087,9.97873,0.00131,0.00333,0.00776,1,28.6138964,77.2090642,215.62,4.4892,0.0000,0.0000,5.1600,0.0000,0.0000,0
1.7200,3.19479,-0.02077,10.03705,0.01503,-0.01076,-0.00210,1,28.6138950,77.2090397,216.54,4.5936,0.0000,0.0000,5.2200,0.0000,0.0000,0
1.7400,3.02899,-0.06779,10.01313,-0.00154,0.00864,0.00605,1,28.6139045,77.2090550,215.61,4.6992,0.0000,0.0000,5.2800,0.0000,0.0000,0
1.7600,3.17853,0.07269,9.78353,-0.00553,-0.00659,0.00862,1,28.6138980,77.2090534,215.73,4.8060,0.0000,0.0000,5.3400,0.0000,0.0000,0
1.7800,2.81342,0.08530,9.70497,0.01118,-0.02215,-0.00129,1,28.6138990,77.2090441,216.02,4.9140,0.0000,0.0000,5.4000,0.0000,0.0000,0
1.8000,2.97562,-0.19318,9.76234,0.00057,-0.00503,0.00373,1,28.6139043,77.2090441,215.48,5.0232,0.0000,0.0000,5.4600,0.0000,0.0000,0
1.8200,3.02643,0.00555,9.85539,0.00730,0.00008,0.00945,1,28.6138940,77.2090638,216.80,5.1336,0.0000,0.0000,5.5200,0.0000,0.0000,0
1.8400,3.04867,0.01375,9.87953,-0.00046,-0.00903,-0.00326,1,28.6138954,77.2090644,216.04,5.2452,0.0000,0.0000,5.5800,0.0000,0.0000,0
1.8600,2.99825,0.00405,9.95231,0.00467,-0.00259,-0.00112,1,28.6138975,77.2090520,216.77,5.3580,0.0000,0.0000,5.6400,0.0000,0.0000,0
1.8800,3.01955,-0.04734,9.96175,-0.00322,0.00139,0.00650,1,28.6139126,77.2090428,216.12,5.4720,0.0000,0.0000,5.7000,0.0000,0.0000,0
1.9000,3.03828,0.00164,9.94815,-0.00520,-0.00148,-0.00664,1,28.6138957,77.2090690,215.72,5.5872,0.0000,0.0000,5.7600,0.0000,0.0000,0
1.9200,3.02713,0.07737,9.82141,0.00491,-0.02228,-0.00425,1,28.6138951,77.2090728,216.10,5.7036,0.0000,0.0000,5.8200,0.0000,0.0000,0
1.9400,3.12508,-0.16686,9.82134,0.01798,-0.01241,-0.00170,1,28.6138919,77.2090681,215.92,5.8212,0.0000,0.0000,5.8800,0.0000,0.0000,0
1.9600,2.97669,0.18637,9.63910,0.00399,0.01157,-0.00821,1,28.6138990,77.2090669,216.68,5.9400,0.0000,0.0000,5.9400,0.0000,0.0000,0
1.9800,2.98169,-0.17546,9.73286,0.00850,-0.00107,-0.00920,1,28.6138943,77.2090532,216.52,6.0600,0.0000,0.0000,6.0000,0.0000,0.0000,0
2.0000,3.08123,0.04380,9.95861,-0.00302,-0.00809,0.00933,1,28.6139031,77.2090590,215.75,6.1812,0.0000,0.0000,6.0600,0.0000,0.0000,0
2.0200,3.05686,-0.10573,9.80395,0.00630,-0.01127,0.00688,1,28.6139181,77.2090572,215.46,6.3036,0.0000,0.0000,6.1200,0.0000,0.0000,0
2.0400,3.00825,0.09318,9.91189,-0.00826,0.00271,0.00693,1,28.6139094,77.2090674,217.12,6.4272,0.0000,0.0000,6.1800,0.0000,0.0000,0
2.0600,2.88230,0.03500,9.91386,0.00226,-0.00085,0.00004,1,28.6139069,77.2090661,216.69,6.5520,0.0000,0.0000,6.2400,0.0000,0.0000,0
2.0800,3.19745,-0.06514,9.83876,0.01290,-0.01132,-0.01430,1,28.6138972,77.2090532,215.31,6.6780,0.0000,0.0000,6.3000,0.0000,0.0000,0
2.1000,3.05475,0.21103,9.75369,-0.01349,-0.00548,0.00271,1,28.6138898,77.2090642,216.28,6.8052,0.0000,0.0000,6.3600,0.0000,0.0000,0
2.1200,3.11727,-0.19556,9.78514,0.00620,-0.01496,0.01059,1,28.6138960,77.2090569,216.61,6.9336,0.0000,0.0000,6.4200,0.0000,0.0000,0
2.1400,3.14640,0.08891,9.72834,0.00086,0.00192,-0.00885,1,28.6139180,77.2090753,216.53,7.0632,0.0000,0.0000,6.4800,0.0000,0.0000,0
2.1600,3.06819,-0.18029,9.97463,0.00061,0.01034,-0.00383,1,28.6139021,77.2090940,216.62,7.1940,0.0000,0.0000,6.5400,0.0000,0.0000,0
2.1800,3.11682,0.11178,9.84494,0.00342,0.00670,0.00241,1,28.6139116,77.2090662,216.33,7.3260,0.0000,0.0000,6.6000,0.0000,0.0000,0
2.2000,2.83411,-0.12849,9.89858,-0.00074,-0.00365,-0.00865,1,28.6138969,77.2090716,216.16,7.4592,0.0000,0.0000,6.6600,0.0000,0.0000,0
2.2200,3.01207,0.07286,9.92341,-0.01852,0.00328,0.00718,1,28.6138997,77.2090869,216.54,7.5936,0.0000,0.0000,6.7200,0.0000,0.0000,0
2.2400,2.86502,-0.15783,9.96769,0.00479,0.01606,0.00836,1,28.6138969,77.2090784,215.66,7.7292,0.0000,0.0000,6.7800,0.0000,0.0000,0
2.2600,3.18889,-0.06584,9.87782,0.00700,0.00701,0.00083,1,28.6139088,77.2090978,215.17,7.8660,0.0000,0.0000,6.8400,0.0000,0.0000,0
2.2800,2.90385,-0.00403,9.81133,0.01399,-0.00667,0.00160,1,28.6139058,77.2090881,216.00,8.0040,0.0000,0.0000,6.9000,0.0000,0.0000,0
2.3000,3.13566,-0.14674,9.81869,-0.01601,-0.00961,-0.00126,1,28.6139010,77.2090811,215.74,8.1432,0.0000,0.0000,6.9600,0.0000,0.0000,0
2.3200,2.82453,0.00914,9.72563,0.00039,0.00590,0.00304,1,28.6138964,77.2091145,216.07,8.2836,0.0000,0.0000,7.0200,0.0000,0.0000,0
2.3400,2.94249,-0.15361,9.97043,-0.00581,-0.01028,0.00947,1,28.6139050,77.2090925,216.25,8.4252,0.0000,0.0000,7.0800,0.0000,0.0000,0
2.3600,3.08009,0.12696,9.95688,0.00761,-0.01128,0.00490,1,28.6139065,77.2091037,216.15,8.5680,0.0000,0.0000,7.1400,0.0000,0.0000,0
2.3800,2.93068,-0.20376,9.84945,0.00749,-0.00581,-0.00318,1,28.6139074,77.2090667,216.52,8.7120,0.0000,0.0000,7.2000,0.0000,0.0000,0
2.4000,3.14643,0.09732,9.74473,-0.00997,-0.01038,0.01669,1,28.6139038,77.2090892,216.54,8.8572,0.0000,0.0000,7.2600,0.0000,0.0000,0
2.4200,2.94284,0.03892,9.75040,-0.00696,0.00058,0.00547,1,28.6138873,77.2090733,216.15,9.0036,0.0000,0.0000,7.3200,0.0000,0.0000,0
2.4400,3.19248,-0.09611,9.78644,0.00326,0.00322,0.01146,1,28.6138956,77.2091008,215.16,9.1512,0.0000,0.0000,7.3800,0.0000,0.0000,0
2.4600,2.82826,-0.12231,9.81703,0.01150,-0.01116,-0.00988,1,28.6139002,77.2090904,215.69,9.3000,0.0000,0.0000,7.4400,0.0000,0.0000,0
2.4800,3.09210,-0.06711,9.91831,0.00613,-0.00597,-0.00215,1,28.6139038,77.2091125,215.59,9.4500,0.0000,0.0000,7.5000,0.0000,0.0000,0
2.5000,3.04092,0.06606,9.77544,0.01839,0.01128,0.01409,1,28.6138910,77.2090933,215.57,9.6012,0.0000,0.0000,7.5600,0.0000,0.0000,0
2.5200,2.92216,-0.07317,9.98997,0.00554,0.00700,0.01008,1,28.6138939,77.2090970,216.35,9.7536,0.0000,0.0000,7.6200,0.0000,0.0000,0
2.5400,3.18135,0.10843,10.00368,-0.01227,-0.00233,0.00055,1,28.6139073,77.2090981,214.82,9.9072,0.0000,0.0000,7.6800,0.0000,0.0000,0
2.5600,2.82903,0.05345,10.08743,0.01287,-0.00096,0.01581,1,28.6139059,77.2090922,217.09,10.0620,0.0000,0.0000,7.7400,0.0000,0.0000,0
2.5800,3.16073,-0.00624,9.78421,0.00518,-0.00252,-0.00542,1,28.6139068,77.2091049,216.04,10.2180,0.0000,0.0000,7.8000,0.0000,0.0000,0
2.6000,2.92178,0.00070,9.92992,0.00915,-0.00291,0.00699,1,28.6138934,77.2091096,216.28,10.3752,0.0000,0.0000,7.8600,0.0000,0.0000,0
2.6200,3.13600,-0.12272,9.65218,0.00079,-0.00897,-0.00500,1,28.6139089,77.2091152,216.05,10.5336,0.0000,0.0000,7.9200,0.0000,0.0000,0
2.6400,3.02309,0.10646,9.61239,0.00102,0.00497,0.01347,1,28.6139006,77.2091198,216.70,10.6932,0.0000,0.0000,7.9800,0.0000,0.0000,0
2.6600,3.13711,-0.14594,9.75920,-0.00667,-0.00024,0.00803,1,28.6139150,77.2091010,215.82,10.8540,0.0000,0.0000,8.0400,0.0000,0.0000,0
2.6800,3.17283,0.17423,9.90388,-0.00795,-0.00555,0.00674,1,28.6139143,77.2091111,215.73,11.0160,0.0000,0.0000,8.1000,0.0000,0.0000,0
2.7000,2.95330,-0.17331,9.99101,-0.00203,-0.00802,0.00749,1,28.6138982,77.2091321,215.68,11.1792,0.0000,0.0000,8.1600,0.0000,0.0000,0
2.7200,3.10916,0.05383,9.98709,-0.00712,-0.00685,0.01650,1,28.6138929,77.2091323,216.09,11.3436,0.0000,0.0000,8.2200,0.0000,0.0000,0
2.7400,2.82916,-0.22182,9.75188,0.00223,-0.00275,0.00406,1,28.6138937,77.2091098,215.46,11.5092,0.0000,0.0000,8.2800,0.0000,0.0000,0
2.7600,3.25501,-0.26631,9.84415,0.01449,-0.01202,0.00196,1,28.6138947,77.2091133,215.72,11.6760,0.0000,0.0000,8.3400,0.0000,0.0000,0
2.7800,2.87845,-0.03725,9.72197,0.01342,0.01170,0.00231,1,28.6139087,77.2091206,215.85,11.8440,0.0000,0.0000,8.4000,0.0000,0.0000,0
2.8000,3.26294,-0.12424,9.88282,0.00125,-0.00195,0.00792,1,28.6139107,77.2091412,215.89,12.0132,0.0000,0.0000,8.4600,0.0000,0.0000,0
2.8200,3.26447,0.15433,9.74226,0.00975,-0.00589,0.00108,1,28.6139163,77.2091059,215.20,12.1836,0.0000,0.0000,8.5200,0.0000,0.0000,0
2.8400,3.09765,-0.14657,9.90878,0.00211,-0.00031,0.00840,1,28.6139012,77.2091241,215.70,12.3552,0.0000,0.0000,8.5800,0.0000,0.0000,0
2.8600,2.94285,0.12848,9.87941,-0.00954,-0.00347,0.00567,1,28.6139095,77.2091313,216.87,12.5280,0.0000,0.0000,8.6400,0.0000,0.0000,0
2.8800,2.89206,-0.04001,9.86715,-0.00126,-0.00768,0.00463,1,28.6139091,77.2091363,216.23,12.7020,0.0000,0.0000,8.7000,0.0000,0.0000,0
2.9000,3.17644,-0.07355,9.98513,0.00250,-0.01814,-0.01067,1,28.6139014,77.2091331,215.95,12.8772,0.0000,0.0000,8.7600,0.0000,0.0000,0
2.9200,2.91925,-0.04014,9.83334,0.00178,-0.00120,0.01258,1,28.6138951,77.2091171,215.59,13.0536,0.0000,0.0000,8.8200,0.0000,0.0000,0
2.9400,3.05969,-0.17485,9.67672,0.00431,0.00696,0.00155,1,28.6139041,77.2091314,215.90,13.2312,0.0000,0.0000,8.8800,0.0000,0.0000,0
2.9600,2.75772,-0.07884,9.67024,-0.00246,-0.00627,0.00531,1,28.6138909,77.2091175,215.79,13.4100,0.0000,0.0000,8.9400,0.0000,0.0000,0
2.9800,3.05924,-0.05763,9.72042,-0.00490,0.00083,-0.00729,1,28.6139019,77.2091614,216.62,13.5900,0.0000,0.0000,9.0000,0.0000,0.0000,0
3.0000,3.07118,0.09820,9.84485,0.01471,-0.00798,0.02148,1,28.6138972,77.2091315,215.97,13.7712,0.0000,0.0000,9.0600,0.0000,0.0000,0
3.0200,2.97779,-0.24373,9.94439,-0.00661,-0.00901,0.00818,1,28.6138997,77.2091362,214.80,13.9536,0.0000,0.0000,9.1200,0.0000,0.0000,0
3.0400,3.16659,0.00770,10.05541,0.01126,0.00849,0.00924,1,28.6138891,77.2091414,215.97,14.1372,0.0000,0.0000,9.1800,0.0000,0.0000,0
3.0600,3.04050,-0.23156,9.92368,-0.00494,-0.00205,0.00043,1,28.6138907,77.2091407,215.85,14.3220,0.0000,0.0000,9.2400,0.0000,0.0000,0
3.0800,3.14647,0.12811,9.85811,0.00531,-0.00486,0.00561,1,28.6139118,77.2091511,215.26,14.5080,0.0000,0.0000,9.3000,0.0000,0.0000,0
3.1000,2.92635,0.04295,9.87934,0.01518,-0.00052,0.00972,1,28.6139029,77.2091485,216.56,14.6952,0.0000,0.0000,9.3600,0.0000,0.0000,0
3.1200,3.04039,-0.11352,9.81400,0.00893,-0.00131,0.01209,1,28.6139070,77.2091450,216.55,14.8836,0.0000,0.0000,9.4200,0.0000,0.0000,0
3.1400,3.02145,0.17118,9.77848,-0.00085,-0.00031,-0.01844,1,28.6138938,77.2091487,216.02,15.0732,0.0000,0.0000,9.4800,0.0000,0.0000,0
3.1600,3.08567,-0.44093,9.68893,0.00561,0.00082,-0.00430,1,28.6138742,77.2091623,215.01,15.2640,0.0000,0.0000,9.5400,0.0000,0.0000,0
3.1800,3.01287,0.19587,9.87574,0.01994,-0.00302,0.00826,1,28.6139049,77.2091611,215.34,15.4560,0.0000,0.0000,9.6000,0.0000,0.0000,0
3.2000,3.09882,-0.11660,9.89059,0.00112,-0.00328,-0.00592,1,28.6139129,77.2091684,216.69,15.6492,0.0000,0.0000,9.6600,0.0000,0.0000,0
3.2200,3.12085,-0.02508,10.03918,0.00228,-0.00526,0.00415,1,28.6139058,77.2091742,215.90,15.8436,0.0000,0.0000,9.7200,0.0000,0.0000,0
3.2400,2.93998,-0.00314,9.82085,-0.00633,0.00584,0.00170,1,28.6138850,77.2091914,216.28,16.0392,0.0000,0.0000,9.7800,0.0000,0.0000,0
3.2600,3.04453,-0.01698,9.84954,-0.01025,-0.00116,0.01088,1,28.6139123,77.2091639,215.17,16.2360,0.0000,0.0000,9.8400,0.0000,0.0000,0
3.2800,2.96863,0.08486,9.63573,0.00465,-0.00542,0.00114,1,28.6139055,77.2091691,215.85,16.4340,0.0000,0.0000,9.9000,0.0000,0.0000,0
3.3000,3.18018,-0.00874,9.88607,0.01252,-0.00388,0.00782,1,28.6139139,77.2091786,216.43,16.6332,0.0000,0.0000,9.9600,0.0000,0.0000,0
3.3200,3.07150,0.09592,9.80930,0.00859,-0.00347,-0.00083,1,28.6138993,77.2091743,215.81,16.8336,0.0000,0.0000,10.0200,0.0000,0.0000,0
3.3400,2.99180,-0.09834,9.88673,0.00472,0.00236,0.00200,1,28.6139056,77.2091776,215.50,17.0352,0.0000,0.0000,10.0800,0.0000,0.0000,0
3.3600,3.15831,0.10546,9.85918,0.01354,-0.00701,-0.00824,1,28.6138981,77.2091662,216.50,17.2380,0.0000,0.0000,10.1400,0.0000,0.0000,0
3.3800,2.86393,-0.18817,9.97870,-0.00019,-0.00569,0.00996,1,28.6139002,77.2091866,216.22,17.4420,0.0000,0.0000,10.2000,0.0000,0.0000,0
3.4000,3.18132,0.03237,9.95997,0.00693,-0.01986,0.00208,1,28.6139092,77.2091973,215.84,17.6472,0.0000,0.0000,10.2600,0.0000,0.0000,0
3.4200,2.74582,-0.01958,9.84124,0.01036,0.00650,0.00662,1,28.6139027,77.2091925,216.14,17.8536,0.0000,0.0000,10.3200,0.0000,0.0000,0
3.4400,3.10855,-0.04228,9.72195,0.00199,0.00489,0.00054,1,28.6138900,77.2091832,215.75,18.0612,0.0000,0.0000,10.3800,0.0000,0.0000,0
3.4600,3.02231,0.11167,9.66050,0.00979,0.00259,0.00582,1,28.6139128,77.2091664,215.49,18.2700,0.0000,0.0000,10.4400,0.0000,0.0000,0
3.4800,3.02319,-0.21031,9.73149,0.00634,-0.01065,0.00850,1,28.6139090,77.2091910,215.78,18.4800,0.0000,0.0000,10.5000,0.0000,0.0000,0
3.5000,2.94066,0.07367,9.86542,0.02156,-0.01402,0.01678,1,28.6138981,77.2092025,215.89,18.6912,0.0000,0.0000,10.5600,0.0000,0.0000,0
3.5200,3.00781,-0.10868,9.94826,0.00556,-0.00423,0.01663,1,28.6138947,77.2091851,216.13,18.9036,0.0000,0.0000,10.6200,0.0000,0.0000,0
3.5400,3.08563,0.14806,9.92486,0.00152,-0.01158,0.00864,1,28.6138825,77.2091906,216.46,19.1172,0.0000,0.0000,10.6800,0.0000,0.0000,0
3.5600,3.04703,-0.08728,9.93336,-0.00692,-0.00483,-0.00774,1,28.6138971,77.2092006,215.99,19.3320,0.0000,0.0000,10.7400,0.0000,0.0000,0
3.5800,3.08673,-0.00432,9.97721,0.02447,-0.00769,0.01648,1,28.6139169,77.2091974,216.12,19.5480,0.0000,0.0000,10.8000,0.0000,0.0000,0
3.6000,2.94537,-0.00502,9.82072,0.00250,-0.00212,0.00173,1,28.6139091,77.2092012,215.84,19.7652,0.0000,0.0000,10.8600,0.0000,0.0000,0
3.6200,3.02061,-0.22998,9.79104,-0.00021,-0.00777,0.00507,1,28.6138988,77.2092163,216.89,19.9836,0.0000,0.0000,10.9200,0.0000,0.0000,0
3.6400,3.04578,0.08959,9.70285,0.01181,0.00963,0.00896,1,28.6138966,77.2091953,215.95,20.2032,0.0000,0.0000,10.9800,0.0000,0.0000,0
3.6600,3.13293,-0.04970,9.91722,0.00691,0.00179,0.00916,1,28.6139023,77.2092226,215.76,20.4240,0.0000,0.0000,11.0400,0.0000,0.0000,0
3.6800,2.98206,0.14229,9.80600,-0.00436,0.00743,0.01172,1,28.6138923,77.2091955,216.62,20.6460,0.0000,0.0000,11.1000,0.0000,0.0000,0
3.7000,3.08846,-0.14882,9.87860,0.00008,-0.00218,0.00563,1,28.6139125,77.2092263,215.26,20.8692,0.0000,0.0000,11.1600,0.0000,0.0000,0
3.7200,3.23201,0.00540,9.99339,-0.00591,0.00060,0.00502,1,28.6139040,77.2092199,216.18,21.0936,0.0000,0.0000,11.2200,0.0000,0.0000,0
3.7400,2.86214,-0.07135,9.88609,-0.00016,0.01117,0.00421,1,28.6139261,77.2092143,215.87,21.3192,0.0000,0.0000,11.2800,0.0000,0.0000,0
3.7600,3.13836,-0.22028,9.74094,-0.00010,-0.00849,0.01605,1,28.6139092,77.2092130,216.50,21.5460,0.0000,0.0000,11.3400,0.0000,0.0000,0
3.7800,2.92549,0.13737,9.75301,0.00230,-0.00371,0.00503,1,28.6139051,77.2092221,216.04,21.7740,0.0000,0.0000,11.4000,0.0000,0.0000,0
3.8000,3.24804,-0.31265,9.58240,-0.00235,-0.00288,0.01052,1,28.6139097,77.2092227,216.41,22.0032,0.0000,0.0000,11.4600,0.0000,0.0000,0
3.8200,3.04800,0.05549,9.88036,0.01024,-0.00153,0.01270,1,28.6139031,77.2092253,216.44,22.2336,0.0000,0.0000,11.5200,0.0000,0.0000,0
3.8400,3.04677,-0.19397,9.94232,0.00288,-0.00299,0.01678,1,28.6138950,77.2092245,216.14,22.4652,0.0000,0.0000,11.5800,0.0000,0.0000,0
3.8600,2.90174,-0.03826,9.86300,-0.00091,-0.00504,-0.00706,1,28.6138835,77.2092459,216.17,22.6980,0.0000,0.0000,11.6400,0.0000,0.0000,0
3.8800,2.86873,-0.17536,10.17112,0.01641,-0.00629,0.00209,1,28.6139111,77.2092252,216.23,22.9320,0.0000,0.0000,11.7000,0.0000,0.0000,0
3.9000,3.06219,-0.14557,9.91783,-0.00598,-0.00368,-0.00780,1,28.6139013,77.2092405,216.71,23.1672,0.0000,0.0000,11.7600,0.0000,0.0000,0
3.9200,2.85928,-0.01057,9.87091,0.00534,-0.01356,0.01184,1,28.6138999,77.2092338,216.21,23.4036,0.0000,0.0000,11.8200,0.0000,0.0000,0
3.9400,3.08456,-0.03046,9.76334,-0.00901,-0.00553,0.00792,1,28.6138937,77.2092506,215.96,23.6412,0.0000,0.0000,11.8800,0.0000,0.0000,0
3.9600,3.00689,0.04620,9.85943,0.01006,-0.00505,0.01100,1,28.6138986,77.2092504,215.75,23.8800,0.0000,0.0000,11.9400,0.0000,0.0000,0
3.9800,3.23888,0.01527,9.67626,-0.00541,0.00888,-0.00347,1,28.6138905,77.2092380,215.32,24.1200,0.0000,0.0000,12.0000,0.0000,0.0000,0
4.0000,-0.06580,0.05110,9.89027,0.00118,-0.00820,-0.00039,1,28.6138913,77.2092288,216.84,24.3600,0.0000,0.0000,12.0000,0.0000,0.0000,0
4.0200,-0.06116,-0.21193,10.12133,0.00438,0.00409,0.00109,1,28.6139022,77.2092406,214.93,24.6000,0.0000,0.0000,12.0000,0.0000,0.0000,0
4.0400,0.10727,0.00039,9.76428,-0.00902,-0.01748,-0.01300,1,28.6139040,77.2092480,216.23,24.8400,0.0000,0.0000,12.0000,0.0000,0.0000,0
4.0600,-0.16421,0.02490,9.94556,0.01232,0.00029,0.01126,1,28.6139162,77.2092467,215.66,25.0800,0.0000,0.0000,12.0000,0.0000,0.0000,0
4.0800,0.08769,0.01945,9.92999,-0.00261,0.00148,0.00953,1,28.6138939,77.2092346,214.82,25.3200,0.0000,0.0000,12.0000,0.0000,0.0000,0
4.1000,-0.11809,-0.08274,9.69139,0.00269,-0.00038,-0.00134,1,28.6138944,77.2092542,215.93,25.5600,0.0000,0.0000,12.0000,0.0000,0.0000,0
4.1200,0.13459,-0.06085,9.78823,0.01442,0.00722,-0.00301,1,28.6138907,77.2092640,216.13,25.8000,0.0000,0.0000,12.0000,0.0000,0.0000,0
4.1400,0.11688,0.03268,9.83892,0.00254,-0.00630,-0.00946,1,28.6139116,77.2092534,215.69,26.0400,0.0000,0.0000,12.0000,0.0000,0.0000,0
4.1600,0.04131,-0.27380,9.90419,0.01413,-0.00938,0.00742,1,28.6138993,77.2092593,216.01,26.2800,0.0000,0.0000,12.0000,0.0000,0.0000,0
4.1800,0.01181,0.03595,9.97642,0.00169,0.01092,0.00114,1,28.6138913,77.2092593,215.49,26.5200,0.0000,0.0000,12.0000,0.0000,0.0000,0
4.2000,0.04941,-0.11929,10.03444,-0.00158,-0.00340,0.00408,1,28.6138956,77.2092617,215.19,26.7600,0.0000,0.0000,12.0000,0.0000,0.0000,0
4.2200,0.07443,0.08727,10.01725,0.00675,0.00930,0.01659,1,28.6139201,77.2092815,216.33,27.0000,0.0000,0.0000,12.0000,0.0000,0.0000,0
4.2400,-0.10787,-0.02264,9.85094,0.00219,-0.00780,0.01796,1,28.6138809,77.2092793,216.16,27.2400,0.0000,0.0000,12.0000,0.0000,0.0000,0
4.2600,0.18697,-0.06993,9.90796,-0.01536,-0.01911,0.01137,1,28.6139021,77.2092865,216.49,27.4800,0.0000,0.0000,12.0000,0.0000,0.0000,0
4.2800,-0.05648,0.05433,9.64196,0.00181,0.01303,0.01159,1,28.6139016,77.2092760,214.85,27.7200,0.0000,0.0000,12.0000,0.0000,0.0000,0
4.3000,0.12411,-0.16221,9.71096,-0.01503,-0.00094,0.01176,1,28.6139293,77.2092806,216.99,27.9600,0.0000,0.0000,12.0000,0.0000,0.0000,0
4.3200,-0.11589,0.03332,9.70624,-0.00572,-0.00257,-0.01168,1,28.6139071,77.2092756,215.32,28.2000,0.0000,0.0000,12.0000,0.0000,0.0000,0
4.3400,0.07410,-0.08875,9.86640,-0.01785,-0.01097,0.01486,1,28.6138840,77.2092996,214.87,28.4400,0.0000,0.0000,12.0000,0.0000,0.0000,0
4.3600,-0.12443,0.04735,9.86357,0.00844,-0.00840,0.00823,1,28.6138995,77.2093020,216.29,28.6800,0.0000,0.0000,12.0000,0.0000,0.0000,0
4.3800,-0.00722,0.04041,9.95829,0.00501,-0.01488,0.01452,1,28.6139116,77.2092835,216.63,28.9200,0.0000,0.0000,12.0000,0.0000,0.0000,0
4.4000,0.09329,-0.03778,9.92540,-0.01050,-0.00117,0.01274,1,28.6138903,77.2092938,216.79,29.1600,0.0000,0.0000,12.0000,0.0000,0.0000,0
4.4200,-0.05633,-0.14958,9.83171,0.00794,-0.01802,-0.00360,1,28.6138888,77.2093058,215.00,29.4000,0.0000,0.0000,12.0000,0.0000,0.0000,0
4.4400,0.21870,-0.05949,9.79715,0.01688,0.00075,0.01026,1,28.6138931,77.2092823,215.61,29.6400,0.0000,0.0000,12.0000,0.0000,0.0000,0
4.4600,0.17471,0.04037,9.67306,0.00542,0.00051,0.00079,1,28.6139151,77.2092952,216.60,29.8800,0.0000,0.0000,12.0000,0.0000,0.0000,0
4.4800,0.00158,0.04321,9.80065,-0.00386,0.00433,0.00413,1,28.6139058,77.2093016,215.49,30.1200,0.0000,0.0000,12.0000,0.0000,0.0000,0
4.5000,0.01977,0.13498,9.75330,0.00482,0.01230,0.00873,1,28.6138771,77.2093165,215.92,30.3600,0.0000,0.0000,12.0000,0.0000,0.0000,0
4.5200,-0.03427,-0.18214,9.90597,-0.00003,-0.00602,0.01233,1,28.6138963,77.2093179,215.83,30.6000,0.0000,0.0000,12.0000,0.0000,0.0000,0
4.5400,-0.01651,0.12644,9.94604,0.00502,-0.01202,0.01563,1,28.6139091,77.2093096,215.87,30.8400,0.0000,0.0000,12.0000,0.0000,0.0000,0
4.5600,0.03107,-0.00433,9.82793,0.00863,0.00024,-0.00784,1,28.6139090,77.2092968,216.82,31.0800,0.0000,0.0000,12.0000,0.0000,0.0000,0
4.5800,0.15782,0.00670,9.91618,0.00342,-0.00067,0.01679,1,28.6139179,77.2093049,216.70,31.3200,0.0000,0.0000,12.0000,0.0000,0.0000,0
4.6000,0.02396,-0.22228,9.76072,0.00068,-0.01702,0.00575,1,28.6139030,77.2093311,215.86,31.5600,0.0000,0.0000,12.0000,0.0000,0.0000,0
4.6200,0.23236,-0.19342,9.76569,-0.00533,-0.00838,0.01682,1,28.6138997,77.2093196,216.13,31.8000,0.0000,0.0000,12.0000,0.0000,0.0000,0
4.6400,-0.06122,0.11213,9.60563,0.01690,0.00182,0.00354,1,28.6138950,77.2093250,215.76,32.0400,0.0000,0.0000,12.0000,0.0000,0.0000,0
4.6600,0.10108,-0.26184,9.92141,-0.00059,-0.00463,0.00107,1,28.6139100,77.2093234,216.40,32.2800,0.0000,0.0000,12.0000,0.0000,0.0000,0
4.6800,0.02339,0.14180,9.93493,0.00721,-0.00307,0.00911,1,28.6138943,77.2093297,215.88,32.5200,0.0000,0.0000,12.0000,0.0000,0.0000,0
4.7000,-0.06404,0.05130,9.84534,0.01209,0.00794,-0.00182,1,28.6139137,77.2093216,216.38,32.7600,0.0000,0.0000,12.0000,0.0000,0.0000,0
4.7200,0.31966,0.11394,10.04292,0.00222,-0.00474,0.00332,1,28.6138935,77.2093465,215.78,33.0000,0.0000,0.0000,12.0000,0.0000,0.0000,0
4.7400,-0.04663,0.05961,9.91533,-0.00529,0.00360,0.01237,1,28.6139074,77.2093383,216.68,33.2400,0.0000,0.0000,12.0000,0.0000,0.0000,0
4.7600,0.21025,0.00715,9.79080,-0.00543,-0.00995,-0.00808,1,28.6138893,77.2093558,216.52,33.4800,0.0000,0.0000,12.0000,0.0000,0.0000,0
4.7800,-0.04236,0.02762,9.71287,-0.02164,-0.01298,0.01397,1,28.6139139,77.2093608,216.01,33.7200,0.0000,0.0000,12.0000,0.0000,0.0000,0
4.8000,0.05736,-0.09823,9.63127,0.01351,-0.00415,0.00732,1,28.6138893,77.2093382,215.79,33.9600,0.0000,0.0000,12.0000,0.0000,0.0000,0
4.8200,0.19622,0.20755,9.77431,-0.00275,-0.00560,0.00908,1,28.6139045,77.2093554,215.85,34.2000,0.0000,0.0000,12.0000,0.0000,0.0000,0
4.8400,0.01654,-0.18067,10.00387,0.00109,0.01540,0.00573,1,28.6139053,77.2093592,216.00,34.4400,0.0000,0.0000,12.0000,0.0000,0.0000,0
4.8600,0.24064,0.10374,10.03501,-0.00380,-0.00983,0.00868,1,28.6139093,77.2093356,216.23,34.6800,0.0000,0.0000,12.0000,0.0000,0.0000,0
4.8800,0.02662,-0.10327,9.87161,-0.00888,-0.01442,-0.00914,1,28.6139020,77.2093558,215.94,34.9200,0.0000,0.0000,12.0000,0.0000,0.0000,0
4.9000,0.16289,0.09709,9.92611,-0.01608,-0.00453,0.00370,1,28.6138942,77.2093449,215.92,35.1600,0.0000,0.0000,12.0000,0.0000,0.0000,0
4.9200,0.08792,-0.13904,9.81036,0.01565,0.00060,0.00951,1,28.6138926,77.2093608,215.75,35.4000,0.0000,0.0000,12.0000,0.0000,0.0000,0
4.9400,0.15775,-0.05470,9.82640,-0.00448,0.00402,-0.00598,1,28.6139019,77.2093578,215.78,35.6400,0.0000,0.0000,12.0000,0.0000,0.0000,0
4.9600,-0.01588,0.07178,9.68758,0.00182,-0.00798,-0.00357,1,28.6138938,77.2093577,216.30,35.8800,0.0000,0.0000,12.0000,0.0000,0.0000,0
4.9800,0.05589,-0.22989,9.80033,-0.00720,0.00270,-0.00445,1,28.6139029,77.2093807,216.00,36.1200,0.0000,0.0000,12.0000,0.0000,0.0000,0
5.0000,-0.00530,0.04003,9.96266,0.00464,-0.00469,0.00899,0,,,,36.3600,0.0000,0.0000,12.0000,0.0000,0.0000,0
5.0200,-0.17275,-0.14502,10.09860,0.00306,-0.00246,0.00939,0,,,,36.6000,0.0000,0.0000,12.0000,0.0000,0.0000,0
5.0400,0.19379,-0.10232,9.84183,0.00368,-0.00872,0.01550,0,,,,36.8400,0.0000,0.0000,12.0000,0.0000,0.0000,0
5.0600,-0.09379,-0.23586,9.84767,-0.02000,-0.00487,0.00349,0,,,,37.0800,0.0000,0.0000,12.0000,0.0000,0.0000,0
5.0800,0.12581,0.06385,9.96757,0.00064,-0.02008,0.00994,0,,,,37.3200,0.0000,0.0000,12.0000,0.0000,0.0000,0
5.1000,-0.02970,0.03183,9.86463,-0.00732,0.01307,-0.00268,0,,,,37.5600,0.0000,0.0000,12.0000,0.0000,0.0000,0
5.1200,0.19240,-0.24148,9.66435,0.01413,-0.00509,0.01172,0,,,,37.8000,0.0000,0.0000,12.0000,0.0000,0.0000,0
5.1400,0.00115,0.06676,9.86444,0.00011,-0.01725,-0.00143,0,,,,38.0400,0.0000,0.0000,12.0000,0.0000,0.0000,0
5.1600,0.09914,-0.11741,9.70144,-0.00379,-0.00765,0.00208,0,,,,38.2800,0.0000,0.0000,12.0000,0.0000,0.0000,0
5.1800,-0.04023,0.03596,9.85617,0.00817,0.00347,0.00383,0,,,,38.5200,0.0000,0.0000,12.0000,0.0000,0.0000,0
5.2000,-0.06190,-0.11589,9.90545,-0.00717,-0.01052,-0.00008,0,,,,38.7600,0.0000,0.0000,12.0000,0.0000,0.0000,0
5.2200,0.04824,0.04726,10.02361,-0.01070,-0.00280,0.00324,0,,,,39.0000,0.0000,0.0000,12.0000,0.0000,0.0000,0
5.2400,-0.05055,-0.05352,9.78454,-0.00810,-0.00276,0.01323,0,,,,39.2400,0.0000,0.0000,12.0000,0.0000,0.0000,0
5.2600,-0.01926,-0.02483,9.90764,0.00078,0.00140,-0.00062,0,,,,39.4800,0.0000,0.0000,12.0000,0.0000,0.0000,0
5.2800,-0.07087,-0.09537,9.56052,0.00954,-0.01088,0.00136,0,,,,39.7200,0.0000,0.0000,12.0000,0.0000,0.0000,0
5.3000,-0.00038,-0.23988,9.72862,-0.00384,0.00002,0.00862,0,,,,39.9600,0.0000,0.0000,12.0000,0.0000,0.0000,0
5.3200,0.03583,0.10532,9.92506,-0.00654,-0.00344,0.01406,0,,,,40.2000,0.0000,0.0000,12.0000,0.0000,0.0000,0
5.3400,0.12612,-0.26279,9.86150,0.01286,0.00106,0.00656,0,,,,40.4400,0.0000,0.0000,12.0000,0.0000,0.0000,0
5.3600,0.08040,0.04445,9.98103,-0.00002,-0.00334,0.00563,0,,,,40.6800,0.0000,0.0000,12.0000,0.0000,0.0000,0
5.3800,-0.10671,-0.06392,10.20766,-0.01222,-0.00041,-0.00108,0,,,,40.9200,0.0000,0.0000,12.0000,0.0000,0.0000,0
5.4000,0.20032,0.01081,9.98813,0.01140,-0.00146,0.01406,0,,,,41.1600,0.0000,0.0000,12.0000,0.0000,0.0000,0
5.4200,-0.26731,0.10477,9.87161,0.01062,-0.01276,-0.00165,0,,,,41.4000,0.0000,0.0000,12.0000,0.0000,0.0000,0
5.4400,0.16025,-0.08246,9.78683,0.01068,-0.01712,0.01279,0,,,,41.6400,0.0000,0.0000,12.0000,0.0000,0.0000,0
5.4600,-0.04148,0.04117,9.61920,0.00602,-0.02231,0.01019,0,,,,41.8800,0.0000,0.0000,12.0000,0.0000,0.0000,0
5.4800,-0.03519,-0.13730,9.76497,0.01136,-0.00443,-0.00055,0,,,,42.1200,0.0000,0.0000,12.0000,0.0000,0.0000,0
5.5000,-0.00053,0.19183,9.89955,-0.00109,-0.00489,-0.00754,0,,,,42.3600,0.0000,0.0000,12.0000,0.0000,0.0000,0
5.5200,0.02690,-0.28236,9.99894,0.00303,0.01610,-0.00380,0,,,,42.6000,0.0000,0.0000,12.0000,0.0000,0.0000,0
5.5400,0.11393,0.20134,10.07172,-0.00357,-0.00121,0.00502,0,,,,42.8400,0.0000,0.0000,12.0000,0.0000,0.0000,0
5.5600,-0.04602,-0.13699,9.94197,-0.01078,-0.00192,0.00860,0,,,,43.0800,0.0000,0.0000,12.0000,0.0000,0.0000,0
5.5800,0.14157,-0.15167,9.95077,0.00492,-0.00881,0.00276,0,,,,43.3200,0.0000,0.0000,12.0000,0.0000,0.0000,0
5.6000,-0.19418,-0.07495,9.74309,0.01183,-0.00812,0.01012,0,,,,43.5600,0.0000,0.0000,12.0000,0.0000,0.0000,0
5.6200,0.08940,-0.08666,9.72746,0.00898,-0.00728,-0.00758,0,,,,43.8000,0.0000,0.0000,12.0000,0.0000,0.0000,0
5.6400,-0.12837,0.03261,9.65541,0.00528,-0.00673,0.02400,0,,,,44.0400,0.0000,0.0000,12.0000,0.0000,0.0000,0
5.6600,-0.08398,-0.13276,9.73657,-0.00195,-0.00187,-0.01360,0,,,,44.2800,0.0000,0.0000,12.0000,0.0000,0.0000,0
5.6800,0.08879,0.23846,9.87819,0.00408,0.00520,0.00369,0,,,,44.5200,0.0000,0.0000,12.0000,0.0000,0.0000,0
5.7000,-0.07701,-0.30914,10.02206,0.00109,-0.01110,0.00601,0,,,,44.7600,0.0000,0.0000,12.0000,0.0000,0.0000,0
5.7200,0.09462,-0.00797,10.01373,-0.00871,0.00538,-0.00618,0,,,,45.0000,0.0000,0.0000,12.0000,0.0000,0.0000,0
5.7400,-0.13089,0.10135,9.99101,0.00278,-0.01052,0.00077,0,,,,45.2400,0.0000,0.0000,12.0000,0.0000,0.0000,0
5.7600,0.16374,-0.04948,9.80521,0.00175,-0.00472,-0.00654,0,,,,45.4800,0.0000,0.0000,12.0000,0.0000,0.0000,0
5.7800,-0.10264,0.10747,9.63860,0.00048,-0.00956,0.00589,0,,,,45.7200,0.0000,0.0000,12.0000,0.0000,0.0000,0
5.8000,0.07944,-0.00889,9.78305,-0.00849,0.00237,-0.00120,0,,,,45.9600,0.0000,0.0000,12.0000,0.0000,0.0000,0
5.8200,-0.03600,0.11134,9.75950,0.00914,-0.00920,0.00005,0,,,,46.2000,0.0000,0.0000,12.0000,0.0000,0.0000,0
5.8400,-0.02755,-0.19430,9.97443,0.00703,0.01068,0.02314,0,,,,46.4400,0.0000,0.0000,12.0000,0.0000,0.0000,0
5.8600,0.01535,0.08079,9.86387,-0.00422,-0.00804,-0.00346,0,,,,46.6800,0.0000,0.0000,12.0000,0.0000,0.0000,0
5.8800,-0.13661,-0.11803,9.87719,0.00874,-0.01034,0.02748,0,,,,46.9200,0.0000,0.0000,12.0000,0.0000,0.0000,0
5.9000,0.11802,0.01284,9.82356,0.01565,0.00596,0.00738,0,,,,47.1600,0.0000,0.0000,12.0000,0.0000,0.0000,0
5.9200,-0.18751,-0.00561,9.75190,0.01370,0.00347,0.00576,0,,,,47.4000,0.0000,0.0000,12.0000,0.0000,0.0000,0
5.9400,-0.04633,-0.15977,9.81921,0.01170,0.00587,-0.00774,0,,,,47.6400,0.0000,0.0000,12.0000,0.0000,0.0000,0
5.9600,-0.01802,0.13872,9.60422,0.00194,-0.00081,0.00259,0,,,,47.8800,0.0000,0.0000,12.0000,0.0000,0.0000,0
5.9800,-0.06400,-0.16763,9.74832,0.00082,-0.00751,0.00146,0,,,,48.1200,0.0000,0.0000,12.0000,0.0000,0.0000,0
6.0000,0.03682,0.12540,9.83230,-0.00128,-0.00226,-0.01037,0,,,,48.3600,0.0000,0.0000,12.0000,0.0000,0.0000,0
6.0200,0.03399,-0.14162,9.94197,0.00969,-0.01862,-0.01079,0,,,,48.6000,0.0000,0.0000,12.0000,0.0000,0.0000,0
6.0400,0.14405,0.05691,9.99003,-0.00170,0.00231,0.01246,0,,,,48.8400,0.0000,0.0000,12.0000,0.0000,0.0000,0
6.0600,-0.02986,-0.10196,9.78050,0.00815,0.00677,0.01016,0,,,,49.0800,0.0000,0.0000,12.0000,0.0000,0.0000,0
6.0800,0.08939,0.03144,9.94053,0.01447,-0.01001,0.00319,0,,,,49.3200,0.0000,0.0000,12.0000,0.0000,0.0000,0
6.1000,-0.01435,0.01167,9.69673,0.00532,0.00163,0.00570,0,,,,49.5600,0.0000,0.0000,12.0000,0.0000,0.0000,0
6.1200,0.15003,-0.12719,9.85704,-0.00521,-0.00770,0.00509,0,,,,49.8000,0.0000,0.0000,12.0000,0.0000,0.0000,0
6.1400,0.05251,-0.04463,9.65051,-0.01430,-0.00274,-0.00395,0,,,,50.0400,0.0000,0.0000,12.0000,0.0000,0.0000,0
6.1600,0.02428,-0.09614,9.77548,0.00385,-0.00539,0.01038,0,,,,50.2800,0.0000,0.0000,12.0000,0.0000,0.0000,0
6.1800,0.10785,0.03088,9.90097,0.01035,0.00015,-0.00618,0,,,,50.5200,0.0000,0.0000,12.0000,0.0000,0.0000,0
6.2000,0.02192,-0.21385,10.08378,0.01019,-0.00068,0.00626,0,,,,50.7600,0.0000,0.0000,12.0000,0.0000,0.0000,0
6.2200,0.12460,0.08858,9.93557,0.00388,0.00398,0.00051,0,,,,51.0000,0.0000,0.0000,12.0000,0.0000,0.0000,0
6.2400,-0.12717,-0.14803,9.81567,-0.01263,0.00284,0.01947,0,,,,51.2400,0.0000,0.0000,12.0000,0.0000,0.0000,0
6.2600,0.27190,-0.18257,9.87046,0.01338,-0.00665,0.00581,0,,,,51.4800,0.0000,0.0000,12.0000,0.0000,0.0000,0
6.2800,-0.22195,0.05564,9.66299,0.00360,-0.01549,0.00934,0,,,,51.7200,0.0000,0.0000,12.0000,0.0000,0.0000,0
6.3000,0.19250,-0.18974,9.65157,-0.01525,-0.00513,0.00035,0,,,,51.9600,0.0000,0.0000,12.0000,0.0000,0.0000,0
6.3200,-0.11392,0.12247,9.76284,-0.00661,-0.00744,0.01357,0,,,,52.2000,0.0000,0.0000,12.0000,0.0000,0.0000,0
6.3400,0.07319,-0.15946,9.93602,-0.00729,-0.00274,0.00618,0,,,,52.4400,0.0000,0.0000,12.0000,0.0000,0.0000,0
6.3600,0.06022,0.10999,9.89553,0.00608,0.00141,-0.01834,0,,,,52.6800,0.0000,0.0000,12.0000,0.0000,0.0000,0
6.3800,0.04276,-0.35030,9.92524,0.01020,-0.00554,-0.00673,0,,,,52.9200,0.0000,0.0000,12.0000,0.0000,0.0000,0
6.4000,0.06663,0.08923,9.77346,0.01103,-0.00344,-0.00454,0,,,,53.1600,0.0000,0.0000,12.0000,0.0000,0.0000,0
6.4200,-0.12641,-0.10384,9.91091,0.00786,-0.01675,0.00177,0,,,,53.4000,0.0000,0.0000,12.0000,0.0000,0.0000,0
6.4400,0.07952,0.02239,9.65618,0.01483,-0.00327,-0.00430,0,,,,53.6400,0.0000,0.0000,12.0000,0.0000,0.0000,0
6.4600,-0.09633,-0.00665,9.63492,0.00276,-0.01282,-0.01244,0,,,,53.8800,0.0000,0.0000,12.0000,0.0000,0.0000,0
6.4800,0.05380,-0.28580,9.71433,-0.00527,-0.00997,0.02101,0,,,,54.1200,0.0000,0.0000,12.0000,0.0000,0.0000,0
6.5000,0.04451,0.10963,9.71454,-0.00323,-0.00128,-0.00320,0,,,,54.3600,0.0000,0.0000,12.0000,0.0000,0.0000,0
6.5200,0.06847,-0.23779,9.91589,-0.00269,-0.00169,-0.00012,0,,,,54.6000,0.0000,0.0000,12.0000,0.0000,0.0000,0
6.5400,0.10047,0.03859,9.91766,0.00588,-0.00109,0.00429,0,,,,54.8400,0.0000,0.0000,12.0000,0.0000,0.0000,0
6.5600,-0.10302,-0.01737,9.93024,-0.00045,-0.00216,0.01857,0,,,,55.0800,0.0000,0.0000,12.0000,0.0000,0.0000,0
6.5800,0.05253,0.03912,9.72024,0.00374,0.00960,0.00891,0,,,,55.3200,0.0000,0.0000,12.0000,0.0000,0.0000,0
6.6000,-0.06048,-0.03775,9.78860,-0.00002,-0.00929,0.00268,0,,,,55.5600,0.0000,0.0000,12.0000,0.0000,0.0000,0
6.6200,0.14833,-0.16787,9.67427,-0.00888,0.00013,0.00936,0,,,,55.8000,0.0000,0.0000,12.0000,0.0000,0.0000,0
6.6400,0.00072,0.15237,9.76236,0.00514,-0.00057,0.00427,0,,,,56.0400,0.0000,0.0000,12.0000,0.0000,0.0000,0
6.6600,0.01257,0.02808,9.79065,-0.00333,0.00047,0.00701,0,,,,56.2800,0.0000,0.0000,12.0000,0.0000,0.0000,0
6.6800,-0.04254,0.17604,9.90692,-0.00689,0.00651,0.01001,0,,,,56.5200,0.0000,0.0000,12.0000,0.0000,0.0000,0
6.7000,-0.13170,0.01509,10.02348,0.00192,0.00972,0.00627,0,,,,56.7600,0.0000,0.0000,12.0000,0.0000,0.0000,0
6.7200,0.13907,-0.01852,10.01178,0.00581,-0.00288,-0.00132,0,,,,57.0000,0.0000,0.0000,12.0000,0.0000,0.0000,0
6.7400,-0.06748,-0.05807,9.79415,-0.00977,0.00152,-0.01582,0,,,,57.2400,0.0000,0.0000,12.0000,0.0000,0.0000,0
6.7600,0.17431,-0.09073,9.91713,-0.00195,0.00228,0.00182,0,,,,57.4800,0.0000,0.0000,12.0000,0.0000,0.0000,0
6.7800,-0.05222,0.09325,9.71107,0.00997,-0.01095,0.00736,0,,,,57.7200,0.0000,0.0000,12.0000,0.0000,0.0000,0
6.8000,0.18435,-0.07428,9.89584,-0.00411,-0.01403,-0.00295,0,,,,57.9600,0.0000,0.0000,12.0000,0.0000,0.0000,0
6.8200,0.06299,0.12606,9.80702,-0.00698,0.00313,-0.00480,0,,,,58.2000,0.0000,0.0000,12.0000,0.0000,0.0000,0
6.8400,0.11768,0.07954,9.91581,0.00666,-0.00694,-0.00948,0,,,,58.4400,0.0000,0.0000,12.0000,0.0000,0.0000,0
6.8600,0.04959,-0.01227,9.84221,0.01578,-0.00082,0.00804,0,,,,58.6800,0.0000,0.0000,12.0000,0.0000,0.0000,0
6.8800,-0.07718,-0.12032,10.05169,0.00174,0.00125,0.00343,0,,,,58.9200,0.0000,0.0000,12.0000,0.0000,0.0000,0
6.9000,0.12675,-0.10547,9.76896,-0.00009,-0.00255,-0.00529,0,,,,59.1600,0.0000,0.0000,12.0000,0.0000,0.0000,0
6.9200,-0.08252,-0.01816,9.66913,-0.00532,0.00026,0.00810,0,,,,59.4000,0.0000,0.0000,12.0000,0.0000,0.0000,0
6.9400,0.05629,-0.06842,9.84598,0.00822,-0.00376,0.00126,0,,,,59.6400,0.0000,0.0000,12.0000,0.0000,0.0000,0
6.9600,-0.09249,0.09490,9.75250,0.00704,-0.00195,0.01155,0,,,,59.8800,0.0000,0.0000,12.0000,0.0000,0.0000,0
6.9800,0.09174,-0.07880,9.84417,-0.00444,-0.01747,0.01735,0,,,,60.1200,0.0000,0.0000,12.0000,0.0000,0.0000,0
7.0000,0.06053,-0.04716,9.79954,0.00817,-0.00524,0.00090,0,,,,60.3600,0.0000,0.0000,12.0000,0.0000,0.0000,0
7.0200,0.10790,-0.22536,9.87494,0.00369,0.00012,0.00897,0,,,,60.6000,0.0000,0.0000,12.0000,0.0000,0.0000,0
7.0400,0.19504,0.07336,10.01556,-0.00007,-0.00250,0.00586,0,,,,60.8400,0.0000,0.0000,12.0000,0.0000,0.0000,0
7.0600,-0.05137,-0.01929,9.99352,0.00235,-0.00947,0.00554,0,,,,61.0800,0.0000,0.0000,12.0000,0.0000,0.0000,0
7.0800,0.15752,-0.00701,10.04821,-0.00219,0.00038,0.01355,0,,,,61.3200,0.0000,0.0000,12.0000,0.0000,0.0000,0
7.1000,-0.06629,0.19411,9.75587,0.00459,-0.00939,0.00219,0,,,,61.5600,0.0000,0.0000,12.0000,0.0000,0.0000,0
7.1200,0.15238,-0.03879,9.76430,0.01207,-0.00376,0.00234,0,,,,61.8000,0.0000,0.0000,12.0000,0.0000,0.0000,0
7.1400,0.19851,0.10670,9.69777,-0.00355,-0.01054,0.01249,0,,,,62.0400,0.0000,0.0000,12.0000,0.0000,0.0000,0
7.1600,0.02589,-0.13886,9.82173,0.00785,-0.00977,-0.00360,0,,,,62.2800,0.0000,0.0000,12.0000,0.0000,0.0000,0
7.1800,0.08779,0.13431,9.94106,-0.00448,0.00242,-0.00095,0,,,,62.5200,0.0000,0.0000,12.0000,0.0000,0.0000,0
7.2000,-0.07226,-0.20260,10.07487,0.00707,0.00184,0.01498,0,,,,62.7600,0.0000,0.0000,12.0000,0.0000,0.0000,0
7.2200,0.36633,-0.10244,9.90616,-0.00293,-0.00981,-0.00362,0,,,,63.0000,0.0000,0.0000,12.0000,0.0000,0.0000,0
7.2400,-0.10185,-0.14981,9.92763,0.00241,0.00085,0.00906,0,,,,63.2400,0.0000,0.0000,12.0000,0.0000,0.0000,0
7.2600,0.20612,-0.08236,9.98217,0.00388,-0.01790,-0.00302,0,,,,63.4800,0.0000,0.0000,12.0000,0.0000,0.0000,0
7.2800,-0.20056,0.03569,9.73833,-0.00175,0.01309,0.00939,0,,,,63.7200,0.0000,0.0000,12.0000,0.0000,0.0000,0
7.3000,0.16862,-0.20157,9.66259,0.00229,-0.00162,-0.00985,0,,,,63.9600,0.0000,0.0000,12.0000,0.0000,0.0000,0
7.3200,-0.00427,0.08736,9.78163,-0.00451,-0.00732,0.00359,0,,,,64.2000,0.0000,0.0000,12.0000,0.0000,0.0000,0
7.3400,0.03222,-0.10067,9.97296,-0.00035,-0.00665,0.00850,0,,,,64.4400,0.0000,0.0000,12.0000,0.0000,0.0000,0
7.3600,0.14668,0.04042,10.02120,0.00984,0.00733,0.01923,0,,,,64.6800,0.0000,0.0000,12.0000,0.0000,0.0000,0
7.3800,-0.12177,-0.10538,9.97543,0.00122,-0.00819,-0.00688,0,,,,64.9200,0.0000,0.0000,12.0000,0.0000,0.0000,0
7.4000,0.16154,-0.05439,9.93406,-0.00435,-0.01180,0.00687,0,,,,65.1600,0.0000,0.0000,12.0000,0.0000,0.0000,0
7.4200,-0.06769,0.02388,10.01648,0.00422,0.00088,-0.00362,0,,,,65.4000,0.0000,0.0000,12.0000,0.0000,0.0000,0
7.4400,0.04563,0.04553,9.69031,-0.00635,-0.00331,0.00428,0,,,,65.6400,0.0000,0.0000,12.0000,0.0000,0.0000,0
7.4600,-0.11435,0.03308,9.83524,-0.00445,-0.01415,0.01254,0,,,,65.8800,0.0000,0.0000,12.0000,0.0000,0.0000,0
7.4800,0.12356,-0.19121,9.64793,-0.00396,-0.00344,0.01433,0,,,,66.1200,0.0000,0.0000,12.0000,0.0000,0.0000,0
7.5000,-0.04293,0.08324,9.91066,-0.01705,0.00527,-0.00446,0,,,,66.3600,0.0000,0.0000,12.0000,0.0000,0.0000,0
7.5200,0.02238,-0.12184,10.02556,0.00641,-0.02202,-0.00128,0,,,,66.6000,0.0000,0.0000,12.0000,0.0000,0.0000,0
7.5400,0.13320,0.04188,10.01462,0.00831,0.00187,0.00329,0,,,,66.8400,0.0000,0.0000,12.0000,0.0000,0.0000,0
7.5600,-0.21629,-0.11753,9.98242,-0.00672,0.00205,0.01227,0,,,,67.0800,0.0000,0.0000,12.0000,0.0000,0.0000,0
7.5800,0.16991,-0.26757,9.76944,0.01709,-0.00737,-0.01087,0,,,,67.3200,0.0000,0.0000,12.0000,0.0000,0.0000,0
7.6000,0.02469,0.00815,9.87451,0.00422,0.00067,0.00790,0,,,,67.5600,0.0000,0.0000,12.0000,0.0000,0.0000,0
7.6200,0.18826,0.07570,9.81646,-0.01064,0.00057,0.01413,0,,,,67.8000,0.0000,0.0000,12.0000,0.0000,0.0000,0
7.6400,0.07841,0.04103,9.84853,0.00942,0.01758,-0.00100,0,,,,68.0400,0.0000,0.0000,12.0000,0.0000,0.0000,0
7.6600,0.01445,-0.17354,9.78759,-0.00512,-0.02510,0.00152,0,,,,68.2800,0.0000,0.0000,12.0000,0.0000,0.0000,0
7.6800,0.09939,0.04677,10.06929,0.00211,0.00733,0.00709,0,,,,68.5200,0.0000,0.0000,12.0000,0.0000,0.0000,0
7.7000,0.03558,-0.10474,10.08028,0.00245,0.00097,0.00793,0,,,,68.7600,0.0000,0.0000,12.0000,0.0000,0.0000,0
7.7200,0.11826,0.06670,10.14398,-0.00016,0.00036,0.01506,0,,,,69.0000,0.0000,0.0000,12.0000,0.0000,0.0000,0
7.7400,0.01335,-0.05155,9.71015,0.00613,-0.02076,0.01676,0,,,,69.2400,0.0000,0.0000,12.0000,0.0000,0.0000,0
7.7600,0.17143,0.02749,9.74031,-0.01042,-0.00091,0.00473,0,,,,69.4800,0.0000,0.0000,12.0000,0.0000,0.0000,0
7.7800,-0.10064,0.04107,9.96947,0.00868,0.00540,0.01175,0,,,,69.7200,0.0000,0.0000,12.0000,0.0000,0.0000,0
7.8000,0.22889,-0.14229,9.57814,0.00049,0.00349,-0.00276,0,,,,69.9600,0.0000,0.0000,12.0000,0.0000,0.0000,0
7.8200,-0.00395,0.03089,9.91900,0.00800,0.00221,0.00997,0,,,,70.2000,0.0000,0.0000,12.0000,0.0000,0.0000,0
7.8400,0.02198,-0.13325,9.79168,-0.01549,-0.00180,0.00759,0,,,,70.4400,0.0000,0.0000,12.0000,0.0000,0.0000,0
7.8600,0.19455,0.20086,10.08357,-0.00598,-0.00582,0.00884,0,,,,70.6800,0.0000,0.0000,12.0000,0.0000,0.0000,0
7.8800,0.15009,0.01192,10.06408,-0.00110,-0.01007,0.01131,0,,,,70.9200,0.0000,0.0000,12.0000,0.0000,0.0000,0
7.9000,0.06607,-0.01199,9.91800,0.01474,-0.00584,-0.01451,0,,,,71.1600,0.0000,0.0000,12.0000,0.0000,0.0000,0
7.9200,-0.03941,-0.07839,9.84502,0.00131,-0.00519,0.01132,0,,,,71.4000,0.0000,0.0000,12.0000,0.0000,0.0000,0
7.9400,0.02595,-0.12245,9.81891,-0.00291,-0.01587,0.01035,0,,,,71.6400,0.0000,0.0000,12.0000,0.0000,0.0000,0
7.9600,0.04770,0.05388,9.58002,0.00765,-0.01628,0.00747,0,,,,71.8800,0.0000,0.0000,12.0000,0.0000,0.0000,0
7.9800,0.01318,-0.23436,9.73915,0.00053,-0.00815,0.00971,0,,,,72.1200,0.0000,0.0000,12.0000,0.0000,0.0000,0
8.0000,0.00431,0.16842,9.87914,-0.00358,-0.00993,-0.00818,0,,,,72.3600,0.0000,0.0000,12.0000,0.0000,0.0000,0
8.0200,0.01908,-0.16994,9.74902,-0.00229,-0.01021,0.01761,0,,,,72.6000,0.0000,0.0000,12.0000,0.0000,0.0000,0
8.0400,-0.01408,-0.05783,10.06521,0.01285,-0.00896,-0.00006,0,,,,72.8400,0.0000,0.0000,12.0000,0.0000,0.0000,0
8.0600,-0.01928,-0.26726,9.80022,-0.00025,0.00940,0.00151,0,,,,73.0800,0.0000,0.0000,12.0000,0.0000,0.0000,0
8.0800,0.16784,0.06824,10.04024,-0.00261,-0.00313,0.01958,0,,,,73.3200,0.0000,0.0000,12.0000,0.0000,0.0000,0
8.1000,-0.19590,0.08929,9.70465,0.00282,-0.00494,-0.00266,0,,,,73.5600,0.0000,0.0000,12.0000,0.0000,0.0000,0
8.1200,0.05381,-0.08438,9.81842,0.00096,-0.00244,0.00957,0,,,,73.8000,0.0000,0.0000,12.0000,0.0000,0.0000,0
8.1400,-0.09554,0.13433,9.82088,0.02283,-0.00601,0.00134,0,,,,74.0400,0.0000,0.0000,12.0000,0.0000,0.0000,0
8.1600,0.11656,-0.08353,9.78400,-0.00123,0.00133,-0.00162,0,,,,74.2800,0.0000,0.0000,12.0000,0.0000,0.0000,0
8.1800,0.03700,0.09340,9.99414,-0.00284,-0.01774,-0.01033,0,,,,74.5200,0.0000,0.0000,12.0000,0.0000,0.0000,0
8.2000,-0.13129,-0.23214,9.95841,-0.00751,-0.00862,-0.00119,0,,,,74.7600,0.0000,0.0000,12.0000,0.0000,0.0000,0
8.2200,0.10608,0.14010,10.01819,0.00213,-0.00669,0.00153,0,,,,75.0000,0.0000,0.0000,12.0000,0.0000,0.0000,0
8.2400,-0.05165,-0.00575,9.82822,0.00229,-0.01925,0.00669,0,,,,75.2400,0.0000,0.0000,12.0000,0.0000,0.0000,0
8.2600,0.21885,-0.07489,9.95780,-0.00505,-0.00126,0.00471,0,,,,75.4800,0.0000,0.0000,12.0000,0.0000,0.0000,0
8.2800,-0.06934,0.02515,9.75664,0.00878,0.00802,0.00498,0,,,,75.7200,0.0000,0.0000,12.0000,0.0000,0.0000,0
8.3000,0.17576,-0.18322,9.80380,-0.00410,0.00573,0.02269,0,,,,75.9600,0.0000,0.0000,12.0000,0.0000,0.0000,0
8.3200,0.00039,-0.08917,9.75499,0.01186,0.00142,0.00699,0,,,,76.2000,0.0000,0.0000,12.0000,0.0000,0.0000,0
8.3400,0.10565,-0.11030,9.98391,0.00936,0.00917,0.00787,0,,,,76.4400,0.0000,0.0000,12.0000,0.0000,0.0000,0
8.3600,0.17023,0.05059,9.90985,0.01565,-0.00127,0.01144,0,,,,76.6800,0.0000,0.0000,12.0000,0.0000,0.0000,0
8.3800,-0.04256,-0.15341,9.97540,0.01349,0.00144,-0.00869,0,,,,76.9200,0.0000,0.0000,12.0000,0.0000,0.0000,0
8.4000,0.13691,0.14967,9.91008,-0.01240,0.01214,0.01046,0,,,,77.1600,0.0000,0.0000,12.0000,0.0000,0.0000,0
8.4200,-0.08536,-0.05218,9.92820,-0.00234,0.00619,0.00934,0,,,,77.4000,0.0000,0.0000,12.0000,0.0000,0.0000,0
8.4400,0.16815,-0.06945,9.75019,0.01037,-0.00992,-0.00798,0,,,,77.6400,0.0000,0.0000,12.0000,0.0000,0.0000,0
8.4600,0.00701,0.10798,9.77531,0.00526,-0.00556,0.01130,0,,,,77.8800,0.0000,0.0000,12.0000,0.0000,0.0000,0
8.4800,0.08053,-0.18054,9.74955,0.01817,-0.01688,0.00900,0,,,,78.1200,0.0000,0.0000,12.0000,0.0000,0.0000,0
8.5000,-0.09433,0.08134,9.82196,-0.01468,0.00011,0.00196,0,,,,78.3600,0.0000,0.0000,12.0000,0.0000,0.0000,0
8.5200,-0.17211,-0.07441,10.05360,0.01392,-0.00013,0.00537,0,,,,78.6000,0.0000,0.0000,12.0000,0.0000,0.0000,0
8.5400,0.22840,0.19207,10.06710,-0.00553,-0.00139,0.00852,0,,,,78.8400,0.0000,0.0000,12.0000,0.0000,0.0000,0
8.5600,-0.21335,-0.04354,10.13095,0.00712,0.00879,0.00646,0,,,,79.0800,0.0000,0.0000,12.0000,0.0000,0.0000,0
8.5800,0.15391,0.00804,9.80642,-0.00571,0.00713,0.01598,0,,,,79.3200,0.0000,0.0000,12.0000,0.0000,0.0000,0
8.6000,-0.15342,0.08452,9.77916,0.00472,0.00068,0.01295,0,,,,79.5600,0.0000,0.0000,12.0000,0.0000,0.0000,0
8.6200,0.13908,0.00632,9.76353,0.00699,-0.00967,0.02227,0,,,,79.8000,0.0000,0.0000,12.0000,0.0000,0.0000,0
8.6400,0.01978,0.13220,9.62668,-0.00458,0.00690,0.00730,0,,,,80.0400,0.0000,0.0000,12.0000,0.0000,0.0000,0
8.6600,-0.09806,-0.06599,9.78330,0.01329,-0.00370,0.00664,0,,,,80.2800,0.0000,0.0000,12.0000,0.0000,0.0000,0
8.6800,0.16416,0.01443,9.83503,0.00043,0.00362,-0.00565,0,,,,80.5200,0.0000,0.0000,12.0000,0.0000,0.0000,0
8.7000,-0.16398,-0.06118,9.92254,-0.00114,-0.01785,-0.00043,0,,,,80.7600,0.0000,0.0000,12.0000,0.0000,0.0000,0
8.7200,0.14071,0.10873,9.90353,0.01526,-0.00848,-0.00046,0,,,,81.0000,0.0000,0.0000,12.0000,0.0000,0.0000,0
8.7400,0.04511,-0.03557,9.85666,0.00076,0.00782,0.01673,0,,,,81.2400,0.0000,0.0000,12.0000,0.0000,0.0000,0
8.7600,0.09253,-0.05588,9.81969,-0.00589,-0.00345,0.00504,0,,,,81.4800,0.0000,0.0000,12.0000,0.0000,0.0000,0
8.7800,0.02990,0.13089,9.72173,0.00029,0.00231,0.00032,0,,,,81.7200,0.0000,0.0000,12.0000,0.0000,0.0000,0
8.8000,0.15763,-0.13411,9.66497,-0.00565,0.00858,0.00375,0,,,,81.9600,0.0000,0.0000,12.0000,0.0000,0.0000,0
8.8200,0.14139,0.04514,9.82214,0.02114,-0.01146,-0.01018,0,,,,82.2000,0.0000,0.0000,12.0000,0.0000,0.0000,0
8.8400,0.12789,-0.21520,9.88484,-0.00269,-0.00085,-0.00260,0,,,,82.4400,0.0000,0.0000,12.0000,0.0000,0.0000,0
8.8600,0.08342,0.11114,9.87730,-0.00360,-0.00578,-0.00643,0,,,,82.6800,0.0000,0.0000,12.0000,0.0000,0.0000,0
8.8800,-0.08627,-0.09699,9.94256,-0.00017,-0.00316,-0.00025,0,,,,82.9200,0.0000,0.0000,12.0000,0.0000,0.0000,0
8.9000,0.20941,0.12196,9.89003,0.00588,-0.00492,0.00792,0,,,,83.1600,0.0000,0.0000,12.0000,0.0000,0.0000,0
8.9200,0.04550,0.01823,9.69974,0.00563,0.00686,0.00323,0,,,,83.4000,0.0000,0.0000,12.0000,0.0000,0.0000,0
8.9400,0.22823,-0.13630,9.64535,0.00313,-0.01705,0.00308,0,,,,83.6400,0.0000,0.0000,12.0000,0.0000,0.0000,0
8.9600,0.06080,-0.09530,9.63453,-0.00626,-0.00351,0.00207,0,,,,83.8800,0.0000,0.0000,12.0000,0.0000,0.0000,0
8.9800,0.19611,-0.06523,9.81413,0.00317,0.00015,-0.00190,0,,,,84.1200,0.0000,0.0000,12.0000,0.0000,0.0000,0
9.0000,0.10858,0.00104,9.92348,0.01149,-0.00131,0.00359,0,,,,84.3600,0.0000,0.0000,12.0000,0.0000,0.0000,0
9.0200,0.02785,-0.37049,9.96298,0.00109,-0.00341,0.01065,0,,,,84.6000,0.0000,0.0000,12.0000,0.0000,0.0000,0
9.0400,0.11616,-0.03374,9.96510,0.00254,-0.00208,0.00630,0,,,,84.8400,0.0000,0.0000,12.0000,0.0000,0.0000,0
9.0600,0.01457,-0.16798,9.96317,0.01232,-0.01688,0.00644,0,,,,85.0800,0.0000,0.0000,12.0000,0.0000,0.0000,0
9.0800,0.11293,-0.05212,9.79931,0.00064,0.01173,-0.00512,0,,,,85.3200,0.0000,0.0000,12.0000,0.0000,0.0000,0
9.1000,-0.16770,-0.09707,9.92431,-0.00170,-0.00321,0.00178,0,,,,85.5600,0.0000,0.0000,12.0000,0.0000,0.0000,0
9.1200,0.05691,-0.12530,9.93544,0.01314,-0.00982,0.01018,0,,,,85.8000,0.0000,0.0000,12.0000,0.0000,0.0000,0
9.1400,-0.08433,-0.06695,9.83689,0.01128,0.00537,0.00124,0,,,,86.0400,0.0000,0.0000,12.0000,0.0000,0.0000,0
9.1600,0.04170,-0.08907,9.85813,-0.00115,-0.01595,0.00591,0,,,,86.2800,0.0000,0.0000,12.0000,0.0000,0.0000,0
9.1800,0.15616,-0.00958,9.96556,0.00465,0.00300,0.01198,0,,,,86.5200,0.0000,0.0000,12.0000,0.0000,0.0000,0
9.2000,-0.08609,-0.25644,9.92810,0.00911,-0.00734,-0.00055,0,,,,86.7600,0.0000,0.0000,12.0000,0.0000,0.0000,0
9.2200,-0.00439,0.17451,10.03129,0.00816,0.00474,0.00961,0,,,,87.0000,0.0000,0.0000,12.0000,0.0000,0.0000,0
9.2400,-0.09742,-0.06559,9.86662,0.02308,0.00145,0.00129,0,,,,87.2400,0.0000,0.0000,12.0000,0.0000,0.0000,0
9.2600,0.19511,-0.13336,9.93284,-0.00329,0.00101,0.01353,0,,,,87.4800,0.0000,0.0000,12.0000,0.0000,0.0000,0
9.2800,-0.03054,0.04186,9.74893,0.00155,-0.00761,0.00140,0,,,,87.7200,0.0000,0.0000,12.0000,0.0000,0.0000,0
9.3000,0.22890,-0.13576,9.67966,-0.00213,0.00580,0.01040,0,,,,87.9600,0.0000,0.0000,12.0000,0.0000,0.0000,0
9.3200,0.05498,0.06563,9.84471,-0.00315,-0.00508,0.01276,0,,,,88.2000,0.0000,0.0000,12.0000,0.0000,0.0000,0
9.3400,0.09490,-0.22761,9.81805,0.00287,0.01081,-0.01032,0,,,,88.4400,0.0000,0.0000,12.0000,0.0000,0.0000,0
9.3600,0.12008,-0.03493,9.90722,-0.00092,-0.00636,0.00073,0,,,,88.6800,0.0000,0.0000,12.0000,0.0000,0.0000,0
9.3800,-0.05189,-0.14931,9.85753,0.00824,0.00302,0.01175,0,,,,88.9200,0.0000,0.0000,12.0000,0.0000,0.0000,0
9.4000,0.03087,0.03100,9.98126,-0.00625,-0.00293,0.00407,0,,,,89.1600,0.0000,0.0000,12.0000,0.0000,0.0000,0
9.4200,0.06761,0.13149,9.70846,0.02195,-0.01032,0.01285,0,,,,89.4000,0.0000,0.0000,12.0000,0.0000,0.0000,0
9.4400,0.22622,-0.16075,9.80365,0.00114,0.00143,0.00685,0,,,,89.6400,0.0000,0.0000,12.0000,0.0000,0.0000,0
9.4600,0.05356,0.06351,9.72346,0.01077,0.00164,0.01085,0,,,,89.8800,0.0000,0.0000,12.0000,0.0000,0.0000,0
9.4800,0.03101,-0.22519,9.72909,-0.00297,0.00329,0.01281,0,,,,90.1200,0.0000,0.0000,12.0000,0.0000,0.0000,0
9.5000,0.02759,0.20447,9.96613,0.00395,-0.00958,0.01760,0,,,,90.3600,0.0000,0.0000,12.0000,0.0000,0.0000,0
9.5200,-0.00906,-0.13148,9.91163,-0.00512,-0.01475,0.01006,0,,,,90.6000,0.0000,0.0000,12.0000,0.0000,0.0000,0
9.5400,0.05947,0.30224,9.88953,-0.00806,0.00108,0.01723,0,,,,90.8400,0.0000,0.0000,12.0000,0.0000,0.0000,0
9.5600,-0.06341,-0.03531,9.80163,-0.00342,-0.01159,-0.01016,0,,,,91.0800,0.0000,0.0000,12.0000,0.0000,0.0000,0
9.5800,0.16912,-0.20189,9.76591,-0.00230,-0.00965,0.00817,0,,,,91.3200,0.0000,0.0000,12.0000,0.0000,0.0000,0
9.6000,-0.04968,0.07859,9.84631,0.01113,-0.00302,0.00743,0,,,,91.5600,0.0000,0.0000,12.0000,0.0000,0.0000,0
9.6200,0.17338,-0.09516,9.70700,-0.00066,-0.00954,0.00837,0,,,,91.8000,0.0000,0.0000,12.0000,0.0000,0.0000,0
9.6400,-0.02533,0.02210,9.70235,-0.00768,0.00483,0.00563,0,,,,92.0400,0.0000,0.0000,12.0000,0.0000,0.0000,0
9.6600,-0.01398,-0.08437,9.78197,-0.00925,0.00517,0.00070,0,,,,92.2800,0.0000,0.0000,12.0000,0.0000,0.0000,0
9.6800,0.03713,0.08952,10.00587,0.00216,-0.01259,0.00935,0,,,,92.5200,0.0000,0.0000,12.0000,0.0000,0.0000,0
9.7000,-0.06933,0.02395,9.97069,-0.01588,-0.00014,0.02056,0,,,,92.7600,0.0000,0.0000,12.0000,0.0000,0.0000,0
9.7200,0.26739,0.18078,9.88365,0.00930,-0.00878,0.00679,0,,,,93.0000,0.0000,0.0000,12.0000,0.0000,0.0000,0
9.7400,-0.17971,-0.10404,9.84673,0.00919,0.00341,0.00721,0,,,,93.2400,0.0000,0.0000,12.0000,0.0000,0.0000,0
9.7600,0.04984,-0.07742,9.75279,0.00896,0.00643,0.01345,0,,,,93.4800,0.0000,0.0000,12.0000,0.0000,0.0000,0
9.7800,-0.12174,-0.18486,9.60671,0.01337,-0.00621,-0.00101,0,,,,93.7200,0.0000,0.0000,12.0000,0.0000,0.0000,0
9.8000,0.24195,-0.02587,9.74448,-0.00035,-0.00406,0.00682,0,,,,93.9600,0.0000,0.0000,12.0000,0.0000,0.0000,0
9.8200,0.13816,0.12003,9.85692,0.01135,-0.01236,0.01104,0,,,,94.2000,0.0000,0.0000,12.0000,0.0000,0.0000,0
9.8400,0.00139,-0.35034,9.71624,-0.00614,0.00125,0.00591,0,,,,94.4400,0.0000,0.0000,12.0000,0.0000,0.0000,0
9.8600,0.11256,0.23123,9.85644,0.00178,-0.00056,-0.00089,0,,,,94.6800,0.0000,0.0000,12.0000,0.0000,0.0000,0
9.8800,-0.05020,-0.23449,10.08732,-0.00345,0.01325,0.00474,0,,,,94.9200,0.0000,0.0000,12.0000,0.0000,0.0000,0
9.9000,0.23637,0.00282,9.92472,-0.00267,-0.00205,0.00754,0,,,,95.1600,0.0000,0.0000,12.0000,0.0000,0.0000,0
9.9200,-0.14250,-0.03247,9.79280,0.02040,-0.00372,0.01736,0,,,,95.4000,0.0000,0.0000,12.0000,0.0000,0.0000,0
9.9400,0.13293,-0.06035,9.65848,-0.00158,-0.00132,0.01769,0,,,,95.6400,0.0000,0.0000,12.0000,0.0000,0.0000,0
9.9600,-0.02439,0.16817,9.78815,0.01502,-0.00347,0.02412,0,,,,95.8800,0.0000,0.0000,12.0000,0.0000,0.0000,0
9.9800,0.04534,-0.20289,9.67770,0.02065,0.00356,0.00233,0,,,,96.1200,0.0000,0.0000,12.0000,0.0000,0.0000,0
10.0000,0.13992,0.14502,10.01394,-0.01038,-0.00512,0.00130,0,,,,96.3600,0.0000,0.0000,12.0000,0.0000,0.0000,0
10.0200,-0.16207,-0.05675,9.91716,0.00792,0.01588,0.00217,0,,,,96.6000,0.0000,0.0000,12.0000,0.0000,0.0000,0
10.0400,0.08845,0.06697,10.05539,-0.00253,-0.00805,0.01346,0,,,,96.8400,0.0000,0.0000,12.0000,0.0000,0.0000,0
10.0600,-0.03829,-0.24467,9.85108,0.01401,0.00022,-0.00110,0,,,,97.0800,0.0000,0.0000,12.0000,0.0000,0.0000,0
10.0800,0.14613,-0.02141,9.93055,-0.00887,-0.00973,0.00718,0,,,,97.3200,0.0000,0.0000,12.0000,0.0000,0.0000,0
10.1000,-0.08211,0.05283,9.68776,0.00486,0.00573,0.00889,0,,,,97.5600,0.0000,0.0000,12.0000,0.0000,0.0000,0
10.1200,0.14359,-0.11416,9.67199,0.00142,0.00708,0.00405,0,,,,97.8000,0.0000,0.0000,12.0000,0.0000,0.0000,0
10.1400,-0.08899,0.03578,9.77140,-0.00099,0.00088,0.00918,0,,,,98.0400,0.0000,0.0000,12.0000,0.0000,0.0000,0
10.1600,0.12616,-0.03517,9.90648,-0.00547,-0.01023,0.00439,0,,,,98.2800,0.0000,0.0000,12.0000,0.0000,0.0000,0
10.1800,0.03375,-0.00484,9.87913,-0.00180,-0.00837,0.00247,0,,,,98.5200,0.0000,0.0000,12.0000,0.0000,0.0000,0
10.2000,0.06374,-0.11114,10.16852,0.00336,-0.00532,0.00503,0,,,,98.7600,0.0000,0.0000,12.0000,0.0000,0.0000,0
10.2200,0.16184,0.06912,10.13137,-0.00476,0.00387,0.00666,0,,,,99.0000,0.0000,0.0000,12.0000,0.0000,0.0000,0
10.2400,-0.20356,0.00917,10.00223,-0.00486,-0.00307,-0.00880,0,,,,99.2400,0.0000,0.0000,12.0000,0.0000,0.0000,0
10.2600,0.05717,0.03136,9.77516,-0.00687,-0.00116,0.00082,0,,,,99.4800,0.0000,0.0000,12.0000,0.0000,0.0000,0
10.2800,-0.09899,0.09345,9.65513,-0.00524,-0.00177,0.01276,0,,,,99.7200,0.0000,0.0000,12.0000,0.0000,0.0000,0
10.3000,0.20959,-0.18029,9.81751,-0.00427,0.01161,-0.00407,0,,,,99.9600,0.0000,0.0000,12.0000,0.0000,0.0000,0
10.3200,0.11644,0.03371,9.95990,0.00673,-0.01113,0.00082,0,,,,100.2000,0.0000,0.0000,12.0000,0.0000,0.0000,0
10.3400,0.08745,-0.06484,9.88084,0.00236,0.00307,0.00605,0,,,,100.4400,0.0000,0.0000,12.0000,0.0000,0.0000,0
10.3600,-0.00567,0.01012,9.97678,0.01172,0.00993,0.01124,0,,,,100.6800,0.0000,0.0000,12.0000,0.0000,0.0000,0
10.3800,-0.02948,-0.04659,9.92118,0.00077,-0.00959,-0.00499,0,,,,100.9200,0.0000,0.0000,12.0000,0.0000,0.0000,0
10.4000,0.18081,0.02192,9.98220,0.00637,-0.00106,0.00945,0,,,,101.1600,0.0000,0.0000,12.0000,0.0000,0.0000,0
10.4200,-0.08318,0.01057,9.78352,0.00496,0.00235,-0.00036,0,,,,101.4000,0.0000,0.0000,12.0000,0.0000,0.0000,0
10.4400,0.15273,-0.13098,9.72207,-0.00700,0.00713,0.01353,0,,,,101.6400,0.0000,0.0000,12.0000,0.0000,0.0000,0
10.4600,0.00085,0.21525,9.72175,0.02625,-0.00482,0.00704,0,,,,101.8800,0.0000,0.0000,12.0000,0.0000,0.0000,0
10.4800,0.05235,-0.11179,9.84135,0.00109,0.01121,0.00691,0,,,,102.1200,0.0000,0.0000,12.0000,0.0000,0.0000,0
10.5000,0.06164,0.01728,9.89013,0.00093,-0.00787,-0.00121,0,,,,102.3600,0.0000,0.0000,12.0000,0.0000,0.0000,0
10.5200,0.20957,-0.16265,9.82224,-0.00359,-0.00341,0.00937,0,,,,102.6000,0.0000,0.0000,12.0000,0.0000,0.0000,0
10.5400,0.16653,0.11161,9.92482,0.00472,-0.01001,0.00004,0,,,,102.8400,0.0000,0.0000,12.0000,0.0000,0.0000,0
10.5600,-0.14200,-0.17616,10.03425,0.00751,0.00481,0.00531,0,,,,103.0800,0.0000,0.0000,12.0000,0.0000,0.0000,0
10.5800,0.22191,-0.16337,9.94074,0.00342,0.00202,0.00804,0,,,,103.3200,0.0000,0.0000,12.0000,0.0000,0.0000,0
10.6000,-0.15309,-0.11276,9.72915,0.00652,0.00252,-0.00594,0,,,,103.5600,0.0000,0.0000,12.0000,0.0000,0.0000,0
10.6200,0.05397,-0.16435,9.71019,-0.00890,-0.01438,-0.00157,0,,,,103.8000,0.0000,0.0000,12.0000,0.0000,0.0000,0
10.6400,-0.01091,-0.01929,9.74607,0.01047,-0.01341,0.00335,0,,,,104.0400,0.0000,0.0000,12.0000,0.0000,0.0000,0
10.6600,0.13702,-0.18252,9.78091,0.01131,-0.00545,0.01384,0,,,,104.2800,0.0000,0.0000,12.0000,0.0000,0.0000,0
10.6800,0.10416,0.05880,9.95284,0.00456,0.00517,0.00061,0,,,,104.5200,0.0000,0.0000,12.0000,0.0000,0.0000,0
10.7000,-0.02724,-0.13200,10.02711,-0.00620,0.00514,0.00873,0,,,,104.7600,0.0000,0.0000,12.0000,0.0000,0.0000,0
10.7200,0.03597,0.13096,10.14396,0.01001,0.00842,0.00568,0,,,,105.0000,0.0000,0.0000,12.0000,0.0000,0.0000,0
10.7400,-0.21079,-0.20002,9.92123,-0.00274,-0.01032,0.00450,0,,,,105.2400,0.0000,0.0000,12.0000,0.0000,0.0000,0
10.7600,0.20712,-0.16871,9.77656,0.01408,-0.01160,0.01196,0,,,,105.4800,0.0000,0.0000,12.0000,0.0000,0.0000,0
10.7800,-0.10010,0.07796,9.83586,0.00793,0.00427,-0.00421,0,,,,105.7200,0.0000,0.0000,12.0000,0.0000,0.0000,0
10.8000,0.19963,-0.19530,9.76329,0.00407,0.00088,0.00770,0,,,,105.9600,0.0000,0.0000,12.0000,0.0000,0.0000,0
10.8200,-0.05735,-0.02176,9.86863,0.00349,0.00620,0.00464,0,,,,106.2000,0.0000,0.0000,12.0000,0.0000,0.0000,0
10.8400,-0.08745,-0.07176,9.85686,0.00474,-0.00818,0.01815,0,,,,106.4400,0.0000,0.0000,12.0000,0.0000,0.0000,0
10.8600,0.02769,0.04816,9.96657,-0.00674,-0.00036,0.01790,0,,,,106.6800,0.0000,0.0000,12.0000,0.0000,0.0000,0
10.8800,-0.09170,-0.07488,9.75457,0.00169,-0.00550,-0.00155,0,,,,106.9200,0.0000,0.0000,12.0000,0.0000,0.0000,0
10.9000,0.24064,-0.01902,9.91299,-0.00102,-0.01833,-0.00406,0,,,,107.1600,0.0000,0.0000,12.0000,0.0000,0.0000,0
10.9200,-0.00288,-0.19126,9.78030,-0.00120,0.01095,0.01115,0,,,,107.4000,0.0000,0.0000,12.0000,0.0000,0.0000,0
10.9400,0.10401,0.02327,9.70495,0.01007,-0.01387,0.01359,0,,,,107.6400,0.0000,0.0000,12.0000,0.0000,0.0000,0
10.9600,-0.07464,-0.02480,9.71952,0.00422,-0.00696,0.00943,0,,,,107.8800,0.0000,0.0000,12.0000,0.0000,0.0000,0
10.9800,0.03754,-0.09194,9.80988,0.00151,-0.00653,0.00621,0,,,,108.1200,0.0000,0.0000,12.0000,0.0000,0.0000,0
11.0000,0.08402,0.25494,9.93180,0.00981,0.02171,0.00913,0,,,,108.3600,0.0000,0.0000,12.0000,0.0000,0.0000,0
11.0200,0.03460,-0.08525,9.85808,-0.00155,-0.00705,0.01018,0,,,,108.6000,0.0000,0.0000,12.0000,0.0000,0.0000,0
11.0400,0.10821,0.06853,10.06341,0.00891,-0.00429,-0.00036,0,,,,108.8400,0.0000,0.0000,12.0000,0.0000,0.0000,0
11.0600,0.02224,-0.01918,9.82061,-0.00051,-0.00168,0.01123,0,,,,109.0800,0.0000,0.0000,12.0000,0.0000,0.0000,0
11.0800,0.23257,0.00025,9.91851,0.00251,-0.00839,0.00291,0,,,,109.3200,0.0000,0.0000,12.0000,0.0000,0.0000,0
11.1000,-0.07261,0.00431,9.63527,-0.00118,-0.00255,0.00275,0,,,,109.5600,0.0000,0.0000,12.0000,0.0000,0.0000,0
11.1200,0.11272,-0.06745,9.65246,-0.01102,-0.00579,0.01111,0,,,,109.8000,0.0000,0.0000,12.0000,0.0000,0.0000,0
11.1400,0.11719,0.13773,9.63787,0.00014,-0.00095,0.00642,0,,,,110.0400,0.0000,0.0000,12.0000,0.0000,0.0000,0
11.1600,0.09818,-0.22242,9.83200,0.00536,0.00361,-0.00145,0,,,,110.2800,0.0000,0.0000,12.0000,0.0000,0.0000,0
11.1800,0.04223,-0.13008,9.86474,-0.00220,-0.01116,0.00632,0,,,,110.5200,0.0000,0.0000,12.0000,0.0000,0.0000,0
11.2000,-0.03501,-0.30782,9.98802,-0.00543,0.00089,-0.00525,0,,,,110.7600,0.0000,0.0000,12.0000,0.0000,0.0000,0
11.2200,0.14372,0.01165,9.98948,0.00300,-0.00504,-0.00729,0,,,,111.0000,0.0000,0.0000,12.0000,0.0000,0.0000,0
11.2400,-0.19605,-0.09920,9.90016,-0.00287,0.00200,0.00277,0,,,,111.2400,0.0000,0.0000,12.0000,0.0000,0.0000,0
11.2600,0.08067,-0.07473,9.83054,0.00460,0.01203,-0.00035,0,,,,111.4800,0.0000,0.0000,12.0000,0.0000,0.0000,0
11.2800,-0.06720,0.06839,9.74620,-0.00200,-0.01539,0.00091,0,,,,111.7200,0.0000,0.0000,12.0000,0.0000,0.0000,0
11.3000,0.02464,-0.26521,9.67887,-0.00638,0.00167,0.00981,0,,,,111.9600,0.0000,0.0000,12.0000,0.0000,0.0000,0
11.3200,-0.06215,0.06541,9.65018,-0.00195,0.00019,0.01160,0,,,,112.2000,0.0000,0.0000,12.0000,0.0000,0.0000,0
11.3400,-0.03208,-0.06491,9.76524,-0.00798,0.00268,0.01837,0,,,,112.4400,0.0000,0.0000,12.0000,0.0000,0.0000,0
11.3600,0.13728,0.07193,9.78235,-0.01418,-0.00196,0.00214,0,,,,112.6800,0.0000,0.0000,12.0000,0.0000,0.0000,0
11.3800,-0.14093,-0.10125,9.98373,0.00956,-0.00191,0.01483,0,,,,112.9200,0.0000,0.0000,12.0000,0.0000,0.0000,0
11.4000,0.15477,-0.00214,10.01233,-0.00583,0.01952,0.00800,0,,,,113.1600,0.0000,0.0000,12.0000,0.0000,0.0000,0
11.4200,-0.04930,0.01954,9.99178,0.00834,-0.01584,0.01623,0,,,,113.4000,0.0000,0.0000,12.0000,0.0000,0.0000,0
11.4400,0.12131,-0.07252,9.66185,0.00621,-0.00821,0.00580,0,,,,113.6400,0.0000,0.0000,12.0000,0.0000,0.0000,0
11.4600,-0.06487,0.21148,9.89547,0.00237,-0.00249,0.00201,0,,,,113.8800,0.0000,0.0000,12.0000,0.0000,0.0000,0
11.4800,0.17266,-0.16789,9.74080,0.00983,-0.00731,0.00470,0,,,,114.1200,0.0000,0.0000,12.0000,0.0000,0.0000,0
11.5000,-0.08650,0.14634,10.01192,0.00777,0.00869,-0.00177,0,,,,114.3600,0.0000,0.0000,12.0000,0.0000,0.0000,0
11.5200,0.01473,-0.21703,9.92057,0.00818,-0.00219,-0.00630,0,,,,114.6000,0.0000,0.0000,12.0000,0.0000,0.0000,0
11.5400,0.01694,-0.05302,10.01573,0.01851,0.00790,-0.01017,0,,,,114.8400,0.0000,0.0000,12.0000,0.0000,0.0000,0
11.5600,0.04511,-0.00618,9.82549,-0.00043,0.00576,0.00940,0,,,,115.0800,0.0000,0.0000,12.0000,0.0000,0.0000,0
11.5800,0.05504,0.02639,9.70069,0.00022,0.00610,0.00515,0,,,,115.3200,0.0000,0.0000,12.0000,0.0000,0.0000,0
11.6000,-0.11404,0.07823,9.86410,0.01248,0.00399,0.01365,0,,,,115.5600,0.0000,0.0000,12.0000,0.0000,0.0000,0
11.6200,0.19109,-0.08525,9.74594,0.00010,-0.01270,-0.00264,0,,,,115.8000,0.0000,0.0000,12.0000,0.0000,0.0000,0
11.6400,-0.04037,0.09447,9.87060,0.00167,0.00503,0.01363,0,,,,116.0400,0.0000,0.0000,12.0000,0.0000,0.0000,0
11.6600,0.03652,-0.10148,9.80732,0.01258,0.00209,-0.00452,0,,,,116.2800,0.0000,0.0000,12.0000,0.0000,0.0000,0
11.6800,0.08276,0.21808,9.89996,0.00558,0.00137,-0.00329,0,,,,116.5200,0.0000,0.0000,12.0000,0.0000,0.0000,0
11.7000,0.01032,-0.23859,9.92073,0.01061,-0.00015,0.00256,0,,,,116.7600,0.0000,0.0000,12.0000,0.0000,0.0000,0
11.7200,0.17704,0.02949,9.96624,0.00725,-0.00882,0.00532,0,,,,117.0000,0.0000,0.0000,12.0000,0.0000,0.0000,0
11.7400,-0.10286,-0.17933,9.82719,0.01455,0.00008,-0.00559,0,,,,117.2400,0.0000,0.0000,12.0000,0.0000,0.0000,0
11.7600,0.03465,-0.06146,9.93737,0.00051,0.00746,0.00782,0,,,,117.4800,0.0000,0.0000,12.0000,0.0000,0.0000,0
11.7800,-0.02362,-0.07256,9.82307,-0.00068,0.00390,-0.00151,0,,,,117.7200,0.0000,0.0000,12.0000,0.0000,0.0000,0
11.8000,0.12470,-0.09892,9.73020,0.00524,-0.00513,-0.00019,0,,,,117.9600,0.0000,0.0000,12.0000,0.0000,0.0000,0
11.8200,0.13860,0.17015,9.73797,0.00655,-0.00894,-0.00448,0,,,,118.2000,0.0000,0.0000,12.0000,0.0000,0.0000,0
11.8400,0.10766,-0.28538,9.96064,-0.00002,-0.00469,0.00828,0,,,,118.4400,0.0000,0.0000,12.0000,0.0000,0.0000,0
11.8600,0.14431,0.00905,10.01539,0.00291,-0.01305,0.00364,0,,,,118.6800,0.0000,0.0000,12.0000,0.0000,0.0000,0
11.8800,0.05804,0.02764,10.03191,-0.00752,0.00092,0.01181,0,,,,118.9200,0.0000,0.0000,12.0000,0.0000,0.0000,0
11.9000,0.21218,0.06988,9.95625,0.00142,-0.00787,-0.01018,0,,,,119.1600,0.0000,0.0000,12.0000,0.0000,0.0000,0
11.9200,-0.05259,-0.00758,9.88622,-0.00870,0.00216,0.02144,0,,,,119.4000,0.0000,0.0000,12.0000,0.0000,0.0000,0
11.9400,0.15486,-0.08603,9.78891,0.01826,-0.01119,0.00663,0,,,,119.6400,0.0000,0.0000,12.0000,0.0000,0.0000,0
11.9600,-0.10612,0.01372,9.73292,0.01278,0.01141,0.00859,0,,,,119.8800,0.0000,0.0000,12.0000,0.0000,0.0000,0
11.9800,0.05405,0.05785,9.74030,-0.00257,-0.01720,0.01617,0,,,,120.1200,0.0000,0.0000,12.0000,0.0000,0.0000,0
12.0000,0.11746,0.28342,9.74549,0.01367,-0.00244,0.01145,0,,,,120.3600,0.0000,0.0000,12.0000,0.0000,0.0000,0
12.0200,-0.13600,-0.02413,10.00172,0.00169,0.00216,-0.00112,0,,,,120.6000,0.0000,0.0000,12.0000,0.0000,0.0000,0
12.0400,0.07579,0.02040,9.82819,0.00889,0.00653,-0.00061,0,,,,120.8400,0.0000,0.0000,12.0000,0.0000,0.0000,0
12.0600,-0.04072,-0.10234,9.97537,-0.00302,-0.01007,0.01342,0,,,,121.0800,0.0000,0.0000,12.0000,0.0000,0.0000,0
12.0800,0.15465,0.13930,9.87539,-0.00541,0.00682,0.01005,0,,,,121.3200,0.0000,0.0000,12.0000,0.0000,0.0000,0
12.1000,-0.01598,0.10233,9.73389,0.00098,-0.00437,-0.00533,0,,,,121.5600,0.0000,0.0000,12.0000,0.0000,0.0000,0
12.1200,0.11137,0.00042,9.75776,-0.00877,-0.01545,0.01832,0,,,,121.8000,0.0000,0.0000,12.0000,0.0000,0.0000,0
12.1400,-0.02504,0.02336,9.73341,-0.00982,0.00838,0.00186,0,,,,122.0400,0.0000,0.0000,12.0000,0.0000,0.0000,0
12.1600,0.16443,-0.14492,9.94117,0.00405,0.00383,0.01075,0,,,,122.2800,0.0000,0.0000,12.0000,0.0000,0.0000,0
12.1800,0.11971,0.11406,9.89583,0.01732,-0.01026,0.00503,0,,,,122.5200,0.0000,0.0000,12.0000,0.0000,0.0000,0
12.2000,-0.02934,-0.09489,9.93642,0.00452,-0.00435,-0.00766,0,,,,122.7600,0.0000,0.0000,12.0000,0.0000,0.0000,0
12.2200,0.14208,-0.05375,9.82648,0.00309,0.00090,0.00921,0,,,,123.0000,0.0000,0.0000,12.0000,0.0000,0.0000,0
12.2400,-0.03250,-0.20709,9.79194,0.01779,-0.01138,0.00989,0,,,,123.2400,0.0000,0.0000,12.0000,0.0000,0.0000,0
12.2600,0.10292,-0.04611,9.76181,0.00649,-0.00191,0.00141,0,,,,123.4800,0.0000,0.0000,12.0000,0.0000,0.0000,0
12.2800,-0.14533,0.05572,9.65105,0.00542,0.01801,0.01580,0,,,,123.7200,0.0000,0.0000,12.0000,0.0000,0.0000,0
12.3000,0.16800,-0.13393,9.58742,-0.00858,0.00726,-0.00132,0,,,,123.9600,0.0000,0.0000,12.0000,0.0000,0.0000,0
12.3200,-0.04578,0.07298,9.71388,-0.00781,-0.00340,-0.00213,0,,,,124.2000,0.0000,0.0000,12.0000,0.0000,0.0000,0
12.3400,-0.03432,-0.21155,9.92828,0.00014,-0.00443,0.00978,0,,,,124.4400,0.0000,0.0000,12.0000,0.0000,0.0000,0
12.3600,0.08645,0.05290,9.99561,0.00735,-0.00418,0.00564,0,,,,124.6800,0.0000,0.0000,12.0000,0.0000,0.0000,0
12.3800,-0.11500,-0.17535,10.03606,0.00556,0.00064,0.00725,0,,,,124.9200,0.0000,0.0000,12.0000,0.0000,0.0000,0
12.4000,0.15782,0.06279,10.00199,0.00929,-0.00381,0.01610,0,,,,125.1600,0.0000,0.0000,12.0000,0.0000,0.0000,0
12.4200,-0.06149,0.02812,9.86418,0.00398,-0.00889,0.01061,0,,,,125.4000,0.0000,0.0000,12.0000,0.0000,0.0000,0
12.4400,0.37620,-0.11108,9.76987,-0.00157,-0.00690,0.01736,0,,,,125.6400,0.0000,0.0000,12.0000,0.0000,0.0000,0
12.4600,-0.09598,0.01955,9.60989,-0.00406,-0.01667,0.01005,0,,,,125.8800,0.0000,0.0000,12.0000,0.0000,0.0000,0
12.4800,0.30815,-0.17091,9.64116,0.00920,-0.00882,0.01539,0,,,,126.1200,0.0000,0.0000,12.0000,0.0000,0.0000,0
12.5000,0.01744,0.03945,9.84241,0.00806,-0.00482,0.00103,0,,,,126.3600,0.0000,0.0000,12.0000,0.0000,0.0000,0
12.5200,-0.02008,-0.24332,9.97056,-0.01229,-0.00655,0.01108,0,,,,126.6000,0.0000,0.0000,12.0000,0.0000,0.0000,0
12.5400,0.14639,0.10470,9.97121,0.01136,0.00440,0.00857,0,,,,126.8400,0.0000,0.0000,12.0000,0.0000,0.0000,0
12.5600,0.00562,-0.02106,9.91395,-0.00875,0.00036,0.00937,0,,,,127.0800,0.0000,0.0000,12.0000,0.0000,0.0000,0
12.5800,0.24700,-0.09737,9.79918,0.00568,-0.00357,-0.01009,0,,,,127.3200,0.0000,0.0000,12.0000,0.0000,0.0000,0
12.6000,-0.04412,-0.14111,9.71050,0.01281,0.01160,-0.00473,0,,,,127.5600,0.0000,0.0000,12.0000,0.0000,0.0000,0
12.6200,0.10611,-0.10308,9.88127,-0.00194,-0.00682,0.01739,0,,,,127.8000,0.0000,0.0000,12.0000,0.0000,0.0000,0
12.6400,-0.04779,0.13293,9.63716,0.00063,-0.01628,-0.00344,0,,,,128.0400,0.0000,0.0000,12.0000,0.0000,0.0000,0
12.6600,0.12218,-0.15305,9.80128,-0.00399,-0.00477,0.00741,0,,,,128.2800,0.0000,0.0000,12.0000,0.0000,0.0000,0
12.6800,0.14848,-0.12378,9.84792,0.00327,-0.00379,0.00823,0,,,,128.5200,0.0000,0.0000,12.0000,0.0000,0.0000,0
12.7000,-0.00913,-0.15147,9.92863,0.00004,0.00619,-0.00086,0,,,,128.7600,0.0000,0.0000,12.0000,0.0000,0.0000,0
12.7200,0.13629,0.04897,10.09006,-0.00040,0.00467,0.01486,0,,,,129.0000,0.0000,0.0000,12.0000,0.0000,0.0000,0
12.7400,-0.08297,-0.06934,9.87450,-0.00005,0.00383,0.00685,0,,,,129.2400,0.0000,0.0000,12.0000,0.0000,0.0000,0
12.7600,0.17670,-0.14250,9.73508,0.01915,-0.00442,-0.00120,0,,,,129.4800,0.0000,0.0000,12.0000,0.0000,0.0000,0
12.7800,0.05317,0.05684,9.79432,0.00090,-0.00555,0.00364,0,,,,129.7200,0.0000,0.0000,12.0000,0.0000,0.0000,0
12.8000,-0.00008,-0.13412,9.76621,0.01680,-0.00231,-0.01367,0,,,,129.9600,0.0000,0.0000,12.0000,0.0000,0.0000,0
12.8200,0.00264,0.30539,9.86815,-0.00449,0.00173,-0.00094,0,,,,130.2000,0.0000,0.0000,12.0000,0.0000,0.0000,0
12.8400,-0.08334,-0.17692,9.89381,-0.01298,-0.01219,0.00508,0,,,,130.4400,0.0000,0.0000,12.0000,0.0000,0.0000,0
12.8600,0.06516,0.10674,9.86080,0.00771,-0.01247,0.01814,0,,,,130.6800,0.0000,0.0000,12.0000,0.0000,0.0000,0
12.8800,-0.18972,-0.19390,10.00791,0.01531,-0.00048,0.00950,0,,,,130.9200,0.0000,0.0000,12.0000,0.0000,0.0000,0
12.9000,0.15553,-0.07503,9.88797,-0.00770,-0.01323,0.00821,0,,,,131.1600,0.0000,0.0000,12.0000,0.0000,0.0000,0
12.9200,-0.16962,0.00310,9.73746,0.00437,-0.00691,0.01625,0,,,,131.4000,0.0000,0.0000,12.0000,0.0000,0.0000,0
12.9400,0.17448,0.01777,9.70374,0.00245,-0.01085,0.00169,0,,,,131.6400,0.0000,0.0000,12.0000,0.0000,0.0000,0
12.9600,-0.06311,-0.00059,9.63965,-0.00931,-0.02172,-0.00345,0,,,,131.8800,0.0000,0.0000,12.0000,0.0000,0.0000,0
12.9800,0.13437,-0.26945,9.66505,0.01633,-0.00809,0.00757,0,,,,132.1200,0.0000,0.0000,12.0000,0.0000,0.0000,0
13.0000,0.09139,0.14300,9.73486,0.00015,-0.01595,0.02457,0,,,,132.3600,0.0000,0.0000,12.0000,0.0000,0.0000,0
13.0200,-0.13176,-0.22540,9.85555,-0.00997,0.00782,0.02438,0,,,,132.6000,0.0000,0.0000,12.0000,0.0000,0.0000,0
13.0400,0.08409,-0.04816,9.79746,0.00005,-0.00553,-0.00021,0,,,,132.8400,0.0000,0.0000,12.0000,0.0000,0.0000,0
13.0600,-0.05087,-0.04948,9.97496,-0.00053,-0.01181,0.01033,0,,,,133.0800,0.0000,0.0000,12.0000,0.0000,0.0000,0
13.0800,0.16076,0.04860,9.93490,-0.00937,-0.01447,-0.00104,0,,,,133.3200,0.0000,0.0000,12.0000,0.0000,0.0000,0
13.1000,-0.15863,0.06750,9.81422,0.01079,0.00017,0.00667,0,,,,133.5600,0.0000,0.0000,12.0000,0.0000,0.0000,0
13.1200,0.22844,-0.06891,9.74422,0.01384,-0.00208,0.00257,0,,,,133.8000,0.0000,0.0000,12.0000,0.0000,0.0000,0
13.1400,-0.08484,0.13140,9.85429,0.00160,0.00746,-0.01076,0,,,,134.0400,0.0000,0.0000,12.0000,0.0000,0.0000,0
13.1600,0.05060,-0.15226,9.76865,0.02107,-0.00353,0.00174,0,,,,134.2800,0.0000,0.0000,12.0000,0.0000,0.0000,0
13.1800,0.07192,-0.07400,9.85367,0.00987,-0.00803,-0.00163,0,,,,134.5200,0.0000,0.0000,12.0000,0.0000,0.0000,0
13.2000,0.07423,-0.01986,10.01214,-0.00164,-0.00492,-0.00143,0,,,,134.7600,0.0000,0.0000,12.0000,0.0000,0.0000,0
13.2200,0.06174,-0.04925,9.91578,-0.00628,-0.01551,0.00676,0,,,,135.0000,0.0000,0.0000,12.0000,0.0000,0.0000,0
13.2400,-0.05911,0.08358,9.84736,0.00437,-0.00050,0.00297,0,,,,135.2400,0.0000,0.0000,12.0000,0.0000,0.0000,0
13.2600,0.21742,0.00953,9.83867,-0.00005,-0.00586,-0.00594,0,,,,135.4800,0.0000,0.0000,12.0000,0.0000,0.0000,0
13.2800,-0.12579,-0.01546,9.65815,0.00552,0.00657,-0.00226,0,,,,135.7200,0.0000,0.0000,12.0000,0.0000,0.0000,0
13.3000,0.13321,-0.20981,9.71813,-0.00352,0.00182,-0.00043,0,,,,135.9600,0.0000,0.0000,12.0000,0.0000,0.0000,0
13.3200,0.09109,0.06657,9.74687,-0.00803,-0.00097,0.01216,0,,,,136.2000,0.0000,0.0000,12.0000,0.0000,0.0000,0
13.3400,0.04683,0.03005,10.00088,-0.00046,-0.00554,0.00876,0,,,,136.4400,0.0000,0.0000,12.0000,0.0000,0.0000,0
13.3600,0.03077,0.16846,9.98690,0.00405,0.00250,0.01878,0,,,,136.6800,0.0000,0.0000,12.0000,0.0000,0.0000,0
13.3800,-0.03879,-0.11553,10.09522,0.00974,-0.00557,0.00504,0,,,,136.9200,0.0000,0.0000,12.0000,0.0000,0.0000,0
13.4000,0.16976,0.03603,9.81866,-0.01034,-0.01010,-0.00272,0,,,,137.1600,0.0000,0.0000,12.0000,0.0000,0.0000,0
13.4200,-0.13127,0.02831,9.82810,0.00357,-0.01279,0.00131,0,,,,137.4000,0.0000,0.0000,12.0000,0.0000,0.0000,0
13.4400,0.19556,-0.03350,9.70622,0.00329,0.01459,0.00486,0,,,,137.6400,0.0000,0.0000,12.0000,0.0000,0.0000,0
13.4600,-0.09760,0.04358,9.74426,0.00079,-0.00325,-0.00655,0,,,,137.8800,0.0000,0.0000,12.0000,0.0000,0.0000,0
13.4800,0.00716,-0.15352,9.76128,-0.00253,-0.00442,0.00549,0,,,,138.1200,0.0000,0.0000,12.0000,0.0000,0.0000,0
13.5000,0.11115,0.08206,9.88858,-0.00233,0.00158,0.00801,0,,,,138.3600,0.0000,0.0000,12.0000,0.0000,0.0000,0
13.5200,0.06509,-0.08450,9.98589,0.00121,-0.00104,0.01351,0,,,,138.6000,0.0000,0.0000,12.0000,0.0000,0.0000,0
13.5400,0.06998,0.00720,9.99093,0.00532,-0.00959,0.00440,0,,,,138.8400,0.0000,0.0000,12.0000,0.0000,0.0000,0
13.5600,-0.07610,-0.25832,9.93154,0.00074,-0.00428,0.01633,0,,,,139.0800,0.0000,0.0000,12.0000,0.0000,0.0000,0
13.5800,0.06250,-0.08843,9.66271,-0.00185,-0.00617,0.00092,0,,,,139.3200,0.0000,0.0000,12.0000,0.0000,0.0000,0
13.6000,0.01449,0.07593,9.79234,-0.00096,0.00521,0.00484,0,,,,139.5600,0.0000,0.0000,12.0000,0.0000,0.0000,0
13.6200,0.06700,-0.24379,9.70347,0.00804,0.01521,0.00549,0,,,,139.8000,0.0000,0.0000,12.0000,0.0000,0.0000,0
13.6400,-0.07904,-0.01964,9.79949,-0.01212,0.00140,0.01154,0,,,,140.0400,0.0000,0.0000,12.0000,0.0000,0.0000,0
13.6600,0.08994,-0.16663,9.87200,0.00337,-0.00922,0.01980,0,,,,140.2800,0.0000,0.0000,12.0000,0.0000,0.0000,0
13.6800,0.04171,0.14829,9.72097,0.01221,0.00875,0.00524,0,,,,140.5200,0.0000,0.0000,12.0000,0.0000,0.0000,0
13.7000,0.01417,-0.08240,9.91935,0.00638,-0.00947,0.00013,0,,,,140.7600,0.0000,0.0000,12.0000,0.0000,0.0000,0
13.7200,0.23147,0.11227,9.90872,-0.00387,-0.00816,0.01086,0,,,,141.0000,0.0000,0.0000,12.0000,0.0000,0.0000,0
13.7400,-0.15787,-0.02395,9.96057,0.00129,0.00508,0.00257,0,,,,141.2400,0.0000,0.0000,12.0000,0.0000,0.0000,0
13.7600,0.14077,-0.13067,9.89385,-0.00413,-0.00020,0.00443,0,,,,141.4800,0.0000,0.0000,12.0000,0.0000,0.0000,0
13.7800,-0.14554,-0.01443,9.85870,0.00361,-0.01107,0.00744,0,,,,141.7200,0.0000,0.0000,12.0000,0.0000,0.0000,0
13.8000,0.09885,0.14924,9.76533,-0.00104,0.00836,-0.00973,0,,,,141.9600,0.0000,0.0000,12.0000,0.0000,0.0000,0
13.8200,0.01770,0.24578,9.78954,-0.01187,-0.00617,0.01664,0,,,,142.2000,0.0000,0.0000,12.0000,0.0000,0.0000,0
13.8400,0.05505,-0.21616,9.83167,-0.00248,-0.00011,0.01571,0,,,,142.4400,0.0000,0.0000,12.0000,0.0000,0.0000,0
13.8600,0.18200,0.11164,9.85144,-0.00862,0.00127,-0.00576,0,,,,142.6800,0.0000,0.0000,12.0000,0.0000,0.0000,0
13.8800,-0.07051,-0.08216,9.88352,-0.00619,-0.00375,0.00903,0,,,,142.9200,0.0000,0.0000,12.0000,0.0000,0.0000,0
13.9000,0.23905,0.05565,9.93308,-0.00397,-0.01157,0.00091,0,,,,143.1600,0.0000,0.0000,12.0000,0.0000,0.0000,0
13.9200,-0.04697,0.00446,9.67362,-0.00429,0.00664,0.00563,0,,,,143.4000,0.0000,0.0000,12.0000,0.0000,0.0000,0
13.9400,0.03522,0.10737,9.76187,0.00507,0.00020,0.00206,0,,,,143.6400,0.0000,0.0000,12.0000,0.0000,0.0000,0
13.9600,-0.10035,0.22721,9.81714,0.00858,0.00161,-0.00303,0,,,,143.8800,0.0000,0.0000,12.0000,0.0000,0.0000,0
13.9800,0.18638,-0.20902,9.79717,-0.01112,-0.01933,0.00755,0,,,,144.1200,0.0000,0.0000,12.0000,0.0000,0.0000,0
14.0000,-0.02473,-0.06913,9.89990,0.01896,0.00812,0.00294,0,,,,144.3600,0.0000,0.0000,12.0000,0.0000,0.0000,0
14.0200,-0.00347,-0.07056,10.02857,-0.00075,-0.00273,0.00740,0,,,,144.6000,0.0000,0.0000,12.0000,0.0000,0.0000,0
14.0400,0.16646,0.04683,9.96681,0.01304,0.00668,0.00882,0,,,,144.8400,0.0000,0.0000,12.0000,0.0000,0.0000,0
14.0600,0.06895,-0.11201,10.07895,0.00634,0.02317,-0.00454,0,,,,145.0800,0.0000,0.0000,12.0000,0.0000,0.0000,0
14.0800,0.10462,0.01104,9.90347,0.01760,-0.00835,0.01224,0,,,,145.3200,0.0000,0.0000,12.0000,0.0000,0.0000,0
14.1000,0.01887,0.06345,9.70924,0.01326,0.00683,0.00980,0,,,,145.5600,0.0000,0.0000,12.0000,0.0000,0.0000,0
14.1200,0.14881,-0.08840,9.73248,0.00713,-0.00275,-0.00179,0,,,,145.8000,0.0000,0.0000,12.0000,0.0000,0.0000,0
14.1400,-0.10170,0.01499,9.77310,0.00178,-0.00128,0.00901,0,,,,146.0400,0.0000,0.0000,12.0000,0.0000,0.0000,0
14.1600,0.00485,-0.03180,9.80539,-0.00147,0.00086,-0.00969,0,,,,146.2800,0.0000,0.0000,12.0000,0.0000,0.0000,0
14.1800,0.00660,0.16472,9.77547,0.01094,0.00909,0.00204,0,,,,146.5200,0.0000,0.0000,12.0000,0.0000,0.0000,0
14.2000,-0.00719,-0.03756,9.93343,0.00894,-0.00837,0.00118,0,,,,146.7600,0.0000,0.0000,12.0000,0.0000,0.0000,0
14.2200,0.07737,0.06171,10.05787,0.00053,-0.01317,-0.00366,0,,,,147.0000,0.0000,0.0000,12.0000,0.0000,0.0000,0
14.2400,-0.04631,0.09504,9.93232,-0.00110,0.00313,0.00308,0,,,,147.2400,0.0000,0.0000,12.0000,0.0000,0.0000,0
14.2600,0.12761,-0.12916,9.92515,-0.01831,0.00338,0.00129,0,,,,147.4800,0.0000,0.0000,12.0000,0.0000,0.0000,0
14.2800,-0.09415,0.16968,9.69094,-0.00344,-0.00404,0.00831,0,,,,147.7200,0.0000,0.0000,12.0000,0.0000,0.0000,0
14.3000,0.07519,-0.25299,9.67327,0.01225,-0.00240,0.00861,0,,,,147.9600,0.0000,0.0000,12.0000,0.0000,0.0000,0
14.3200,-0.01076,0.03347,9.93305,0.00049,-0.00655,0.01377,0,,,,148.2000,0.0000,0.0000,12.0000,0.0000,0.0000,0
14.3400,-0.03283,-0.19663,9.88731,0.00200,-0.00092,0.02173,0,,,,148.4400,0.0000,0.0000,12.0000,0.0000,0.0000,0
14.3600,0.12471,-0.11509,9.98407,0.00230,-0.00265,0.00697,0,,,,148.6800,0.0000,0.0000,12.0000,0.0000,0.0000,0
14.3800,-0.05476,-0.11070,10.02357,-0.00234,-0.01058,0.02919,0,,,,148.9200,0.0000,0.0000,12.0000,0.0000,0.0000,0
14.4000,0.09686,0.01509,9.80753,0.00293,-0.01047,0.00146,0,,,,149.1600,0.0000,0.0000,12.0000,0.0000,0.0000,0
14.4200,0.00384,0.01530,9.88708,-0.01217,0.01170,-0.00454,0,,,,149.4000,0.0000,0.0000,12.0000,0.0000,0.0000,0
14.4400,0.27086,0.00063,9.81038,-0.00484,-0.00179,0.00123,0,,,,149.6400,0.0000,0.0000,12.0000,0.0000,0.0000,0
14.4600,-0.03982,0.03749,9.57380,0.01097,-0.00365,0.00112,0,,,,149.8800,0.0000,0.0000,12.0000,0.0000,0.0000,0
14.4800,0.03935,-0.11290,9.70300,-0.01604,0.00026,0.00915,0,,,,150.1200,0.0000,0.0000,12.0000,0.0000,0.0000,0
14.5000,0.02403,-0.00183,9.86376,-0.00972,-0.01122,-0.00101,0,,,,150.3600,0.0000,0.0000,12.0000,0.0000,0.0000,0
14.5200,0.06334,-0.17058,9.90297,0.01764,-0.00018,0.00771,0,,,,150.6000,0.0000,0.0000,12.0000,0.0000,0.0000,0
14.5400,0.09257,0.00977,9.80150,0.00975,0.00059,0.00357,0,,,,150.8400,0.0000,0.0000,12.0000,0.0000,0.0000,0
14.5600,-0.07956,-0.02220,9.82473,-0.00272,-0.01209,0.01917,0,,,,151.0800,0.0000,0.0000,12.0000,0.0000,0.0000,0
14.5800,0.22982,-0.19868,9.75059,0.00094,-0.00678,-0.00560,0,,,,151.3200,0.0000,0.0000,12.0000,0.0000,0.0000,0
14.6000,0.08145,0.03209,9.82410,-0.00354,0.00278,0.00196,0,,,,151.5600,0.0000,0.0000,12.0000,0.0000,0.0000,0
14.6200,0.10979,-0.05761,9.60846,0.01478,-0.00154,0.01525,0,,,,151.8000,0.0000,0.0000,12.0000,0.0000,0.0000,0
14.6400,-0.10384,0.00130,9.66238,0.00400,-0.00247,0.00128,0,,,,152.0400,0.0000,0.0000,12.0000,0.0000,0.0000,0
14.6600,-0.02609,-0.25038,9.82293,-0.00172,-0.00848,0.01738,0,,,,152.2800,0.0000,0.0000,12.0000,0.0000,0.0000,0
14.6800,0.06326,0.18783,9.87180,0.00396,-0.00344,-0.00858,0,,,,152.5200,0.0000,0.0000,12.0000,0.0000,0.0000,0
14.7000,0.08373,-0.13789,10.03049,-0.00402,-0.00432,-0.00193,0,,,,152.7600,0.0000,0.0000,12.0000,0.0000,0.0000,0
14.7200,0.24020,0.05921,9.99459,0.01287,0.00625,0.01112,0,,,,153.0000,0.0000,0.0000,12.0000,0.0000,0.0000,0
14.7400,-0.19161,-0.10814,9.82051,0.00782,-0.00163,-0.00612,0,,,,153.2400,0.0000,0.0000,12.0000,0.0000,0.0000,0
14.7600,0.14277,-0.17201,9.80822,-0.01124,0.00123,0.00802,0,,,,153.4800,0.0000,0.0000,12.0000,0.0000,0.0000,0
14.7800,0.09132,0.10213,9.71424,0.00854,-0.01418,-0.00270,0,,,,153.7200,0.0000,0.0000,12.0000,0.0000,0.0000,0
14.8000,0.13719,-0.29974,9.73955,-0.00616,-0.00219,-0.00362,0,,,,153.9600,0.0000,0.0000,12.0000,0.0000,0.0000,0
14.8200,0.04410,0.08778,9.91087,0.00205,-0.00915,0.00302,0,,,,154.2000,0.0000,0.0000,12.0000,0.0000,0.0000,0
14.8400,-0.08258,-0.11656,9.93368,0.02175,-0.00797,0.00286,0,,,,154.4400,0.0000,0.0000,12.0000,0.0000,0.0000,0
14.8600,0.05175,0.09213,9.98850,0.00157,0.00569,0.00006,0,,,,154.6800,0.0000,0.0000,12.0000,0.0000,0.0000,0
14.8800,0.02643,-0.06341,9.97356,-0.00052,0.01641,-0.00154,0,,,,154.9200,0.0000,0.0000,12.0000,0.0000,0.0000,0
14.9000,0.17796,-0.05294,10.07003,0.00909,-0.00843,0.00910,0,,,,155.1600,0.0000,0.0000,12.0000,0.0000,0.0000,0
14.9200,-0.05915,-0.06380,9.90226,0.00511,-0.00127,0.00466,0,,,,155.4000,0.0000,0.0000,12.0000,0.0000,0.0000,0
14.9400,0.18306,-0.06274,9.76892,-0.00313,0.01055,-0.00340,0,,,,155.6400,0.0000,0.0000,12.0000,0.0000,0.0000,0
14.9600,-0.00793,0.03186,9.87765,-0.00523,-0.00888,-0.00276,0,,,,155.8800,0.0000,0.0000,12.0000,0.0000,0.0000,0
14.9800,0.11005,-0.25142,9.73622,-0.01522,-0.00108,0.00100,0,,,,156.1200,0.0000,0.0000,12.0000,0.0000,0.0000,0
15.0000,-0.07904,0.17685,9.75204,0.00838,-0.00861,0.01781,0,,,,156.3600,0.0000,0.0000,12.0000,0.0000,0.0000,0
15.0200,0.05579,-0.22222,9.86543,0.00684,-0.00510,0.00365,0,,,,156.6000,0.0000,0.0000,12.0000,0.0000,0.0000,0
15.0400,0.22392,-0.00242,9.98372,0.00964,0.00347,0.00372,0,,,,156.8400,0.0000,0.0000,12.0000,0.0000,0.0000,0
15.0600,-0.09169,-0.22020,9.86461,0.00455,-0.00410,0.00560,0,,,,157.0800,0.0000,0.0000,12.0000,0.0000,0.0000,0
15.0800,0.24290,-0.11745,9.85280,0.00351,-0.00863,0.01645,0,,,,157.3200,0.0000,0.0000,12.0000,0.0000,0.0000,0
15.1000,-0.00144,0.03029,9.92965,-0.00999,-0.00306,0.00793,0,,,,157.5600,0.0000,0.0000,12.0000,0.0000,0.0000,0
15.1200,0.05930,-0.08243,9.65025,0.00752,0.00546,0.00718,0,,,,157.8000,0.0000,0.0000,12.0000,0.0000,0.0000,0
15.1400,-0.16603,-0.00219,9.80051,0.00217,-0.02455,0.01494,0,,,,158.0400,0.0000,0.0000,12.0000,0.0000,0.0000,0
15.1600,0.06597,-0.21458,9.90640,-0.00342,-0.00851,0.00787,0,,,,158.2800,0.0000,0.0000,12.0000,0.0000,0.0000,0
15.1800,0.21233,0.21612,9.94324,0.00570,0.00333,-0.00506,0,,,,158.5200,0.0000,0.0000,12.0000,0.0000,0.0000,0
15.2000,0.02100,-0.18581,9.99626,0.00018,0.00101,0.00594,0,,,,158.7600,0.0000,0.0000,12.0000,0.0000,0.0000,0
15.2200,-0.10452,0.04861,10.01660,0.00557,-0.00382,0.01814,0,,,,159.0000,0.0000,0.0000,12.0000,0.0000,0.0000,0
15.2400,-0.05296,-0.01747,9.98438,0.00490,-0.01018,-0.01451,0,,,,159.2400,0.0000,0.0000,12.0000,0.0000,0.0000,0
15.2600,0.11970,0.00839,9.78423,0.00841,-0.00181,0.01530,0,,,,159.4800,0.0000,0.0000,12.0000,0.0000,0.0000,0
15.2800,-0.08494,0.07171,9.78854,0.01401,-0.01665,0.00133,0,,,,159.7200,0.0000,0.0000,12.0000,0.0000,0.0000,0
15.3000,0.17842,-0.00341,9.76173,-0.00034,0.00306,0.01195,0,,,,159.9600,0.0000,0.0000,12.0000,0.0000,0.0000,0
15.3200,-0.01862,0.11265,9.89328,0.01712,0.00294,0.00535,0,,,,160.2000,0.0000,0.0000,12.0000,0.0000,0.0000,0
15.3400,0.02063,-0.10446,9.87724,0.00352,-0.01146,0.01538,0,,,,160.4400,0.0000,0.0000,12.0000,0.0000,0.0000,0
15.3600,0.00660,0.04059,9.96578,0.01793,-0.00638,-0.00033,0,,,,160.6800,0.0000,0.0000,12.0000,0.0000,0.0000,0
15.3800,-0.09653,0.02622,9.74954,-0.00602,0.01885,0.00973,0,,,,160.9200,0.0000,0.0000,12.0000,0.0000,0.0000,0
15.4000,0.06565,0.00373,9.93258,0.00877,0.01172,0.00811,0,,,,161.1600,0.0000,0.0000,12.0000,0.0000,0.0000,0
15.4200,-0.12295,0.04050,9.78575,-0.00627,-0.01708,-0.00752,0,,,,161.4000,0.0000,0.0000,12.0000,0.0000,0.0000,0
15.4400,0.07686,-0.17532,9.78925,-0.00760,-0.02815,-0.00335,0,,,,161.6400,0.0000,0.0000,12.0000,0.0000,0.0000,0
15.4600,-0.07989,0.00904,9.85845,-0.00291,0.00405,0.00485,0,,,,161.8800,0.0000,0.0000,12.0000,0.0000,0.0000,0
15.4800,0.08079,-0.20840,9.76980,-0.00412,-0.00164,0.00311,0,,,,162.1200,0.0000,0.0000,12.0000,0.0000,0.0000,0
15.5000,-0.03557,0.16935,9.89080,-0.00158,-0.00184,0.00433,0,,,,162.3600,0.0000,0.0000,12.0000,0.0000,0.0000,0
15.5200,-0.07358,-0.13593,9.88911,-0.00556,-0.01598,0.00213,0,,,,162.6000,0.0000,0.0000,12.0000,0.0000,0.0000,0
15.5400,0.16750,0.00190,10.17807,0.00909,0.00743,0.01136,0,,,,162.8400,0.0000,0.0000,12.0000,0.0000,0.0000,0
15.5600,0.07965,-0.14405,9.74425,-0.00157,0.00147,0.00621,0,,,,163.0800,0.0000,0.0000,12.0000,0.0000,0.0000,0
15.5800,0.18180,0.08321,9.90225,0.00839,-0.01052,-0.00376,0,,,,163.3200,0.0000,0.0000,12.0000,0.0000,0.0000,0
15.6000,0.05500,0.01515,9.73626,-0.00297,-0.00819,-0.00067,0,,,,163.5600,0.0000,0.0000,12.0000,0.0000,0.0000,0
15.6200,0.02981,-0.22652,9.72318,-0.00274,0.00586,0.00734,0,,,,163.8000,0.0000,0.0000,12.0000,0.0000,0.0000,0
15.6400,0.00341,0.01571,9.74565,0.00489,0.00273,0.00425,0,,,,164.0400,0.0000,0.0000,12.0000,0.0000,0.0000,0
15.6600,0.14137,-0.14841,9.89023,-0.00192,-0.01750,0.00715,0,,,,164.2800,0.0000,0.0000,12.0000,0.0000,0.0000,0
15.6800,0.12787,0.13226,9.94824,-0.00079,-0.00945,0.00941,0,,,,164.5200,0.0000,0.0000,12.0000,0.0000,0.0000,0
15.7000,0.00358,-0.17195,10.05953,-0.00506,-0.00767,0.01809,0,,,,164.7600,0.0000,0.0000,12.0000,0.0000,0.0000,0
15.7200,0.21081,0.00566,9.98822,0.00324,-0.02496,-0.00225,0,,,,165.0000,0.0000,0.0000,12.0000,0.0000,0.0000,0
15.7400,-0.08194,-0.08101,9.92059,0.01104,-0.00557,-0.00346,0,,,,165.2400,0.0000,0.0000,12.0000,0.0000,0.0000,0
15.7600,0.18386,-0.07862,9.79999,-0.00033,0.01493,-0.01293,0,,,,165.4800,0.0000,0.0000,12.0000,0.0000,0.0000,0
15.7800,-0.09239,0.03400,9.68558,0.00920,0.00351,0.00462,0,,,,165.7200,0.0000,0.0000,12.0000,0.0000,0.0000,0
15.8000,0.08888,-0.13604,9.73414,0.00137,-0.00450,0.00702,0,,,,165.9600,0.0000,0.0000,12.0000,0.0000,0.0000,0
15.8200,0.07041,-0.01219,9.71479,-0.01199,0.00393,0.00700,0,,,,166.2000,0.0000,0.0000,12.0000,0.0000,0.0000,0
15.8400,0.06538,-0.26341,10.02929,-0.00287,-0.00165,0.01184,0,,,,166.4400,0.0000,0.0000,12.0000,0.0000,0.0000,0
15.8600,0.01885,0.03145,9.97230,0.02486,-0.00059,0.01785,0,,,,166.6800,0.0000,0.0000,12.0000,0.0000,0.0000,0
15.8800,0.04399,-0.07705,9.89539,0.01048,-0.01498,0.01781,0,,,,166.9200,0.0000,0.0000,12.0000,0.0000,0.0000,0
15.9000,0.17013,-0.20494,9.89994,0.00723,-0.00490,0.01072,0,,,,167.1600,0.0000,0.0000,12.0000,0.0000,0.0000,0
15.9200,-0.14777,-0.12694,9.83589,0.00225,-0.00579,0.01482,0,,,,167.4000,0.0000,0.0000,12.0000,0.0000,0.0000,0
15.9400,0.08056,-0.05604,9.76963,-0.01045,-0.01355,0.00510,0,,,,167.6400,0.0000,0.0000,12.0000,0.0000,0.0000,0
15.9600,0.11635,0.10382,9.59884,-0.02288,0.00286,0.00423,0,,,,167.8800,0.0000,0.0000,12.0000,0.0000,0.0000,0
15.9800,0.17548,-0.21203,9.80252,0.00877,-0.00658,0.00159,0,,,,168.1200,0.0000,0.0000,12.0000,0.0000,0.0000,0
16.0000,0.04202,0.13341,9.85550,0.00979,-0.00670,-0.00563,0,,,,168.3600,0.0000,0.0000,12.0000,0.0000,0.0000,0
16.0200,0.15398,-0.18994,9.89332,0.00147,-0.00246,0.00191,0,,,,168.6000,0.0000,0.0000,12.0000,0.0000,0.0000,0
16.0400,0.12075,0.05430,9.99040,-0.01686,0.01205,0.00382,0,,,,168.8400,0.0000,0.0000,12.0000,0.0000,0.0000,0
16.0600,-0.02213,-0.19134,9.91143,-0.00338,0.00876,0.00031,0,,,,169.0800,0.0000,0.0000,12.0000,0.0000,0.0000,0
16.0800,0.22041,-0.07450,9.83548,0.00004,0.00727,-0.01012,0,,,,169.3200,0.0000,0.0000,12.0000,0.0000,0.0000,0
16.1000,-0.17938,-0.14870,9.69912,-0.00449,-0.01592,-0.00087,0,,,,169.5600,0.0000,0.0000,12.0000,0.0000,0.0000,0
16.1200,-0.02872,-0.18793,9.83481,0.00523,-0.00150,-0.00302,0,,,,169.8000,0.0000,0.0000,12.0000,0.0000,0.0000,0
16.1400,-0.14070,-0.01598,9.75187,0.00895,0.00422,0.01004,0,,,,170.0400,0.0000,0.0000,12.0000,0.0000,0.0000,0
16.1600,-0.00396,-0.14709,9.80110,0.00039,0.01330,-0.00910,0,,,,170.2800,0.0000,0.0000,12.0000,0.0000,0.0000,0
16.1800,0.05107,0.18317,9.79719,-0.00315,-0.00723,0.00321,0,,,,170.5200,0.0000,0.0000,12.0000,0.0000,0.0000,0
16.2000,-0.15821,-0.07946,10.02408,0.00607,-0.00996,0.00569,0,,,,170.7600,0.0000,0.0000,12.0000,0.0000,0.0000,0
16.2200,0.06936,0.00769,10.13751,0.00277,-0.01250,0.00644,0,,,,171.0000,0.0000,0.0000,12.0000,0.0000,0.0000,0
16.2400,-0.18602,-0.14841,9.81754,-0.00155,0.00450,0.00963,0,,,,171.2400,0.0000,0.0000,12.0000,0.0000,0.0000,0
16.2600,0.19971,-0.14040,9.76917,0.00418,-0.00803,0.00277,0,,,,171.4800,0.0000,0.0000,12.0000,0.0000,0.0000,0
16.2800,-0.02601,0.00640,9.76616,0.01474,-0.00437,0.01443,0,,,,171.7200,0.0000,0.0000,12.0000,0.0000,0.0000,0
16.3000,0.15528,-0.24446,9.65435,-0.00467,-0.00984,0.00428,0,,,,171.9600,0.0000,0.0000,12.0000,0.0000,0.0000,0
16.3200,0.05933,0.18664,9.82349,-0.00157,-0.01966,0.00556,0,,,,172.2000,0.0000,0.0000,12.0000,0.0000,0.0000,0
16.3400,0.02702,-0.13442,10.05499,0.01192,0.00328,-0.00270,0,,,,172.4400,0.0000,0.0000,12.0000,0.0000,0.0000,0
16.3600,0.05677,0.06757,9.89594,0.00600,-0.00014,-0.00371,0,,,,172.6800,0.0000,0.0000,12.0000,0.0000,0.0000,0
16.3800,0.04328,-0.09831,9.83620,0.00159,-0.00075,0.01278,0,,,,172.9200,0.0000,0.0000,12.0000,0.0000,0.0000,0
16.4000,0.12713,0.07332,9.94216,-0.00852,-0.01432,0.01398,0,,,,173.1600,0.0000,0.0000,12.0000,0.0000,0.0000,0
16.4200,0.01592,0.00337,9.96127,0.01045,0.00247,-0.00229,0,,,,173.4000,0.0000,0.0000,12.0000,0.0000,0.0000,0
16.4400,0.28709,-0.03819,9.73332,-0.00335,-0.00095,-0.00837,0,,,,173.6400,0.0000,0.0000,12.0000,0.0000,0.0000,0
16.4600,0.01383,-0.01881,9.76654,-0.00217,-0.00512,-0.00106,0,,,,173.8800,0.0000,0.0000,12.0000,0.0000,0.0000,0
16.4800,0.07128,0.00958,9.88531,0.00484,-0.00320,0.01175,0,,,,174.1200,0.0000,0.0000,12.0000,0.0000,0.0000,0
16.5000,0.13040,0.02361,9.85045,-0.01258,0.00598,0.02152,0,,,,174.3600,0.0000,0.0000,12.0000,0.0000,0.0000,0
16.5200,0.00223,-0.31157,9.98751,-0.00523,-0.00831,0.01001,0,,,,174.6000,0.0000,0.0000,12.0000,0.0000,0.0000,0
16.5400,0.14251,0.01843,9.92444,0.00301,-0.00628,-0.00387,0,,,,174.8400,0.0000,0.0000,12.0000,0.0000,0.0000,0
16.5600,-0.09518,-0.05393,9.93486,-0.00931,0.00491,-0.01691,0,,,,175.0800,0.0000,0.0000,12.0000,0.0000,0.0000,0
16.5800,0.12405,-0.07208,9.88354,0.00649,0.00601,-0.00070,0,,,,175.3200,0.0000,0.0000,12.0000,0.0000,0.0000,0
16.6000,-0.02720,0.02275,9.64919,0.01720,-0.01451,0.00836,0,,,,175.5600,0.0000,0.0000,12.0000,0.0000,0.0000,0
16.6200,0.16366,-0.08444,9.69921,0.00862,-0.01548,0.00447,0,,,,175.8000,0.0000,0.0000,12.0000,0.0000,0.0000,0
16.6400,-0.06292,0.02097,9.78963,0.01062,-0.00575,0.01125,0,,,,176.0400,0.0000,0.0000,12.0000,0.0000,0.0000,0
16.6600,0.05902,-0.22047,9.80617,-0.00040,-0.00857,0.00843,0,,,,176.2800,0.0000,0.0000,12.0000,0.0000,0.0000,0
16.6800,0.08861,-0.04102,9.78234,0.00540,-0.00952,0.00742,0,,,,176.5200,0.0000,0.0000,12.0000,0.0000,0.0000,0
16.7000,0.03194,-0.22876,9.85785,0.01540,-0.00019,0.00165,0,,,,176.7600,0.0000,0.0000,12.0000,0.0000,0.0000,0
16.7200,0.06660,-0.00654,9.86998,0.00907,-0.00921,0.01375,0,,,,177.0000,0.0000,0.0000,12.0000,0.0000,0.0000,0
16.7400,-0.10992,-0.13595,9.86672,-0.01899,-0.00397,0.00364,0,,,,177.2400,0.0000,0.0000,12.0000,0.0000,0.0000,0
16.7600,0.22385,-0.20339,9.90542,0.00856,0.00702,0.00458,0,,,,177.4800,0.0000,0.0000,12.0000,0.0000,0.0000,0
16.7800,0.01979,-0.08340,9.80511,-0.00417,-0.01621,-0.00399,0,,,,177.7200,0.0000,0.0000,12.0000,0.0000,0.0000,0
16.8000,0.11098,-0.19303,9.77261,-0.01247,-0.02002,0.01598,0,,,,177.9600,0.0000,0.0000,12.0000,0.0000,0.0000,0
16.8200,0.08246,0.00229,9.79860,0.01016,0.00035,0.00619,0,,,,178.2000,0.0000,0.0000,12.0000,0.0000,0.0000,0
16.8400,0.11257,-0.20751,9.88899,0.00186,-0.00518,0.00188,0,,,,178.4400,0.0000,0.0000,12.0000,0.0000,0.0000,0
16.8600,0.10364,0.07791,9.87410,0.00841,-0.01081,0.00325,0,,,,178.6800,0.0000,0.0000,12.0000,0.0000,0.0000,0
16.8800,-0.07608,-0.07784,9.80500,0.00913,-0.00842,0.01476,0,,,,178.9200,0.0000,0.0000,12.0000,0.0000,0.0000,0
16.9000,0.11587,0.00317,10.08029,-0.00022,0.00691,0.00531,0,,,,179.1600,0.0000,0.0000,12.0000,0.0000,0.0000,0
16.9200,-0.04653,-0.01687,9.90944,-0.00348,-0.01087,-0.00011,0,,,,179.4000,0.0000,0.0000,12.0000,0.0000,0.0000,0
16.9400,0.15656,-0.09876,9.82101,0.01244,-0.01081,-0.00087,0,,,,179.6400,0.0000,0.0000,12.0000,0.0000,0.0000,0
16.9600,-0.15704,0.21991,9.76126,0.00584,-0.01372,0.00499,0,,,,179.8800,0.0000,0.0000,12.0000,0.0000,0.0000,0
16.9800,0.12491,-0.16179,9.86056,0.02049,-0.01058,-0.00318,0,,,,180.1200,0.0000,0.0000,12.0000,0.0000,0.0000,0
17.0000,-0.03022,0.21850,9.94004,0.00092,-0.00271,-0.00153,0,,,,180.3600,0.0000,0.0000,12.0000,0.0000,0.0000,0
17.0200,0.06703,-0.17197,9.91799,0.00687,-0.00450,0.00312,0,,,,180.6000,0.0000,0.0000,12.0000,0.0000,0.0000,0
17.0400,0.12299,0.12110,10.10813,0.00668,0.00343,0.00340,0,,,,180.8400,0.0000,0.0000,12.0000,0.0000,0.0000,0
17.0600,-0.12520,-0.02877,9.96281,-0.00938,-0.00562,0.00434,0,,,,181.0800,0.0000,0.0000,12.0000,0.0000,0.0000,0
17.0800,0.11893,0.09607,9.91008,0.01299,-0.00089,0.00565,0,,,,181.3200,0.0000,0.0000,12.0000,0.0000,0.0000,0
17.1000,-0.14905,0.00804,9.78716,-0.00894,-0.00732,0.00241,0,,,,181.5600,0.0000,0.0000,12.0000,0.0000,0.0000,0
17.1200,0.16554,-0.06958,9.69227,0.00575,-0.00446,-0.01796,0,,,,181.8000,0.0000,0.0000,12.0000,0.0000,0.0000,0
17.1400,-0.05659,0.16148,9.62079,0.00290,0.00968,-0.00108,0,,,,182.0400,0.0000,0.0000,12.0000,0.0000,0.0000,0
17.1600,0.05521,-0.25338,9.95699,0.00133,-0.00263,0.01583,0,,,,182.2800,0.0000,0.0000,12.0000,0.0000,0.0000,0
17.1800,0.12276,0.01618,9.86268,0.00596,-0.00799,-0.01194,0,,,,182.5200,0.0000,0.0000,12.0000,0.0000,0.0000,0
17.2000,-0.03479,-0.24550,10.10008,0.00341,-0.01024,-0.00059,0,,,,182.7600,0.0000,0.0000,12.0000,0.0000,0.0000,0
17.2200,-0.00983,-0.05366,10.04654,0.01985,0.00281,0.00426,0,,,,183.0000,0.0000,0.0000,12.0000,0.0000,0.0000,0
17.2400,-0.11243,-0.12901,10.06561,0.00049,0.01393,0.01615,0,,,,183.2400,0.0000,0.0000,12.0000,0.0000,0.0000,0
17.2600,0.01861,-0.10576,9.75895,0.00136,-0.00348,0.02897,0,,,,183.4800,0.0000,0.0000,12.0000,0.0000,0.0000,0
17.2800,-0.14750,0.05262,9.79739,0.00199,-0.00212,-0.00336,0,,,,183.7200,0.0000,0.0000,12.0000,0.0000,0.0000,0
17.3000,0.11905,-0.08617,9.76873,0.00656,0.00830,0.01250,0,,,,183.9600,0.0000,0.0000,12.0000,0.0000,0.0000,0
17.3200,0.01586,-0.00751,9.75084,0.00024,-0.00098,0.00117,0,,,,184.2000,0.0000,0.0000,12.0000,0.0000,0.0000,0
17.3400,-0.04990,-0.24411,9.75440,0.00012,-0.01476,-0.00300,0,,,,184.4400,0.0000,0.0000,12.0000,0.0000,0.0000,0
17.3600,0.06630,-0.03172,9.98835,0.00792,-0.00740,0.00150,0,,,,184.6800,0.0000,0.0000,12.0000,0.0000,0.0000,0
17.3800,-0.00947,-0.16361,9.91191,0.01157,0.00407,0.00981,0,,,,184.9200,0.0000,0.0000,12.0000,0.0000,0.0000,0
17.4000,0.22818,-0.15110,10.03549,0.00514,0.00509,0.00810,0,,,,185.1600,0.0000,0.0000,12.0000,0.0000,0.0000,0
17.4200,-0.07585,-0.04449,9.87098,-0.00049,0.00394,-0.00769,0,,,,185.4000,0.0000,0.0000,12.0000,0.0000,0.0000,0
17.4400,0.10525,0.08249,9.71410,0.00009,-0.01006,0.00769,0,,,,185.6400,0.0000,0.0000,12.0000,0.0000,0.0000,0
17.4600,-0.10105,0.04263,9.80480,-0.00359,0.00331,0.01158,0,,,,185.8800,0.0000,0.0000,12.0000,0.0000,0.0000,0
17.4800,0.16857,-0.13033,10.03381,0.01044,-0.00040,-0.00201,0,,,,186.1200,0.0000,0.0000,12.0000,0.0000,0.0000,0
17.5000,0.03224,0.20411,9.99341,0.01383,0.00328,-0.00505,0,,,,186.3600,0.0000,0.0000,12.0000,0.0000,0.0000,0
17.5200,0.03480,-0.24089,9.81980,0.00391,0.00119,0.01223,0,,,,186.6000,0.0000,0.0000,12.0000,0.0000,0.0000,0
17.5400,0.16192,0.10000,9.89764,0.00116,-0.01506,-0.01103,0,,,,186.8400,0.0000,0.0000,12.0000,0.0000,0.0000,0
17.5600,-0.00933,-0.14134,10.01891,0.01087,-0.00795,0.00972,0,,,,187.0800,0.0000,0.0000,12.0000,0.0000,0.0000,0
17.5800,0.10687,-0.17014,9.88155,-0.00177,-0.00652,0.02080,0,,,,187.3200,0.0000,0.0000,12.0000,0.0000,0.0000,0
17.6000,-0.19620,0.03771,9.70653,0.00927,-0.00061,0.00803,0,,,,187.5600,0.0000,0.0000,12.0000,0.0000,0.0000,0
17.6200,0.05687,-0.16774,9.81296,0.01617,0.00084,-0.00218,0,,,,187.8000,0.0000,0.0000,12.0000,0.0000,0.0000,0
17.6400,0.00930,0.26935,9.76352,0.01369,-0.00892,0.00466,0,,,,188.0400,0.0000,0.0000,12.0000,0.0000,0.0000,0
17.6600,0.10461,-0.11727,9.76550,-0.00448,0.00491,0.01453,0,,,,188.2800,0.0000,0.0000,12.0000,0.0000,0.0000,0
17.6800,0.19081,0.23054,9.92523,-0.00049,0.00781,0.01070,0,,,,188.5200,0.0000,0.0000,12.0000,0.0000,0.0000,0
17.7000,-0.10913,-0.20977,10.01013,0.00058,-0.00321,0.01358,0,,,,188.7600,0.0000,0.0000,12.0000,0.0000,0.0000,0
17.7200,0.20204,0.14069,9.81071,0.00403,0.00256,-0.00721,0,,,,189.0000,0.0000,0.0000,12.0000,0.0000,0.0000,0
17.7400,-0.13027,-0.11972,9.90256,0.01502,0.01318,-0.00151,0,,,,189.2400,0.0000,0.0000,12.0000,0.0000,0.0000,0
17.7600,0.20000,-0.00778,9.84349,0.00519,-0.00057,0.01850,0,,,,189.4800,0.0000,0.0000,12.0000,0.0000,0.0000,0
17.7800,0.02688,-0.05051,9.81173,0.00914,-0.00048,0.01405,0,,,,189.7200,0.0000,0.0000,12.0000,0.0000,0.0000,0
17.8000,0.12558,-0.11104,9.75222,-0.01415,-0.00364,-0.00035,0,,,,189.9600,0.0000,0.0000,12.0000,0.0000,0.0000,0
17.8200,-0.08476,0.20095,9.83918,0.00176,-0.00752,0.00737,0,,,,190.2000,0.0000,0.0000,12.0000,0.0000,0.0000,0
17.8400,0.10427,-0.21521,9.88611,0.00894,-0.01849,0.00454,0,,,,190.4400,0.0000,0.0000,12.0000,0.0000,0.0000,0
17.8600,0.06347,0.06445,9.91784,0.00310,0.01239,0.00241,0,,,,190.6800,0.0000,0.0000,12.0000,0.0000,0.0000,0
17.8800,-0.02912,0.05309,9.93052,0.01652,-0.00296,0.01926,0,,,,190.9200,0.0000,0.0000,12.0000,0.0000,0.0000,0
17.9000,0.21414,0.03165,9.92193,-0.00299,-0.00239,0.01218,0,,,,191.1600,0.0000,0.0000,12.0000,0.0000,0.0000,0
17.9200,-0.08081,-0.04779,9.82155,0.00994,0.00680,-0.00034,0,,,,191.4000,0.0000,0.0000,12.0000,0.0000,0.0000,0
17.9400,0.09509,-0.05074,9.88639,0.01117,-0.01301,0.00289,0,,,,191.6400,0.0000,0.0000,12.0000,0.0000,0.0000,0
17.9600,-0.11659,0.03608,9.86524,-0.00938,-0.01595,-0.00163,0,,,,191.8800,0.0000,0.0000,12.0000,0.0000,0.0000,0
17.9800,0.10716,-0.09191,9.80950,0.01141,-0.01710,0.01451,0,,,,192.1200,0.0000,0.0000,12.0000,0.0000,0.0000,0
18.0000,-2.98497,0.14852,9.75078,0.00204,-0.00111,0.01425,0,,,,192.3588,0.0000,0.0000,11.9400,0.0000,0.0000,0
18.0200,-3.13100,-0.13911,9.85198,0.00604,0.00322,0.01530,0,,,,192.5964,0.0000,0.0000,11.8800,0.0000,0.0000,0
18.0400,-2.92066,0.13165,10.08529,-0.01115,0.00190,0.01267,0,,,,192.8328,0.0000,0.0000,11.8200,0.0000,0.0000,0
18.0600,-3.08928,-0.17796,10.02455,-0.00760,-0.00443,0.00468,0,,,,193.0680,0.0000,0.0000,11.7600,0.0000,0.0000,0
18.0800,-2.78299,-0.07260,9.81692,0.00279,0.00505,0.02330,0,,,,193.3020,0.0000,0.0000,11.7000,0.0000,0.0000,0
18.1000,-3.19473,0.03231,9.69919,0.01015,-0.01051,-0.00040,0,,,,193.5348,0.0000,0.0000,11.6400,0.0000,0.0000,0
18.1200,-2.91468,-0.11259,9.76463,0.00587,-0.00305,-0.00564,0,,,,193.7664,0.0000,0.0000,11.5800,0.0000,0.0000,0
18.1400,-2.95959,0.07092,9.84827,-0.00366,-0.01582,0.00473,0,,,,193.9968,0.0000,0.0000,11.5200,0.0000,0.0000,0
18.1600,-2.84128,-0.13618,9.81083,-0.00496,0.01106,-0.00324,0,,,,194.2260,0.0000,0.0000,11.4600,0.0000,0.0000,0
18.1800,-2.98819,0.13183,9.76598,0.01220,0.00199,0.01219,0,,,,194.4540,0.0000,0.0000,11.4000,0.0000,0.0000,0
18.2000,-2.98588,-0.13997,9.88572,0.00088,-0.01080,0.00889,0,,,,194.6808,0.0000,0.0000,11.3400,0.0000,0.0000,0
18.2200,-2.79414,0.15244,9.99497,0.00940,-0.00538,0.00117,0,,,,194.9064,0.0000,0.0000,11.2800,0.0000,0.0000,0
18.2400,-3.03998,-0.08340,9.92236,-0.00649,-0.01005,0.01008,0,,,,195.1308,0.0000,0.0000,11.2200,0.0000,0.0000,0
18.2600,-2.77119,-0.13134,9.86612,-0.00226,-0.00287,0.01634,0,,,,195.3540,0.0000,0.0000,11.1600,0.0000,0.0000,0
18.2800,-2.99672,0.09797,9.90077,-0.00363,-0.01089,-0.00078,0,,,,195.5760,0.0000,0.0000,11.1000,0.0000,0.0000,0
18.3000,-2.90983,-0.31545,9.72593,-0.00236,0.00327,0.00782,0,,,,195.7968,0.0000,0.0000,11.0400,0.0000,0.0000,0
18.3200,-3.03790,0.13343,9.85670,-0.00415,-0.00694,-0.01280,0,,,,196.0164,0.0000,0.0000,10.9800,0.0000,0.0000,0
18.3400,-3.06229,-0.20845,9.89243,-0.00556,-0.00711,-0.00480,0,,,,196.2348,0.0000,0.0000,10.9200,0.0000,0.0000,0
18.3600,-2.88850,0.10921,9.99016,0.00210,-0.01533,0.00004,0,,,,196.4520,0.0000,0.0000,10.8600,0.0000,0.0000,0
18.3800,-3.08505,-0.13875,9.98052,0.01340,0.00350,-0.00290,0,,,,196.6680,0.0000,0.0000,10.8000,0.0000,0.0000,0
18.4000,-2.79160,0.05831,9.86270,0.00879,-0.00428,-0.00628,0,,,,196.8828,0.0000,0.0000,10.7400,0.0000,0.0000,0
18.4200,-3.04335,-0.00511,9.82340,0.00170,-0.00875,0.00988,0,,,,197.0964,0.0000,0.0000,10.6800,0.0000,0.0000,0
18.4400,-2.85490,-0.06778,9.79276,-0.00724,-0.01015,-0.01268,0,,,,197.3088,0.0000,0.0000,10.6200,0.0000,0.0000,0
18.4600,-2.99697,-0.03950,9.74749,0.00497,0.00182,-0.00463,0,,,,197.5200,0.0000,0.0000,10.5600,0.0000,0.0000,0
18.4800,-2.92104,-0.00795,9.91165,0.00990,-0.00030,-0.00304,0,,,,197.7300,0.0000,0.0000,10.5000,0.0000,0.0000,0
18.5000,-2.90251,0.07736,9.90149,-0.00306,-0.00438,0.00631,0,,,,197.9388,0.0000,0.0000,10.4400,0.0000,0.0000,0
18.5200,-2.98447,-0.10208,9.89246,-0.00875,0.01000,0.02491,0,,,,198.1464,0.0000,0.0000,10.3800,0.0000,0.0000,0
18.5400,-2.84206,-0.04844,9.91456,0.00607,0.00773,-0.00470,0,,,,198.3528,0.0000,0.0000,10.3200,0.0000,0.0000,0
18.5600,-3.07853,-0.06542,10.01828,-0.00075,-0.01551,0.00997,0,,,,198.5580,0.0000,0.0000,10.2600,0.0000,0.0000,0
18.5800,-2.75025,-0.02907,9.90411,-0.00180,-0.00977,0.01321,0,,,,198.7620,0.0000,0.0000,10.2000,0.0000,0.0000,0
18.6000,-3.04313,0.04631,9.90628,-0.00644,-0.00742,0.00626,0,,,,198.9648,0.0000,0.0000,10.1400,0.0000,0.0000,0
18.6200,-2.91268,-0.04384,9.72378,-0.00594,-0.00247,0.00636,0,,,,199.1664,0.0000,0.0000,10.0800,0.0000,0.0000,0
18.6400,-2.94304,0.10661,9.79222,0.00456,-0.00451,-0.00073,0,,,,199.3668,0.0000,0.0000,10.0200,0.0000,0.0000,0
18.6600,-2.92185,-0.17570,9.96199,0.01274,0.00206,0.00803,0,,,,199.5660,0.0000,0.0000,9.9600,0.0000,0.0000,0
18.6800,-2.93719,-0.01466,9.89717,0.00281,-0.00116,0.00876,0,,,,199.7640,0.0000,0.0000,9.9000,0.0000,0.0000,0
18.7000,-2.95683,-0.18245,9.91613,0.01361,0.00317,0.00187,0,,,,199.9608,0.0000,0.0000,9.8400,0.0000,0.0000,0
18.7200,-2.86726,0.02608,9.96776,0.00578,0.01728,0.00652,0,,,,200.1564,0.0000,0.0000,9.7800,0.0000,0.0000,0
18.7400,-3.02487,-0.18740,9.86203,0.01183,0.00022,-0.03011,0,,,,200.3508,0.0000,0.0000,9.7200,0.0000,0.0000,0
18.7600,-2.78820,0.10097,9.65280,0.01416,-0.02518,0.01250,0,,,,200.5440,0.0000,0.0000,9.6600,0.0000,0.0000,0
18.7800,-3.06201,-0.15370,9.78376,0.01121,-0.00009,0.00968,0,,,,200.7360,0.0000,0.0000,9.6000,0.0000,0.0000,0
18.8000,-2.92240,-0.27599,9.79787,0.01600,0.00604,-0.01090,0,,,,200.9268,0.0000,0.0000,9.5400,0.0000,0.0000,0
18.8200,-3.11103,0.01855,9.67140,0.00235,0.00015,-0.00644,0,,,,201.1164,0.0000,0.0000,9.4800,0.0000,0.0000,0
18.8400,-2.91287,-0.10097,9.84264,0.00062,-0.01860,0.00234,0,,,,201.3048,0.0000,0.0000,9.4200,0.0000,0.0000,0
18.8600,-2.90160,0.08866,9.98828,0.00395,-0.00511,0.00729,0,,,,201.4920,0.0000,0.0000,9.3600,0.0000,0.0000,0
18.8800,-2.97230,-0.11413,9.99993,0.00051,-0.00817,0.00918,0,,,,201.6780,0.0000,0.0000,9.3000,0.0000,0.0000,0
18.9000,-2.89029,0.03797,9.92944,-0.00043,-0.00563,0.00094,0,,,,201.8628,0.0000,0.0000,9.2400,0.0000,0.0000,0
18.9200,-3.21143,0.00817,9.86013,0.00880,-0.00725,0.02016,0,,,,202.0464,0.0000,0.0000,9.1800,0.0000,0.0000,0
18.9400,-2.88180,-0.15110,9.68469,-0.01187,0.00926,0.01597,0,,,,202.2288,0.0000,0.0000,9.1200,0.0000,0.0000,0
18.9600,-2.99409,-0.01421,9.88179,-0.00081,-0.00515,0.01650,0,,,,202.4100,0.0000,0.0000,9.0600,0.0000,0.0000,0
18.9800,-2.86311,0.03452,9.79440,-0.00118,-0.00789,-0.00978,0,,,,202.5900,0.0000,0.0000,9.0000,0.0000,0.0000,0
19.0000,-2.98229,0.18157,9.90456,0.00216,-0.01096,0.00681,0,,,,202.7688,0.0000,0.0000,8.9400,0.0000,0.0000,0
19.0200,-2.92315,-0.10712,9.95213,-0.00438,0.00394,-0.02006,0,,,,202.9464,0.0000,0.0000,8.8800,0.0000,0.0000,0
19.0400,-2.84723,0.26310,9.85574,0.00007,-0.00306,0.00130,0,,,,203.1228,0.0000,0.0000,8.8200,0.0000,0.0000,0
19.0600,-2.98567,-0.04330,9.96130,0.00838,-0.00287,0.03044,0,,,,203.2980,0.0000,0.0000,8.7600,0.0000,0.0000,0
19.0800,-2.82813,-0.00684,9.73485,-0.00235,0.00618,-0.00568,0,,,,203.4720,0.0000,0.0000,8.7000,0.0000,0.0000,0
19.1000,-3.24673,0.00967,9.89578,0.00234,-0.00569,-0.00987,0,,,,203.6448,0.0000,0.0000,8.6400,0.0000,0.0000,0
19.1200,-2.83136,-0.05359,9.59624,0.01108,0.00313,0.01406,0,,,,203.8164,0.0000,0.0000,8.5800,0.0000,0.0000,0
19.1400,-2.97113,0.12745,9.79699,0.00895,-0.01755,-0.00701,0,,,,203.9868,0.0000,0.0000,8.5200,0.0000,0.0000,0
19.1600,-3.00384,-0.15944,9.85786,0.00460,0.00594,0.01419,0,,,,204.1560,0.0000,0.0000,8.4600,0.0000,0.0000,0
19.1800,-2.99995,0.10532,9.84663,0.00049,-0.00043,-0.02227,0,,,,204.3240,0.0000,0.0000,8.4000,0.0000,0.0000,0
19.2000,-2.83763,-0.08177,9.92312,0.01742,-0.00578,0.00606,0,,,,204.4908,0.0000,0.0000,8.3400,0.0000,0.0000,0
19.2200,-2.89765,0.16646,9.95683,0.00320,0.00663,0.00968,0,,,,204.6564,0.0000,0.0000,8.2800,0.0000,0.0000,0
19.2400,-3.08222,0.03635,10.10390,0.00454,-0.00207,0.00637,0,,,,204.8208,0.0000,0.0000,8.2200,0.0000,0.0000,0
19.2600,-2.73729,-0.10042,9.79021,-0.01030,-0.01247,0.00086,0,,,,204.9840,0.0000,0.0000,8.1600,0.0000,0.0000,0
19.2800,-3.06579,0.17583,9.79095,-0.00530,-0.00882,0.01600,0,,,,205.1460,0.0000,0.0000,8.1000,0.0000,0.0000,0
19.3000,-2.79934,-0.12483,9.70712,0.01100,-0.01095,0.00814,0,,,,205.3068,0.0000,0.0000,8.0400,0.0000,0.0000,0
19.3200,-2.80803,0.10266,9.73679,0.00528,-0.00676,-0.00615,0,,,,205.4664,0.0000,0.0000,7.9800,0.0000,0.0000,0
19.3400,-2.91896,-0.05963,9.86162,-0.00102,-0.01069,0.00380,0,,,,205.6248,0.0000,0.0000,7.9200,0.0000,0.0000,0
19.3600,-2.94718,-0.00573,10.10934,0.00573,0.00158,0.01207,0,,,,205.7820,0.0000,0.0000,7.8600,0.0000,0.0000,0
19.3800,-2.99078,-0.13954,9.99633,-0.00015,0.00051,0.00773,0,,,,205.9380,0.0000,0.0000,7.8000,0.0000,0.0000,0
19.4000,-2.87649,-0.09926,9.93888,0.00037,-0.01812,0.00906,0,,,,206.0928,0.0000,0.0000,7.7400,0.0000,0.0000,0
19.4200,-3.00254,0.17980,9.81031,-0.00231,-0.01188,0.00667,0,,,,206.2464,0.0000,0.0000,7.6800,0.0000,0.0000,0
19.4400,-2.83524,-0.14600,9.75019,-0.01383,0.00441,-0.00117,0,,,,206.3988,0.0000,0.0000,7.6200,0.0000,0.0000,0
19.4600,-3.04492,-0.05666,9.69030,-0.00024,-0.00309,0.00884,0,,,,206.5500,0.0000,0.0000,7.5600,0.0000,0.0000,0
19.4800,-2.80070,-0.08296,9.85148,0.01357,0.00156,0.00471,0,,,,206.7000,0.0000,0.0000,7.5000,0.0000,0.0000,0
19.5000,-2.87927,0.17584,9.90854,-0.00964,-0.00973,0.00280,0,,,,206.8488,0.0000,0.0000,7.4400,0.0000,0.0000,0
19.5200,-2.94181,-0.14328,10.02975,0.01252,0.00659,0.01464,0,,,,206.9964,0.0000,0.0000,7.3800,0.0000,0.0000,0
19.5400,-2.96081,0.09609,9.92781,-0.01119,-0.00530,0.01560,0,,,,207.1428,0.0000,0.0000,7.3200,0.0000,0.0000,0
19.5600,-3.03172,0.08033,9.96329,0.02158,-0.00158,0.00518,0,,,,207.2880,0.0000,0.0000,7.2600,0.0000,0.0000,0
19.5800,-2.94259,0.06638,9.83152,-0.00318,0.00725,0.01427,0,,,,207.4320,0.0000,0.0000,7.2000,0.0000,0.0000,0
19.6000,-2.98356,-0.02189,9.78204,0.00152,0.00326,0.01743,0,,,,207.5748,0.0000,0.0000,7.1400,0.0000,0.0000,0
19.6200,-2.83809,0.05150,9.81055,0.00012,0.00363,0.01865,0,,,,207.7164,0.0000,0.0000,7.0800,0.0000,0.0000,0
19.6400,-2.85795,0.17011,9.75738,0.00027,0.00161,0.01839,0,,,,207.8568,0.0000,0.0000,7.0200,0.0000,0.0000,0
19.6600,-2.91026,-0.11269,9.83092,-0.00062,-0.00430,0.00608,0,,,,207.9960,0.0000,0.0000,6.9600,0.0000,0.0000,0
19.6800,-2.79271,0.06705,9.91867,-0.00492,0.00273,0.01593,0,,,,208.1340,0.0000,0.0000,6.9000,0.0000,0.0000,0
19.7000,-2.90057,-0.11081,10.01673,0.00077,0.00122,0.00751,0,,,,208.2708,0.0000,0.0000,6.8400,0.0000,0.0000,0
19.7200,-2.85402,0.04532,10.00138,-0.00035,-0.00494,0.01866,0,,,,208.4064,0.0000,0.0000,6.7800,0.0000,0.0000,0
19.7400,-2.86103,-0.14884,9.80007,-0.00566,-0.00383,0.01217,0,,,,208.5408,0.0000,0.0000,6.7200,0.0000,0.0000,0
19.7600,-2.79483,-0.03872,9.85479,-0.00354,-0.00495,0.00484,0,,,,208.6740,0.0000,0.0000,6.6600,0.0000,0.0000,0
19.7800,-3.18806,-0.05861,9.65835,0.00811,-0.00104,0.00989,0,,,,208.8060,0.0000,0.0000,6.6000,0.0000,0.0000,0
19.8000,-3.03664,-0.24577,9.79558,-0.02023,0.00680,-0.00959,0,,,,208.9368,0.0000,0.0000,6.5400,0.0000,0.0000,0
19.8200,-2.92238,0.01514,9.88275,0.02767,-0.02119,0.01056,0,,,,209.0664,0.0000,0.0000,6.4800,0.0000,0.0000,0
19.8400,-3.11969,-0.11491,9.86995,0.00304,-0.01029,0.01124,0,,,,209.1948,0.0000,0.0000,6.4200,0.0000,0.0000,0
19.8600,-3.01806,0.17449,9.92523,-0.00922,0.00976,0.00446,0,,,,209.3220,0.0000,0.0000,6.3600,0.0000,0.0000,0
19.8800,-2.89985,-0.00878,9.91067,0.00132,-0.00203,0.01721,0,,,,209.4480,0.0000,0.0000,6.3000,0.0000,0.0000,0
19.9000,-2.81087,0.02119,9.91119,0.00160,0.00744,0.00503,0,,,,209.5728,0.0000,0.0000,6.2400,0.0000,0.0000,0
19.9200,-3.11136,-0.06763,9.79731,-0.00922,-0.00900,0.01699,0,,,,209.6964,0.0000,0.0000,6.1800,0.0000,0.0000,0
19.9400,-2.86795,-0.02474,9.56589,0.00655,-0.00429,0.00115,0,,,,209.8188,0.0000,0.0000,6.1200,0.0000,0.0000,0
19.9600,-3.02767,0.01781,9.56698,0.00938,-0.00106,0.00249,0,,,,209.9400,0.0000,0.0000,6.0600,0.0000,0.0000,0
19.9800,-2.99312,-0.25916,9.79242,0.01491,-0.00137,-0.00606,0,,,,210.0600,0.0000,0.0000,6.0000,0.0000,0.0000,0
20.0000,-2.94199,0.08573,9.92577,0.00685,-0.02689,0.00936,0,,,,210.1788,0.0000,0.0000,5.9400,0.0000,0.0000,0
20.0200,-3.08445,-0.25531,9.92372,0.00529,-0.01613,0.01064,0,,,,210.2964,0.0000,0.0000,5.8800,0.0000,0.0000,0
20.0400,-2.81679,0.06123,9.90700,-0.00584,0.00521,-0.00709,0,,,,210.4128,0.0000,0.0000,5.8200,0.0000,0.0000,0
20.0600,-2.98342,-0.09431,9.94144,-0.01166,-0.00417,0.00991,0,,,,210.5280,0.0000,0.0000,5.7600,0.0000,0.0000,0
20.0800,-2.94715,0.01743,9.87881,-0.00315,0.00384,-0.01262,0,,,,210.6420,0.0000,0.0000,5.7000,0.0000,0.0000,0
20.1000,-3.04639,0.13664,9.90131,0.00512,-0.00541,-0.00009,0,,,,210.7548,0.0000,0.0000,5.6400,0.0000,0.0000,0
20.1200,-2.89177,-0.06299,9.67420,0.00806,0.01407,0.00450,0,,,,210.8664,0.0000,0.0000,5.5800,0.0000,0.0000,0
20.1400,-3.12536,-0.03242,9.81746,0.00152,0.00401,0.00073,0,,,,210.9768,0.0000,0.0000,5.5200,0.0000,0.0000,0
20.1600,-2.87851,-0.16172,9.76821,-0.00121,-0.01258,0.02091,0,,,,211.0860,0.0000,0.0000,5.4600,0.0000,0.0000,0
20.1800,-2.93787,0.13779,9.87151,-0.00642,-0.00487,0.01381,0,,,,211.1940,0.0000,0.0000,5.4000,0.0000,0.0000,0
20.2000,-3.07219,-0.19672,9.98321,0.00599,0.01014,0.00783,0,,,,211.3008,0.0000,0.0000,5.3400,0.0000,0.0000,0
20.2200,-2.80716,0.09184,9.87299,-0.00571,-0.01167,-0.00566,0,,,,211.4064,0.0000,0.0000,5.2800,0.0000,0.0000,0
20.2400,-3.01424,-0.02928,9.90718,-0.01874,0.01344,-0.00215,0,,,,211.5108,0.0000,0.0000,5.2200,0.0000,0.0000,0
20.2600,-2.67798,-0.16843,9.74748,-0.01562,-0.00010,-0.00381,0,,,,211.6140,0.0000,0.0000,5.1600,0.0000,0.0000,0
20.2800,-3.14716,-0.07550,9.81026,0.00769,0.01150,-0.00049,0,,,,211.7160,0.0000,0.0000,5.1000,0.0000,0.0000,0
20.3000,-2.87196,-0.23023,9.71572,-0.00215,0.00072,0.01314,0,,,,211.8168,0.0000,0.0000,5.0400,0.0000,0.0000,0
20.3200,-2.91056,0.01880,9.87872,0.00165,-0.00560,-0.00067,0,,,,211.9164,0.0000,0.0000,4.9800,0.0000,0.0000,0
20.3400,-3.01983,-0.00967,9.91109,0.00340,-0.00510,0.02457,0,,,,212.0148,0.0000,0.0000,4.9200,0.0000,0.0000,0
20.3600,-2.79779,0.01747,9.93608,0.00029,-0.00183,-0.00061,0,,,,212.1120,0.0000,0.0000,4.8600,0.0000,0.0000,0
20.3800,-3.01736,0.00968,9.86943,-0.00703,-0.00687,0.00151,0,,,,212.2080,0.0000,0.0000,4.8000,0.0000,0.0000,0
20.4000,-2.68600,0.08722,10.00273,-0.00011,-0.00529,-0.00661,0,,,,212.3028,0.0000,0.0000,4.7400,0.0000,0.0000,0
20.4200,-3.01722,0.01682,9.94449,0.00031,-0.00413,0.00636,0,,,,212.3964,0.0000,0.0000,4.6800,0.0000,0.0000,0
20.4400,-2.78007,-0.19871,9.82307,0.00184,-0.01147,-0.01168,0,,,,212.4888,0.0000,0.0000,4.6200,0.0000,0.0000,0
20.4600,-3.05306,0.17329,9.87086,0.00484,0.01270,0.00466,0,,,,212.5800,0.0000,0.0000,4.5600,0.0000,0.0000,0
20.4800,-2.83956,-0.17767,9.73334,-0.00342,-0.01948,0.01530,0,,,,212.6700,0.0000,0.0000,4.5000,0.0000,0.0000,0
20.5000,-3.01133,0.02588,9.76225,0.00037,0.01111,0.02175,0,,,,212.7588,0.0000,0.0000,4.4400,0.0000,0.0000,0
20.5200,-3.13704,-0.16993,9.85605,0.00991,-0.00071,-0.00009,0,,,,212.8464,0.0000,0.0000,4.3800,0.0000,0.0000,0
20.5400,-2.87205,0.01928,10.10555,0.00638,0.00236,-0.01634,0,,,,212.9328,0.0000,0.0000,4.3200,0.0000,0.0000,0
20.5600,-3.07392,0.08556,10.05520,-0.01278,-0.00551,-0.00461,0,,,,213.0180,0.0000,0.0000,4.2600,0.0000,0.0000,0
20.5800,-2.70335,-0.00292,9.81027,0.00227,-0.02386,-0.00368,0,,,,213.1020,0.0000,0.0000,4.2000,0.0000,0.0000,0
20.6000,-3.07121,0.07474,9.63081,-0.00105,0.00508,-0.00661,0,,,,213.1848,0.0000,0.0000,4.1400,0.0000,0.0000,0
20.6200,-2.84920,-0.10121,9.87593,0.00016,-0.00437,0.01184,0,,,,213.2664,0.0000,0.0000,4.0800,0.0000,0.0000,0
20.6400,-3.12392,0.05749,9.71887,0.00089,0.00379,0.00943,0,,,,213.3468,0.0000,0.0000,4.0200,0.0000,0.0000,0
20.6600,-3.00485,-0.13812,9.94604,-0.00465,-0.00184,0.00345,0,,,,213.4260,0.0000,0.0000,3.9600,0.0000,0.0000,0
20.6800,-2.93520,-0.04422,10.02732,-0.00419,0.00521,0.00003,0,,,,213.5040,0.0000,0.0000,3.9000,0.0000,0.0000,0
20.7000,-3.08057,-0.03003,10.05029,0.00367,0.00309,0.00269,0,,,,213.5808,0.0000,0.0000,3.8400,0.0000,0.0000,0
20.7200,-2.85935,-0.01863,10.03755,-0.00355,0.00888,0.00247,0,,,,213.6564,0.0000,0.0000,3.7800,0.0000,0.0000,0
20.7400,-3.07623,0.00821,9.90273,-0.00038,-0.00324,0.01215,0,,,,213.7308,0.0000,0.0000,3.7200,0.0000,0.0000,0
20.7600,-2.89515,-0.06258,9.81330,0.00892,-0.00380,0.01947,0,,,,213.8040,0.0000,0.0000,3.6600,0.0000,0.0000,0
20.7800,-3.07384,0.01528,9.73439,-0.00853,-0.01129,0.00075,0,,,,213.8760,0.0000,0.0000,3.6000,0.0000,0.0000,0
20.8000,-2.79860,-0.12973,9.70375,0.01181,0.00941,0.01504,0,,,,213.9468,0.0000,0.0000,3.5400,0.0000,0.0000,0
20.8200,-3.05809,0.04661,9.94394,0.00393,-0.00514,0.01075,0,,,,214.0164,0.0000,0.0000,3.4800,0.0000,0.0000,0
20.8400,-2.89446,-0.19477,9.90405,0.00941,-0.01228,0.00510,0,,,,214.0848,0.0000,0.0000,3.4200,0.0000,0.0000,0
20.8600,-2.99134,-0.00353,9.91292,0.00582,-0.00558,-0.00019,0,,,,214.1520,0.0000,0.0000,3.3600,0.0000,0.0000,0
20.8800,-3.04834,-0.19825,10.00883,0.01105,-0.00363,0.00338,0,,,,214.2180,0.0000,0.0000,3.3000,0.0000,0.0000,0
20.9000,-2.81600,-0.15520,9.97013,0.02682,-0.00398,0.00405,0,,,,214.2828,0.0000,0.0000,3.2400,0.0000,0.0000,0
20.9200,-3.02027,0.10916,9.91961,-0.01524,0.00151,0.02558,0,,,,214.3464,0.0000,0.0000,3.1800,0.0000,0.0000,0
20.9400,-2.80163,-0.17346,9.78673,-0.00825,0.00686,-0.00265,0,,,,214.4088,0.0000,0.0000,3.1200,0.0000,0.0000,0
20.9600,-3.03621,-0.01115,9.69317,0.01389,-0.00217,0.00053,0,,,,214.4700,0.0000,0.0000,3.0600,0.0000,0.0000,0
20.9800,-3.00744,-0.29131,9.67440,0.00290,0.00484,0.00052,0,,,,214.5300,0.0000,0.0000,3.0000,0.0000,0.0000,0
21.0000,-2.83436,0.03260,9.83761,-0.00664,0.00493,0.02178,0,,,,214.5888,0.0000,0.0000,2.9400,0.0000,0.0000,0
21.0200,-3.14512,-0.16927,10.03998,-0.00958,0.00153,0.01477,0,,,,214.6464,0.0000,0.0000,2.8800,0.0000,0.0000,0
21.0400,-2.87160,0.10150,10.11729,0.01759,-0.00350,0.00074,0,,,,214.7028,0.0000,0.0000,2.8200,0.0000,0.0000,0
21.0600,-3.14218,-0.00294,9.83937,-0.00002,-0.00218,0.00098,0,,,,214.7580,0.0000,0.0000,2.7600,0.0000,0.0000,0
21.0800,-2.81785,0.18270,9.86196,-0.00148,0.00512,0.00692,0,,,,214.8120,0.0000,0.0000,2.7000,0.0000,0.0000,0
21.1000,-2.95898,0.02026,9.76624,-0.01227,-0.01596,-0.00969,0,,,,214.8648,0.0000,0.0000,2.6400,0.0000,0.0000,0
21.1200,-2.83719,-0.21547,9.83922,0.00224,-0.00495,-0.00175,0,,,,214.9164,0.0000,0.0000,2.5800,0.0000,0.0000,0
21.1400,-2.96803,0.01080,9.67650,0.01151,-0.00016,0.00312,0,,,,214.9668,0.0000,0.0000,2.5200,0.0000,0.0000,0
21.1600,-2.89365,-0.14834,9.85745,-0.00453,0.01356,0.00036,0,,,,215.0160,0.0000,0.0000,2.4600,0.0000,0.0000,0
21.1800,-2.80568,0.07112,9.97903,0.00787,0.00617,-0.00172,0,,,,215.0640,0.0000,0.0000,2.4000,0.0000,0.0000,0
21.2000,-2.94448,0.02063,9.95008,0.00228,-0.00719,0.00223,0,,,,215.1108,0.0000,0.0000,2.3400,0.0000,0.0000,0
21.2200,-2.72177,-0.04604,9.88986,0.01489,0.00200,0.02196,0,,,,215.1564,0.0000,0.0000,2.2800,0.0000,0.0000,0
21.2400,-3.11391,-0.04238,9.84797,0.00315,-0.01719,0.01048,0,,,,215.2008,0.0000,0.0000,2.2200,0.0000,0.0000,0
21.2600,-2.81625,-0.05709,9.78125,-0.00516,0.00282,-0.00437,0,,,,215.2440,0.0000,0.0000,2.1600,0.0000,0.0000,0
21.2800,-3.02037,0.20026,9.86691,-0.01004,-0.00729,0.00837,0,,,,215.2860,0.0000,0.0000,2.1000,0.0000,0.0000,0
21.3000,-2.89509,-0.23903,9.77335,0.00192,0.01231,0.00297,0,,,,215.3268,0.0000,0.0000,2.0400,0.0000,0.0000,0
21.3200,-2.89640,-0.01514,9.71660,0.00777,0.00567,-0.00266,0,,,,215.3664,0.0000,0.0000,1.9800,0.0000,0.0000,0
21.3400,-2.97311,-0.25958,9.87200,0.00870,-0.00648,0.00301,0,,,,215.4048,0.0000,0.0000,1.9200,0.0000,0.0000,0
21.3600,-2.99257,0.02329,10.09862,0.00258,-0.01102,0.00248,0,,,,215.4420,0.0000,0.0000,1.8600,0.0000,0.0000,0
21.3800,-3.18026,-0.18762,10.08335,0.00086,0.01213,0.00424,0,,,,215.4780,0.0000,0.0000,1.8000,0.0000,0.0000,0
21.4000,-2.84875,0.05835,9.71338,0.00364,-0.00339,0.01689,0,,,,215.5128,0.0000,0.0000,1.7400,0.0000,0.0000,0
21.4200,-3.00259,-0.11316,9.94098,-0.00010,-0.01024,0.00658,0,,,,215.5464,0.0000,0.0000,1.6800,0.0000,0.0000,0
21.4400,-2.86764,0.04198,9.79144,0.00365,0.00421,0.01374,0,,,,215.5788,0.0000,0.0000,1.6200,0.0000,0.0000,0
21.4600,-2.97946,0.17103,9.78558,0.00334,0.00691,0.00427,0,,,,215.6100,0.0000,0.0000,1.5600,0.0000,0.0000,0
21.4800,-2.91317,-0.00385,9.90426,0.00193,-0.00663,0.01671,0,,,,215.6400,0.0000,0.0000,1.5000,0.0000,0.0000,0
21.5000,-2.89597,0.11525,9.83090,0.00465,-0.00317,-0.00031,0,,,,215.6688,0.0000,0.0000,1.4400,0.0000,0.0000,0
21.5200,-2.99385,-0.12034,9.90876,0.00923,0.00731,0.01276,0,,,,215.6964,0.0000,0.0000,1.3800,0.0000,0.0000,0
21.5400,-2.89995,0.11794,9.98265,-0.00789,0.00238,0.00617,0,,,,215.7228,0.0000,0.0000,1.3200,0.0000,0.0000,0
21.5600,-2.86110,0.03549,10.00600,0.00399,-0.00169,-0.00303,0,,,,215.7480,0.0000,0.0000,1.2600,0.0000,0.0000,0
21.5800,-2.97936,-0.09227,9.86787,-0.01484,-0.00735,0.00302,0,,,,215.7720,0.0000,0.0000,1.2000,0.0000,0.0000,0
21.6000,-3.09136,-0.04586,9.75879,0.01579,0.00230,0.00052,0,,,,215.7948,0.0000,0.0000,1.1400,0.0000,0.0000,0
21.6200,-2.87301,-0.10876,9.67734,-0.00415,0.00508,0.00164,0,,,,215.8164,0.0000,0.0000,1.0800,0.0000,0.0000,0
21.6400,-3.10539,0.07171,9.76477,-0.01378,-0.00333,0.01194,0,,,,215.8368,0.0000,0.0000,1.0200,0.0000,0.0000,0
21.6600,-2.90886,0.02933,9.92690,0.01359,0.01940,0.01107,0,,,,215.8560,0.0000,0.0000,0.9600,0.0000,0.0000,0
21.6800,-2.91711,0.16413,9.86972,0.00286,-0.00818,0.00818,0,,,,215.8740,0.0000,0.0000,0.9000,0.0000,0.0000,0
21.7000,-3.08269,-0.18204,10.00385,0.00090,-0.01842,-0.00664,0,,,,215.8908,0.0000,0.0000,0.8400,0.0000,0.0000,0
21.7200,-2.95046,-0.03634,9.99838,0.00375,0.00552,0.01102,0,,,,215.9064,0.0000,0.0000,0.7800,0.0000,0.0000,0
21.7400,-2.99212,-0.00381,9.91760,0.01079,0.00436,0.00801,0,,,,215.9208,0.0000,0.0000,0.7200,0.0000,0.0000,0
21.7600,-2.74044,-0.24015,9.78924,-0.00045,0.00622,0.01757,0,,,,215.9340,0.0000,0.0000,0.6600,0.0000,0.0000,0
21.7800,-3.17733,0.14719,9.65436,-0.00713,-0.00487,0.00245,0,,,,215.9460,0.0000,0.0000,0.6000,0.0000,0.0000,0
21.8000,-3.01414,-0.07509,9.79688,0.01043,-0.00647,0.00468,0,,,,215.9568,0.0000,0.0000,0.5400,0.0000,0.0000,0
21.8200,-2.99228,0.22127,9.57210,-0.00566,-0.00296,-0.00368,0,,,,215.9664,0.0000,0.0000,0.4800,0.0000,0.0000,0
21.8400,-2.99571,-0.15914,9.83388,0.00252,0.00203,0.00311,0,,,,215.9748,0.0000,0.0000,0.4200,0.0000,0.0000,0
21.8600,-2.93845,0.06190,9.95737,-0.01192,0.00069,0.00139,0,,,,215.9820,0.0000,0.0000,0.3600,0.0000,0.0000,0
21.8800,-2.95154,-0.05921,10.06813,-0.00609,-0.00597,-0.00494,0,,,,215.9880,0.0000,0.0000,0.3000,0.0000,0.0000,0
21.9000,-2.90229,0.10725,10.04618,-0.00719,-0.00667,0.00439,0,,,,215.9928,0.0000,0.0000,0.2400,0.0000,0.0000,0
21.9200,-3.03291,-0.16325,9.71337,0.00592,-0.01859,0.00143,0,,,,215.9964,0.0000,0.0000,0.1800,0.0000,0.0000,0
21.9400,-2.83845,-0.04784,9.75285,-0.00093,0.00376,0.00728,0,,,,215.9988,0.0000,0.0000,0.1200,0.0000,0.0000,0
21.9600,-3.09391,0.06049,9.76754,0.01575,0.00329,0.01472,0,,,,216.0000,0.0000,0.0000,0.0600,0.0000,0.0000,0
21.9800,-2.96467,-0.18351,9.75567,0.00085,-0.01106,0.01513,0,,,,216.0000,0.0000,0.0000,0.0000,0.0000,0.0000,0
22.0000,0.11067,-0.05445,9.90799,0.00378,0.00276,-0.00575,0,,,,216.0000,0.0000,0.0000,0.0000,0.0000,0.0000,1
22.0200,0.02835,-0.03464,9.90654,-0.00303,-0.02300,-0.00365,0,,,,216.0000,0.0000,0.0000,0.0000,0.0000,0.0000,1
22.0400,0.03512,-0.02489,9.99135,0.00666,-0.00235,0.00474,0,,,,216.0000,0.0000,0.0000,0.0000,0.0000,0.0000,1
22.0600,0.12833,-0.07721,9.84543,-0.00671,0.00835,0.00814,0,,,,216.0000,0.0000,0.0000,0.0000,0.0000,0.0000,1
22.0800,-0.01660,-0.03916,9.89742,-0.00001,-0.00728,-0.00023,0,,,,216.0000,0.0000,0.0000,0.0000,0.0000,0.0000,1
22.1000,0.06712,-0.05864,9.82035,-0.00869,-0.00238,0.00355,0,,,,216.0000,0.0000,0.0000,0.0000,0.0000,0.0000,1
22.1200,0.01427,-0.01410,9.91649,0.00761,0.00142,0.00307,0,,,,216.0000,0.0000,0.0000,0.0000,0.0000,0.0000,1
22.1400,-0.00536,-0.11351,9.80920,0.00216,-0.00929,0.00577,0,,,,216.0000,0.0000,0.0000,0.0000,0.0000,0.0000,1
22.1600,-0.03724,-0.16288,9.92220,-0.00180,-0.00970,-0.00375,0,,,,216.0000,0.0000,0.0000,0.0000,0.0000,0.0000,1
22.1800,0.07384,0.07999,9.82440,0.00028,0.00557,-0.00948,0,,,,216.0000,0.0000,0.0000,0.0000,0.0000,0.0000,1
22.2000,0.19735,0.16553,9.64014,0.00122,-0.00875,0.00288,0,,,,216.0000,0.0000,0.0000,0.0000,0.0000,0.0000,1
22.2200,0.00653,0.03494,9.84764,-0.00529,-0.00438,0.00912,0,,,,216.0000,0.0000,0.0000,0.0000,0.0000,0.0000,1
22.2400,-0.05470,-0.16170,10.01607,-0.00314,-0.00410,0.00182,0,,,,216.0000,0.0000,0.0000,0.0000,0.0000,0.0000,1
22.2600,0.08385,0.11182,9.90304,-0.01015,-0.01407,0.00181,0,,,,216.0000,0.0000,0.0000,0.0000,0.0000,0.0000,1
22.2800,0.01854,-0.16776,9.92220,-0.00669,0.00895,0.01957,0,,,,216.0000,0.0000,0.0000,0.0000,0.0000,0.0000,1
22.3000,0.02014,0.00512,9.75809,0.00699,-0.00699,-0.00370,0,,,,216.0000,0.0000,0.0000,0.0000,0.0000,0.0000,1
22.3200,0.01685,-0.06726,9.83064,0.00960,-0.00928,0.01888,0,,,,216.0000,0.0000,0.0000,0.0000,0.0000,0.0000,1
22.3400,-0.06600,0.09923,9.77533,0.00199,-0.00692,0.00225,0,,,,216.0000,0.0000,0.0000,0.0000,0.0000,0.0000,1
22.3600,0.10411,0.08999,9.95189,-0.00124,-0.00153,-0.00126,0,,,,216.0000,0.0000,0.0000,0.0000,0.0000,0.0000,1
22.3800,-0.03932,-0.12170,9.82164,0.00400,-0.01829,0.00463,0,,,,216.0000,0.0000,0.0000,0.0000,0.0000,0.0000,1
22.4000,0.16128,0.05975,9.80984,-0.00917,0.00068,-0.01354,0,,,,216.0000,0.0000,0.0000,0.0000,0.0000,0.0000,1
22.4200,0.12881,-0.04709,10.00315,-0.01182,0.00435,0.00420,0,,,,216.0000,0.0000,0.0000,0.0000,0.0000,0.0000,1
22.4400,0.01352,-0.13959,9.90431,0.00741,0.01128,0.01306,0,,,,216.0000,0.0000,0.0000,0.0000,0.0000,0.0000,1
22.4600,-0.00751,-0.11031,9.74717,0.01379,-0.00923,0.01684,0,,,,216.0000,0.0000,0.0000,0.0000,0.0000,0.0000,1
22.4800,0.08201,-0.00361,9.83210,0.00729,-0.00312,0.00205,0,,,,216.0000,0.0000,0.0000,0.0000,0.0000,0.0000,1
22.5000,0.09568,-0.04152,9.79278,0.00680,-0.00351,0.00891,0,,,,216.0000,0.0000,0.0000,0.0000,0.0000,0.0000,1
22.5200,0.00369,-0.12673,9.99546,0.01437,0.00407,0.00190,0,,,,216.0000,0.0000,0.0000,0.0000,0.0000,0.0000,1
22.5400,0.01597,0.08059,9.82834,-0.00306,0.01198,0.00462,0,,,,216.0000,0.0000,0.0000,0.0000,0.0000,0.0000,1
22.5600,0.18147,-0.14187,9.89810,0.01857,-0.00276,0.00289,0,,,,216.0000,0.0000,0.0000,0.0000,0.0000,0.0000,1
22.5800,-0.05342,0.05659,9.79504,0.00124,-0.01288,0.01746,0,,,,216.0000,0.0000,0.0000,0.0000,0.0000,0.0000,1
22.6000,0.13239,-0.03253,9.76432,0.01429,-0.00593,-0.00384,0,,,,216.0000,0.0000,0.0000,0.0000,0.0000,0.0000,1
22.6200,-0.10097,-0.08168,9.74028,-0.00298,0.00296,0.00200,0,,,,216.0000,0.0000,0.0000,0.0000,0.0000,0.0000,1
22.6400,0.06846,-0.08787,9.86186,0.01737,-0.00579,0.00808,0,,,,216.0000,0.0000,0.0000,0.0000,0.0000,0.0000,1
22.6600,-0.08524,0.09161,9.81847,0.01040,-0.00399,0.00989,0,,,,216.0000,0.0000,0.0000,0.0000,0.0000,0.0000,1
22.6800,0.09368,-0.06620,9.94400,-0.00407,0.00322,0.00188,0,,,,216.0000,0.0000,0.0000,0.0000,0.0000,0.0000,1
22.7000,0.06796,-0.06696,9.86065,-0.00660,-0.00102,0.00535,0,,,,216.0000,0.0000,0.0000,0.0000,0.0000,0.0000,1
22.7200,-0.00321,-0.03440,9.86737,-0.00293,-0.00403,-0.00304,0,,,,216.0000,0.0000,0.0000,0.0000,0.0000,0.0000,1
22.7400,0.22766,0.05473,9.87850,0.01138,-0.01883,-0.01546,0,,,,216.0000,0.0000,0.0000,0.0000,0.0000,0.0000,1
22.7600,0.00806,-0.14029,9.83772,0.00365,0.00436,-0.00411,0,,,,216.0000,0.0000,0.0000,0.0000,0.0000,0.0000,1
22.7800,0.07197,-0.02885,9.88445,-0.00216,0.00807,0.00417,0,,,,216.0000,0.0000,0.0000,0.0000,0.0000,0.0000,1
22.8000,0.18193,-0.09323,9.91608,0.00152,-0.00562,0.01006,0,,,,216.0000,0.0000,0.0000,0.0000,0.0000,0.0000,1
22.8200,0.01607,-0.24296,9.61162,0.01218,0.00684,0.02010,0,,,,216.0000,0.0000,0.0000,0.0000,0.0000,0.0000,1
22.8400,0.03860,-0.13341,9.82308,0.00209,-0.01106,0.01819,0,,,,216.0000,0.0000,0.0000,0.0000,0.0000,0.0000,1
22.8600,0.21916,0.00826,9.85578,-0.00836,0.00937,0.00561,0,,,,216.0000,0.0000,0.0000,0.0000,0.0000,0.0000,1
22.8800,0.01687,0.00849,9.80979,0.00318,-0.01454,0.01370,0,,,,216.0000,0.0000,0.0000,0.0000,0.0000,0.0000,1
22.9000,0.03165,0.06270,9.84056,0.00091,-0.01270,0.01108,0,,,,216.0000,0.0000,0.0000,0.0000,0.0000,0.0000,1
22.9200,-0.03007,-0.06891,9.85673,0.00297,-0.01665,0.00315,0,,,,216.0000,0.0000,0.0000,0.0000,0.0000,0.0000,1
22.9400,0.10362,-0.06027,9.83867,0.00330,-0.00401,-0.00324,0,,,,216.0000,0.0000,0.0000,0.0000,0.0000,0.0000,1
22.9600,0.03709,0.04953,9.77256,-0.00100,-0.01405,0.01253,0,,,,216.0000,0.0000,0.0000,0.0000,0.0000,0.0000,1
22.9800,0.03261,-0.09802,9.86403,-0.00763,-0.01127,-0.00668,0,,,,216.0000,0.0000,0.0000,0.0000,0.0000,0.0000,1
23.0000,-0.04534,0.07859,9.79800,0.00573,-0.00969,0.01108,0,,,,216.0000,0.0000,0.0000,0.0000,0.0000,0.0000,1
23.0200,-0.04209,-0.02686,9.86088,0.02062,0.00204,0.00026,0,,,,216.0000,0.0000,0.0000,0.0000,0.0000,0.0000,1
23.0400,0.09480,0.14105,9.72628,-0.00474,-0.00490,0.00166,0,,,,216.0000,0.0000,0.0000,0.0000,0.0000,0.0000,1
23.0600,0.01338,-0.13434,9.96897,-0.00938,-0.00460,0.01337,0,,,,216.0000,0.0000,0.0000,0.0000,0.0000,0.0000,1
23.0800,0.03759,-0.10835,9.74876,0.00016,-0.00906,0.00664,0,,,,216.0000,0.0000,0.0000,0.0000,0.0000,0.0000,1
23.1000,-0.07212,0.03504,9.86589,0.00352,0.00853,0.00150,0,,,,216.0000,0.0000,0.0000,0.0000,0.0000,0.0000,1
23.1200,-0.01807,-0.07382,9.84125,0.00127,-0.00965,-0.01118,0,,,,216.0000,0.0000,0.0000,0.0000,0.0000,0.0000,1
23.1400,-0.00487,-0.00121,9.86755,0.01160,0.01264,0.01107,0,,,,216.0000,0.0000,0.0000,0.0000,0.0000,0.0000,1
23.1600,0.15060,0.03134,9.99344,0.01681,0.00461,0.01065,0,,,,216.0000,0.0000,0.0000,0.0000,0.0000,0.0000,1
23.1800,0.02358,-0.03331,9.82962,0.00697,-0.00876,0.00347,0,,,,216.0000,0.0000,0.0000,0.0000,0.0000,0.0000,1
23.2000,-0.14841,0.10785,9.83901,0.00564,0.00866,0.00740,0,,,,216.0000,0.0000,0.0000,0.0000,0.0000,0.0000,1
23.2200,0.15555,-0.12934,10.04844,0.01070,-0.00133,0.01640,0,,,,216.0000,0.0000,0.0000,0.0000,0.0000,0.0000,1
23.2400,-0.05349,-0.05309,9.97219,-0.01294,0.00148,0.00926,0,,,,216.0000,0.0000,0.0000,0.0000,0.0000,0.0000,1
23.2600,0.19754,-0.15664,9.98542,-0.00248,-0.00658,-0.00478,0,,,,216.0000,0.0000,0.0000,0.0000,0.0000,0.0000,1
23.2800,-0.04703,0.00228,9.76766,0.00792,-0.00830,-0.00470,0,,,,216.0000,0.0000,0.0000,0.0000,0.0000,0.0000,1
23.3000,-0.00222,-0.00306,9.83446,0.00227,0.00257,0.01366,0,,,,216.0000,0.0000,0.0000,0.0000,0.0000,0.0000,1
23.3200,0.01519,-0.11354,9.86274,0.00577,-0.01469,-0.00212,0,,,,216.0000,0.0000,0.0000,0.0000,0.0000,0.0000,1
23.3400,-0.01753,-0.04663,9.79577,0.00766,-0.01584,-0.00764,0,,,,216.0000,0.0000,0.0000,0.0000,0.0000,0.0000,1
23.3600,0.01329,-0.04405,9.74028,-0.00285,-0.00621,0.00185,0,,,,216.0000,0.0000,0.0000,0.0000,0.0000,0.0000,1
23.3800,0.05215,-0.08293,9.97488,0.00591,-0.00946,0.00576,0,,,,216.0000,0.0000,0.0000,0.0000,0.0000,0.0000,1
23.4000,0.04992,0.06718,9.80862,0.00814,-0.00267,0.01693,0,,,,216.0000,0.0000,0.0000,0.0000,0.0000,0.0000,1
23.4200,0.14327,-0.01424,9.83567,0.00605,-0.00444,0.01844,0,,,,216.0000,0.0000,0.0000,0.0000,0.0000,0.0000,1
23.4400,0.04628,-0.06245,9.81988,-0.00770,0.00145,-0.00156,0,,,,216.0000,0.0000,0.0000,0.0000,0.0000,0.0000,1
23.4600,0.12785,-0.13343,9.86683,0.01120,-0.02022,0.02115,0,,,,216.0000,0.0000,0.0000,0.0000,0.0000,0.0000,1
23.4800,0.00598,-0.01871,9.90237,0.00781,-0.00081,0.01298,0,,,,216.0000,0.0000,0.0000,0.0000,0.0000,0.0000,1
23.5000,0.08153,0.11087,9.89844,0.01772,0.00421,-0.00945,0,,,,216.0000,0.0000,0.0000,0.0000,0.0000,0.0000,1
23.5200,0.24889,-0.07595,9.97629,0.00221,0.00549,-0.00051,0,,,,216.0000,0.0000,0.0000,0.0000,0.0000,0.0000,1
23.5400,0.09006,-0.05026,9.98297,0.00551,0.00449,-0.01231,0,,,,216.0000,0.0000,0.0000,0.0000,0.0000,0.0000,1
23.5600,0.03315,0.00284,9.87454,0.00969,-0.00593,0.00539,0,,,,216.0000,0.0000,0.0000,0.0000,0.0000,0.0000,1
23.5800,0.13450,-0.21230,9.90380,-0.00067,-0.01030,0.00769,0,,,,216.0000,0.0000,0.0000,0.0000,0.0000,0.0000,1
23.6000,0.13820,0.05313,9.84584,0.00901,0.00394,0.00430,0,,,,216.0000,0.0000,0.0000,0.0000,0.0000,0.0000,1
23.6200,-0.01545,-0.08082,9.92368,0.00166,-0.01137,-0.00848,0,,,,216.0000,0.0000,0.0000,0.0000,0.0000,0.0000,1
23.6400,0.10655,-0.07374,9.88308,0.01192,-0.01347,0.00464,0,,,,216.0000,0.0000,0.0000,0.0000,0.0000,0.0000,1
23.6600,0.02634,0.00038,9.95578,-0.00864,0.00156,0.01325,0,,,,216.0000,0.0000,0.0000,0.0000,0.0000,0.0000,1
23.6800,0.02509,-0.04100,9.89013,0.00476,0.00166,0.00949,0,,,,216.0000,0.0000,0.0000,0.0000,0.0000,0.0000,1
23.7000,-0.03856,0.04922,9.94999,0.00349,-0.01495,0.00408,0,,,,216.0000,0.0000,0.0000,0.0000,0.0000,0.0000,1
23.7200,0.05555,-0.12157,9.82784,-0.00927,0.00186,0.00633,0,,,,216.0000,0.0000,0.0000,0.0000,0.0000,0.0000,1
23.7400,-0.09166,-0.00188,9.85213,0.00613,-0.00613,-0.00141,0,,,,216.0000,0.0000,0.0000,0.0000,0.0000,0.0000,1
23.7600,-0.02167,-0.07305,9.85816,0.00318,-0.00453,0.00161,0,,,,216.0000,0.0000,0.0000,0.0000,0.0000,0.0000,1
23.7800,0.01189,0.17062,9.79499,-0.00246,0.02335,0.00837,0,,,,216.0000,0.0000,0.0000,0.0000,0.0000,0.0000,1
23.8000,-0.07040,0.03741,9.78385,0.00927,-0.00469,0.00148,0,,,,216.0000,0.0000,0.0000,0.0000,0.0000,0.0000,1
23.8200,0.16873,0.01531,9.93449,0.00548,-0.00656,0.00989,0,,,,216.0000,0.0000,0.0000,0.0000,0.0000,0.0000,1
23.8400,0.13674,-0.01922,10.00078,0.00880,-0.00130,0.00701,0,,,,216.0000,0.0000,0.0000,0.0000,0.0000,0.0000,1
23.8600,0.05098,-0.13010,9.84944,0.00377,-0.00633,0.00770,0,,,,216.0000,0.0000,0.0000,0.0000,0.0000,0.0000,1
23.8800,0.04170,0.03190,9.90970,0.00334,-0.01394,0.01933,0,,,,216.0000,0.0000,0.0000,0.0000,0.0000,0.0000,1
23.9000,0.02865,-0.03647,9.82925,-0.00191,0.00935,0.01609,0,,,,216.0000,0.0000,0.0000,0.0000,0.0000,0.0000,1
23.9200,0.07555,-0.03860,9.90618,0.00259,-0.00452,0.00770,0,,,,216.0000,0.0000,0.0000,0.0000,0.0000,0.0000,1
23.9400,0.00471,-0.00982,9.87299,0.00682,-0.00795,0.01068,0,,,,216.0000,0.0000,0.0000,0.0000,0.0000,0.0000,1
23.9600,-0.03250,-0.07581,9.81434,-0.00658,0.00513,-0.00275,0,,,,216.0000,0.0000,0.0000,0.0000,0.0000,0.0000,1
23.9800,-0.01591,0.07043,9.81100,0.00049,-0.01110,0.01166,0,,,,216.0000,0.0000,0.0000,0.0000,0.0000,0.0000,1
24.0000,0.10774,0.02912,9.89965,0.00259,-0.00720,-0.00152,0,,,,216.0000,0.0000,0.0000,0.0000,0.0000,0.0000,1
24.0200,0.14319,0.03118,9.80119,0.00232,-0.00540,-0.00403,0,,,,216.0000,0.0000,0.0000,0.0000,0.0000,0.0000,1
24.0400,0.05421,-0.06324,9.78045,-0.00983,-0.01551,0.00203,0,,,,216.0000,0.0000,0.0000,0.0000,0.0000,0.0000,1
24.0600,0.03319,-0.10002,9.90871,0.00148,0.00162,0.00354,0,,,,216.0000,0.0000,0.0000,0.0000,0.0000,0.0000,1
24.0800,-0.02297,-0.02087,9.75564,0.00632,-0.01050,0.01235,0,,,,216.0000,0.0000,0.0000,0.0000,0.0000,0.0000,1
24.1000,0.01292,0.05500,9.76684,-0.00342,0.00005,0.01436,0,,,,216.0000,0.0000,0.0000,0.0000,0.0000,0.0000,1
24.1200,0.17333,-0.02669,10.00367,-0.00032,0.00579,-0.00254,0,,,,216.0000,0.0000,0.0000,0.0000,0.0000,0.0000,1
24.1400,0.07362,-0.21734,9.76692,0.00573,-0.01350,0.00842,0,,,,216.0000,0.0000,0.0000,0.0000,0.0000,0.0000,1
24.1600,0.11252,-0.07011,9.77913,-0.00179,-0.01073,0.00419,0,,,,216.0000,0.0000,0.0000,0.0000,0.0000,0.0000,1
24.1800,0.04817,-0.05448,9.99060,-0.00376,0.00813,-0.00333,0,,,,216.0000,0.0000,0.0000,0.0000,0.0000,0.0000,1
24.2000,0.04582,0.06465,9.94716,-0.00136,0.00144,0.00837,0,,,,216.0000,0.0000,0.0000,0.0000,0.0000,0.0000,1
24.2200,-0.00320,0.01928,10.00565,0.00577,0.00153,0.01038,0,,,,216.0000,0.0000,0.0000,0.0000,0.0000,0.0000,1
24.2400,-0.07688,0.00682,9.77531,-0.00272,0.01430,0.00297,0,,,,216.0000,0.0000,0.0000,0.0000,0.0000,0.0000,1
24.2600,-0.01921,0.06221,9.78084,-0.00158,0.00699,0.00534,0,,,,216.0000,0.0000,0.0000,0.0000,0.0000,0.0000,1
24.2800,-0.08493,0.01352,9.82493,0.01432,-0.00785,0.01341,0,,,,216.0000,0.0000,0.0000,0.0000,0.0000,0.0000,1
24.3000,0.18206,-0.09808,9.84119,0.00511,-0.00986,0.00716,0,,,,216.0000,0.0000,0.0000,0.0000,0.0000,0.0000,1
24.3200,0.02201,-0.04961,9.86057,0.00257,-0.00169,0.00021,0,,,,216.0000,0.0000,0.0000,0.0000,0.0000,0.0000,1
24.3400,-0.00441,-0.03949,9.85307,-0.00151,-0.00041,-0.00952,0,,,,216.0000,0.0000,0.0000,0.0000,0.0000,0.0000,1
24.3600,-0.01844,-0.05239,9.78816,0.01503,-0.00285,0.00641,0,,,,216.0000,0.0000,0.0000,0.0000,0.0000,0.0000,1
24.3800,0.00134,-0.03126,9.75943,0.00064,-0.01050,0.00278,0,,,,216.0000,0.0000,0.0000,0.0000,0.0000,0.0000,1
24.4000,-0.16479,-0.12024,9.97376,0.00864,0.00755,0.01610,0,,,,216.0000,0.0000,0.0000,0.0000,0.0000,0.0000,1
24.4200,0.09384,-0.06623,9.77367,0.01117,-0.00248,0.02495,0,,,,216.0000,0.0000,0.0000,0.0000,0.0000,0.0000,1
24.4400,0.01079,0.12783,9.84411,0.01269,0.01057,-0.00318,0,,,,216.0000,0.0000,0.0000,0.0000,0.0000,0.0000,1
24.4600,0.00120,-0.11264,9.75825,0.00734,-0.00457,0.00542,0,,,,216.0000,0.0000,0.0000,0.0000,0.0000,0.0000,1
24.4800,0.08450,-0.17859,9.95959,-0.00079,0.00126,0.00997,0,,,,216.0000,0.0000,0.0000,0.0000,0.0000,0.0000,1
24.5000,0.14966,-0.03839,9.68676,0.00246,-0.00139,-0.00327,0,,,,216.0000,0.0000,0.0000,0.0000,0.0000,0.0000,1
24.5200,0.05180,-0.05888,9.74923,0.00737,-0.00751,0.00175,0,,,,216.0000,0.0000,0.0000,0.0000,0.0000,0.0000,1
24.5400,0.00299,0.06884,9.85338,0.00263,-0.00653,0.00870,0,,,,216.0000,0.0000,0.0000,0.0000,0.0000,0.0000,1
24.5600,0.14795,0.02183,9.91160,0.00685,-0.01404,-0.00201,0,,,,216.0000,0.0000,0.0000,0.0000,0.0000,0.0000,1
24.5800,0.02360,-0.08807,9.77149,-0.01298,-0.01377,0.00295,0,,,,216.0000,0.0000,0.0000,0.0000,0.0000,0.0000,1
24.6000,0.03445,-0.09344,9.86296,-0.00147,0.00572,0.00371,0,,,,216.0000,0.0000,0.0000,0.0000,0.0000,0.0000,1
24.6200,0.09571,-0.01374,9.74448,0.00127,-0.01288,0.00414,0,,,,216.0000,0.0000,0.0000,0.0000,0.0000,0.0000,1
24.6400,-0.01961,0.00056,9.74926,0.00212,0.00158,0.01226,0,,,,216.0000,0.0000,0.0000,0.0000,0.0000,0.0000,1
24.6600,-0.02113,-0.02858,9.87138,0.01438,-0.01485,-0.00229,0,,,,216.0000,0.0000,0.0000,0.0000,0.0000,0.0000,1
24.6800,0.26436,-0.05185,9.70537,-0.00266,-0.02515,0.00693,0,,,,216.0000,0.0000,0.0000,0.0000,0.0000,0.0000,1
24.7000,0.10478,-0.10293,9.81899,0.00939,-0.01700,-0.00557,0,,,,216.0000,0.0000,0.0000,0.0000,0.0000,0.0000,1
24.7200,0.02175,-0.09019,9.83314,-0.00811,-0.00129,0.00381,0,,,,216.0000,0.0000,0.0000,0.0000,0.0000,0.0000,1
24.7400,0.08394,-0.01397,9.87319,-0.00957,0.00094,0.00235,0,,,,216.0000,0.0000,0.0000,0.0000,0.0000,0.0000,1
24.7600,0.02667,0.05386,9.79910,0.01281,0.00856,0.01102,0,,,,216.0000,0.0000,0.0000,0.0000,0.0000,0.0000,1
24.7800,-0.03845,-0.20490,9.94296,0.00289,-0.00896,0.01439,0,,,,216.0000,0.0000,0.0000,0.0000,0.0000,0.0000,1
24.8000,-0.02892,-0.06393,9.89864,-0.00691,-0.00388,0.01371,0,,,,216.0000,0.0000,0.0000,0.0000,0.0000,0.0000,1
24.8200,0.05689,0.06979,9.94734,0.00206,-0.02169,-0.00385,0,,,,216.0000,0.0000,0.0000,0.0000,0.0000,0.0000,1
24.8400,0.10107,-0.15402,9.83051,0.00471,0.00876,0.00040,0,,,,216.0000,0.0000,0.0000,0.0000,0.0000,0.0000,1
24.8600,-0.01148,-0.03420,9.88472,0.00077,0.00539,-0.00139,0,,,,216.0000,0.0000,0.0000,0.0000,0.0000,0.0000,1
24.8800,0.04961,0.00562,9.82463,0.00872,-0.00181,0.01131,0,,,,216.0000,0.0000,0.0000,0.0000,0.0000,0.0000,1
24.9000,0.05553,0.00011,9.80606,-0.00305,0.00680,0.01008,0,,,,216.0000,0.0000,0.0000,0.0000,0.0000,0.0000,1
24.9200,-0.04184,-0.01553,9.66675,-0.00259,0.00469,0.00400,0,,,,216.0000,0.0000,0.0000,0.0000,0.0000,0.0000,1
24.9400,0.04943,-0.27131,9.82527,0.00471,0.00072,0.01270,0,,,,216.0000,0.0000,0.0000,0.0000,0.0000,0.0000,1
24.9600,0.02318,-0.04325,9.75008,0.00036,-0.01309,-0.00978,0,,,,216.0000,0.0000,0.0000,0.0000,0.0000,0.0000,1
24.9800,-0.04681,0.09069,9.83501,0.00376,-0.00711,-0.00932,0,,,,216.0000,0.0000,0.0000,0.0000,0.0000,0.0000,1
25.0000,0.11489,-0.20378,9.81227,0.00156,-0.00116,-0.00081,0,,,,216.0000,0.0000,0.0000,0.0000,0.0000,0.0000,1
25.0200,-0.10704,-0.09409,9.79675,-0.00418,0.00476,-0.00471,0,,,,216.0000,0.0000,0.0000,0.0000,0.0000,0.0000,1
25.0400,0.06408,-0.01734,9.93349,0.00093,0.00333,0.00362,0,,,,216.0000,0.0000,0.0000,0.0000,0.0000,0.0000,1
25.0600,0.07475,-0.15024,9.64559,0.00502,0.00045,0.00880,0,,,,216.0000,0.0000,0.0000,0.0000,0.0000,0.0000,1
25.0800,-0.00199,0.08918,9.81986,0.00537,0.00176,0.01875,0,,,,216.0000,0.0000,0.0000,0.0000,0.0000,0.0000,1
25.1000,0.01464,-0.08226,9.73680,0.01442,0.00037,0.00862,0,,,,216.0000,0.0000,0.0000,0.0000,0.0000,0.0000,1
25.1200,0.28934,-0.00400,9.75246,0.00043,-0.01080,0.00183,0,,,,216.0000,0.0000,0.0000,0.0000,0.0000,0.0000,1
25.1400,0.00779,-0.07696,9.74519,0.01474,-0.00061,0.00320,0,,,,216.0000,0.0000,0.0000,0.0000,0.0000,0.0000,1
25.1600,0.10061,0.00769,9.87871,0.00748,-0.00193,0.01036,0,,,,216.0000,0.0000,0.0000,0.0000,0.0000,0.0000,1
25.1800,0.10025,-0.01698,9.83902,0.01424,-0.00682,0.00813,0,,,,216.0000,0.0000,0.0000,0.0000,0.0000,0.0000,1
25.2000,0.07311,-0.07876,9.79202,-0.00083,-0.00694,-0.00667,0,,,,216.0000,0.0000,0.0000,0.0000,0.0000,0.0000,1
25.2200,-0.01212,-0.00870,9.95793,0.00644,-0.02380,0.01013,0,,,,216.0000,0.0000,0.0000,0.0000,0.0000,0.0000,1
25.2400,-0.00465,0.00625,9.85552,0.00046,-0.00382,0.00482,0,,,,216.0000,0.0000,0.0000,0.0000,0.0000,0.0000,1
25.2600,0.14755,-0.03157,9.94349,0.00952,0.00234,-0.00929,0,,,,216.0000,0.0000,0.0000,0.0000,0.0000,0.0000,1
25.2800,0.12933,-0.06663,9.91391,-0.00578,-0.01248,0.02081,0,,,,216.0000,0.0000,0.0000,0.0000,0.0000,0.0000,1
25.3000,-0.03656,0.06169,9.86612,-0.00136,-0.00336,-0.00541,0,,,,216.0000,0.0000,0.0000,0.0000,0.0000,0.0000,1
25.3200,0.03890,-0.11662,9.82501,0.00940,-0.00097,-0.00686,0,,,,216.0000,0.0000,0.0000,0.0000,0.0000,0.0000,1
25.3400,0.10812,-0.03057,9.81328,0.00797,-0.00434,-0.00433,0,,,,216.0000,0.0000,0.0000,0.0000,0.0000,0.0000,1
25.3600,0.18782,-0.03138,9.85014,-0.00124,0.00644,0.00080,0,,,,216.0000,0.0000,0.0000,0.0000,0.0000,0.0000,1
25.3800,-0.08360,-0.08429,9.96279,0.00866,-0.00504,0.01599,0,,,,216.0000,0.0000,0.0000,0.0000,0.0000,0.0000,1
25.4000,0.09984,-0.05133,9.84338,0.00463,-0.00966,0.00504,0,,,,216.0000,0.0000,0.0000,0.0000,0.0000,0.0000,1
25.4200,0.06468,-0.16496,9.84150,-0.00042,0.00522,-0.00976,0,,,,216.0000,0.0000,0.0000,0.0000,0.0000,0.0000,1
25.4400,0.00948,-0.06854,9.93346,0.00165,0.01137,0.01030,0,,,,216.0000,0.0000,0.0000,0.0000,0.0000,0.0000,1
25.4600,0.00718,-0.01083,9.82832,0.00888,-0.01366,-0.00159,0,,,,216.0000,0.0000,0.0000,0.0000,0.0000,0.0000,1
25.4800,0.07646,0.06806,9.68049,0.01300,-0.00412,-0.01007,0,,,,216.0000,0.0000,0.0000,0.0000,0.0000,0.0000,1
25.5000,-0.20014,-0.15235,9.85507,0.00147,0.00207,0.00060,0,,,,216.0000,0.0000,0.0000,0.0000,0.0000,0.0000,1
25.5200,-0.04864,-0.06305,9.85934,0.00385,-0.00931,0.01221,0,,,,216.0000,0.0000,0.0000,0.0000,0.0000,0.0000,1
25.5400,-0.00971,-0.09958,9.81326,0.01060,-0.00406,-0.00056,0,,,,216.0000,0.0000,0.0000,0.0000,0.0000,0.0000,1
25.5600,0.11409,0.14142,9.87342,0.01187,0.00529,0.00015,0,,,,216.0000,0.0000,0.0000,0.0000,0.0000,0.0000,1
25.5800,0.04213,-0.13260,9.84025,-0.00301,-0.00622,-0.00100,0,,,,216.0000,0.0000,0.0000,0.0000,0.0000,0.0000,1
25.6000,0.01703,0.01258,9.84709,-0.01291,-0.00897,-0.00716,0,,,,216.0000,0.0000,0.0000,0.0000,0.0000,0.0000,1
25.6200,0.05952,0.01027,9.87717,-0.00430,-0.00103,0.00124,0,,,,216.0000,0.0000,0.0000,0.0000,0.0000,0.0000,1
25.6400,-0.05106,0.02935,9.92209,0.00959,-0.00787,0.01443,0,,,,216.0000,0.0000,0.0000,0.0000,0.0000,0.0000,1
25.6600,0.00051,0.02228,9.81578,0.00021,-0.02237,0.00258,0,,,,216.0000,0.0000,0.0000,0.0000,0.0000,0.0000,1
25.6800,0.04729,-0.06280,9.99715,-0.00730,-0.00751,-0.00224,0,,,,216.0000,0.0000,0.0000,0.0000,0.0000,0.0000,1
25.7000,-0.00510,0.05251,9.97489,-0.00361,-0.00878,-0.00426,0,,,,216.0000,0.0000,0.0000,0.0000,0.0000,0.0000,1
25.7200,0.14450,0.05968,9.84817,-0.00917,-0.01345,0.00637,0,,,,216.0000,0.0000,0.0000,0.0000,0.0000,0.0000,1
25.7400,0.08395,-0.19529,9.83095,0.01495,-0.00474,0.01692,0,,,,216.0000,0.0000,0.0000,0.0000,0.0000,0.0000,1
25.7600,0.09192,-0.11674,9.83324,0.00097,-0.01062,-0.00276,0,,,,216.0000,0.0000,0.0000,0.0000,0.0000,0.0000,1
25.7800,0.16054,-0.10819,9.94292,-0.00149,-0.00321,0.00949,0,,,,216.0000,0.0000,0.0000,0.0000,0.0000,0.0000,1
25.8000,-0.00788,0.01543,9.69294,0.00552,-0.02275,0.00319,0,,,,216.0000,0.0000,0.0000,0.0000,0.0000,0.0000,1
25.8200,0.10834,0.01978,9.75278,-0.00736,-0.00851,0.00649,0,,,,216.0000,0.0000,0.0000,0.0000,0.0000,0.0000,1
25.8400,-0.12255,-0.03106,9.88156,-0.00026,0.00120,0.00679,0,,,,216.0000,0.0000,0.0000,0.0000,0.0000,0.0000,1
25.8600,-0.00333,-0.18490,9.86732,-0.00562,-0.00763,0.00883,0,,,,216.0000,0.0000,0.0000,0.0000,0.0000,0.0000,1
25.8800,0.15339,-0.03304,9.90098,-0.00956,-0.00104,0.00452,0,,,,216.0000,0.0000,0.0000,0.0000,0.0000,0.0000,1
25.9000,0.13834,-0.07324,9.83732,0.01047,-0.00374,-0.00387,0,,,,216.0000,0.0000,0.0000,0.0000,0.0000,0.0000,1
25.9200,0.24413,-0.11629,9.85147,0.00477,-0.00086,0.00348,0,,,,216.0000,0.0000,0.0000,0.0000,0.0000,0.0000,1
25.9400,0.02522,-0.04879,9.76738,0.01920,-0.00476,0.00978,0,,,,216.0000,0.0000,0.0000,0.0000,0.0000,0.0000,1
25.9600,0.01323,-0.05838,9.82021,-0.01040,-0.00428,0.00174,0,,,,216.0000,0.0000,0.0000,0.0000,0.0000,0.0000,1
25.9800,0.13372,-0.12574,9.81048,-0.00519,0.00854,-0.00196,0,,,,216.0000,0.0000,0.0000,0.0000,0.0000,0.0000,1
26.0000,0.08498,0.04761,9.84496,-0.00901,-0.01391,0.01188,0,,,,216.0000,0.0000,0.0000,0.0000,0.0000,0.0000,1
26.0200,-0.06085,0.00136,9.86580,0.00502,0.00077,-0.00247,0,,,,216.0000,0.0000,0.0000,0.0000,0.0000,0.0000,1
26.0400,-0.03804,0.02719,9.80630,-0.02000,0.00219,-0.00329,0,,,,216.0000,0.0000,0.0000,0.0000,0.0000,0.0000,1
26.0600,0.07737,0.08143,9.85799,0.00997,-0.00177,0.01770,0,,,,216.0000,0.0000,0.0000,0.0000,0.0000,0.0000,1
26.0800,-0.04497,-0.03066,9.91050,0.00048,0.00622,0.00154,0,,,,216.0000,0.0000,0.0000,0.0000,0.0000,0.0000,1
26.1000,0.20555,0.13978,9.87922,0.00642,0.00653,-0.00450,0,,,,216.0000,0.0000,0.0000,0.0000,0.0000,0.0000,1
26.1200,-0.06496,0.07051,9.87857,0.00019,-0.00291,-0.01409,0,,,,216.0000,0.0000,0.0000,0.0000,0.0000,0.0000,1
26.1400,0.02476,-0.09024,9.93010,0.00996,0.00161,0.00816,0,,,,216.0000,0.0000,0.0000,0.0000,0.0000,0.0000,1
26.1600,-0.07979,0.01725,9.90700,0.01196,0.01395,-0.00854,0,,,,216.0000,0.0000,0.0000,0.0000,0.0000,0.0000,1
26.1800,0.00892,-0.08938,9.87045,0.00211,-0.00487,0.01322,0,,,,216.0000,0.0000,0.0000,0.0000,0.0000,0.0000,1
26.2000,-0.04811,-0.11329,9.77471,-0.00088,-0.01283,0.00461,0,,,,216.0000,0.0000,0.0000,0.0000,0.0000,0.0000,1
26.2200,0.02676,-0.09292,9.92655,0.00152,0.00550,0.00344,0,,,,216.0000,0.0000,0.0000,0.0000,0.0000,0.0000,1
26.2400,0.03806,-0.07502,9.85609,0.00770,-0.00629,0.00915,0,,,,216.0000,0.0000,0.0000,0.0000,0.0000,0.0000,1
26.2600,-0.02502,0.03072,9.81026,0.00881,-0.00251,0.01717,0,,,,216.0000,0.0000,0.0000,0.0000,0.0000,0.0000,1
26.2800,-0.05233,-0.14809,9.80735,-0.00908,-0.01406,0.00997,0,,,,216.0000,0.0000,0.0000,0.0000,0.0000,0.0000,1
26.3000,0.03967,-0.06837,9.82569,-0.00278,0.01020,-0.00088,0,,,,216.0000,0.0000,0.0000,0.0000,0.0000,0.0000,1
26.3200,-0.06577,0.03368,9.83939,0.01831,-0.00721,0.01177,0,,,,216.0000,0.0000,0.0000,0.0000,0.0000,0.0000,1
26.3400,0.12658,-0.07171,9.79722,0.00793,0.00160,-0.00628,0,,,,216.0000,0.0000,0.0000,0.0000,0.0000,0.0000,1
26.3600,-0.05027,-0.23291,9.90428,-0.00009,-0.00430,-0.00853,0,,,,216.0000,0.0000,0.0000,0.0000,0.0000,0.0000,1
26.3800,-0.04785,-0.06824,9.80286,0.00294,0.00167,0.02316,0,,,,216.0000,0.0000,0.0000,0.0000,0.0000,0.0000,1
26.4000,0.03840,0.05923,9.79025,-0.01140,-0.00582,-0.00778,0,,,,216.0000,0.0000,0.0000,0.0000,0.0000,0.0000,1
26.4200,0.04117,-0.09244,9.70031,0.01589,-0.00730,-0.00810,0,,,,216.0000,0.0000,0.0000,0.0000,0.0000,0.0000,1
26.4400,0.11185,-0.08829,9.94386,-0.00387,-0.00733,0.00776,0,,,,216.0000,0.0000,0.0000,0.0000,0.0000,0.0000,1
26.4600,0.08746,0.03148,9.84947,0.00623,0.00297,0.00660,0,,,,216.0000,0.0000,0.0000,0.0000,0.0000,0.0000,1
26.4800,0.02859,-0.14562,9.90458,0.00234,-0.00631,0.01522,0,,,,216.0000,0.0000,0.0000,0.0000,0.0000,0.0000,1
26.5000,-0.07423,0.10152,9.85487,0.00454,-0.00616,-0.00834,0,,,,216.0000,0.0000,0.0000,0.0000,0.0000,0.0000,1
26.5200,0.02883,-0.00322,9.91075,0.00042,-0.02054,-0.00733,0,,,,216.0000,0.0000,0.0000,0.0000,0.0000,0.0000,1
26.5400,0.20416,-0.11740,9.97081,-0.00547,-0.00446,0.01000,0,,,,216.0000,0.0000,0.0000,0.0000,0.0000,0.0000,1
26.5600,-0.02562,0.09738,9.86271,0.00569,-0.00514,0.01027,0,,,,216.0000,0.0000,0.0000,0.0000,0.0000,0.0000,1
26.5800,0.16630,-0.04050,9.99503,-0.00289,0.00311,0.00891,0,,,,216.0000,0.0000,0.0000,0.0000,0.0000,0.0000,1
26.6000,-0.04549,-0.01290,9.85724,-0.00483,-0.00014,0.00617,0,,,,216.0000,0.0000,0.0000,0.0000,0.0000,0.0000,1
26.6200,0.03419,-0.03549,9.84945,-0.00094,-0.00188,-0.00015,0,,,,216.0000,0.0000,0.0000,0.0000,0.0000,0.0000,1
26.6400,0.25254,-0.14275,9.80987,-0.00205,0.01332,-0.00556,0,,,,216.0000,0.0000,0.0000,0.0000,0.0000,0.0000,1
26.6600,0.07407,-0.01013,9.88334,0.01189,0.00673,0.00139,0,,,,216.0000,0.0000,0.0000,0.0000,0.0000,0.0000,1
26.6800,0.05552,-0.17913,9.86458,-0.00435,-0.00449,-0.00848,0,,,,216.0000,0.0000,0.0000,0.0000,0.0000,0.0000,1
26.7000,0.07239,-0.16573,9.86851,-0.00781,-0.00980,0.01424,0,,,,216.0000,0.0000,0.0000,0.0000,0.0000,0.0000,1
26.7200,0.08703,0.06194,9.98143,-0.00418,0.00899,-0.00672,0,,,,216.0000,0.0000,0.0000,0.0000,0.0000,0.0000,1
26.7400,0.09969,-0.06947,9.78223,0.00692,0.00456,0.01232,0,,,,216.0000,0.0000,0.0000,0.0000,0.0000,0.0000,1
26.7600,0.05719,-0.01944,9.89880,0.00443,0.00133,0.00663,0,,,,216.0000,0.0000,0.0000,0.0000,0.0000,0.0000,1
26.7800,0.10742,-0.16018,9.84615,-0.00907,-0.00079,0.01814,0,,,,216.0000,0.0000,0.0000,0.0000,0.0000,0.0000,1
26.8000,0.00207,-0.01982,9.91717,-0.01454,-0.00718,0.00792,0,,,,216.0000,0.0000,0.0000,0.0000,0.0000,0.0000,1
26.8200,-0.19176,-0.10814,9.94472,0.01002,-0.00001,0.01206,0,,,,216.0000,0.0000,0.0000,0.0000,0.0000,0.0000,1
26.8400,0.05721,0.01443,9.83140,0.00293,-0.00806,0.01511,0,,,,216.0000,0.0000,0.0000,0.0000,0.0000,0.0000,1
26.8600,0.16172,0.08039,9.82400,-0.00563,0.00722,0.00935,0,,,,216.0000,0.0000,0.0000,0.0000,0.0000,0.0000,1
26.8800,0.06629,-0.08069,9.89070,-0.00668,0.00207,0.01603,0,,,,216.0000,0.0000,0.0000,0.0000,0.0000,0.0000,1
26.9000,0.17048,0.02668,9.74609,0.00358,0.01412,-0.00195,0,,,,216.0000,0.0000,0.0000,0.0000,0.0000,0.0000,1
26.9200,0.03527,0.08308,9.90602,0.02184,-0.00886,-0.00292,0,,,,216.0000,0.0000,0.0000,0.0000,0.0000,0.0000,1
26.9400,0.13793,-0.12567,9.84091,0.00147,0.00529,0.00991,0,,,,216.0000,0.0000,0.0000,0.0000,0.0000,0.0000,1
26.9600,0.07657,-0.06219,9.95385,0.03421,0.00253,0.00580,0,,,,216.0000,0.0000,0.0000,0.0000,0.0000,0.0000,1
26.9800,-0.06383,-0.08100,9.83955,-0.00228,-0.00313,0.01922,0,,,,216.0000,0.0000,0.0000,0.0000,0.0000,0.0000,1
27.0000,0.13977,-0.04271,9.75999,0.01270,-0.00339,-0.00881,0,,,,216.0000,0.0000,0.0000,0.0000,0.0000,0.0000,1
27.0200,0.09699,0.05205,9.66258,-0.00460,-0.00388,0.01088,0,,,,216.0000,0.0000,0.0000,0.0000,0.0000,0.0000,1
27.0400,-0.00126,-0.09657,9.91482,-0.00175,0.00134,-0.00389,0,,,,216.0000,0.0000,0.0000,0.0000,0.0000,0.0000,1
27.0600,-0.06819,0.03042,9.87685,0.00938,-0.00726,-0.00136,0,,,,216.0000,0.0000,0.0000,0.0000,0.0000,0.0000,1
27.0800,0.14886,-0.15184,9.95677,0.01256,0.00388,-0.00050,0,,,,216.0000,0.0000,0.0000,0.0000,0.0000,0.0000,1
27.1000,-0.02532,-0.04680,9.75305,-0.00569,0.00216,0.01019,0,,,,216.0000,0.0000,0.0000,0.0000,0.0000,0.0000,1
27.1200,-0.04397,0.02409,9.89299,0.01408,0.00155,0.01347,0,,,,216.0000,0.0000,0.0000,0.0000,0.0000,0.0000,1
27.1400,0.07817,0.04839,9.75368,0.00103,-0.00331,0.00305,0,,,,216.0000,0.0000,0.0000,0.0000,0.0000,0.0000,1
27.1600,0.07551,0.02075,9.88803,0.00058,-0.00889,0.01378,0,,,,216.0000,0.0000,0.0000,0.0000,0.0000,0.0000,1
27.1800,0.06798,-0.11149,9.84115,-0.01195,-0.00272,0.00341,0,,,,216.0000,0.0000,0.0000,0.0000,0.0000,0.0000,1
27.2000,-0.00596,0.09677,9.76416,0.00765,0.01449,0.01362,0,,,,216.0000,0.0000,0.0000,0.0000,0.0000,0.0000,1
27.2200,0.03748,-0.12073,9.74769,-0.00129,-0.00850,-0.00076,0,,,,216.0000,0.0000,0.0000,0.0000,0.0000,0.0000,1
27.2400,0.01389,-0.03818,9.89547,-0.00790,-0.00846,0.00372,0,,,,216.0000,0.0000,0.0000,0.0000,0.0000,0.0000,1
27.2600,0.02436,0.11691,9.87523,-0.01091,0.00035,0.00937,0,,,,216.0000,0.0000,0.0000,0.0000,0.0000,0.0000,1
27.2800,0.02999,-0.12707,9.99729,-0.00656,0.00229,0.00660,0,,,,216.0000,0.0000,0.0000,0.0000,0.0000,0.0000,1
27.3000,0.08806,0.10655,9.90158,-0.00247,0.00585,-0.00005,0,,,,216.0000,0.0000,0.0000,0.0000,0.0000,0.0000,1
27.3200,0.05308,-0.13345,9.77399,0.00241,-0.00006,-0.00862,0,,,,216.0000,0.0000,0.0000,0.0000,0.0000,0.0000,1
27.3400,0.07978,-0.09555,9.95903,-0.00082,-0.01199,0.00561,0,,,,216.0000,0.0000,0.0000,0.0000,0.0000,0.0000,1
27.3600,-0.03330,0.07152,9.85669,0.00079,0.00173,-0.00304,0,,,,216.0000,0.0000,0.0000,0.0000,0.0000,0.0000,1
27.3800,-0.06313,0.00267,9.76868,-0.00680,0.00369,0.00920,0,,,,216.0000,0.0000,0.0000,0.0000,0.0000,0.0000,1
27.4000,-0.06031,-0.07953,9.78435,0.01621,0.00425,0.00163,0,,,,216.0000,0.0000,0.0000,0.0000,0.0000,0.0000,1
27.4200,0.08610,-0.13849,9.80284,0.00284,0.00062,0.00422,0,,,,216.0000,0.0000,0.0000,0.0000,0.0000,0.0000,1
27.4400,0.05984,-0.02373,9.84356,-0.00037,-0.00641,0.00686,0,,,,216.0000,0.0000,0.0000,0.0000,0.0000,0.0000,1
27.4600,0.07287,-0.01413,9.76236,-0.00599,0.00019,0.01677,0,,,,216.0000,0.0000,0.0000,0.0000,0.0000,0.0000,1
27.4800,0.05219,-0.06293,9.87460,-0.00709,0.00747,0.00649,0,,,,216.0000,0.0000,0.0000,0.0000,0.0000,0.0000,1
27.5000,-0.01356,-0.04334,9.81449,0.01249,-0.00462,0.00624,0,,,,216.0000,0.0000,0.0000,0.0000,0.0000,0.0000,1
27.5200,0.08590,-0.08926,9.87215,0.00420,-0.01543,0.00702,0,,,,216.0000,0.0000,0.0000,0.0000,0.0000,0.0000,1
27.5400,0.03634,-0.01960,9.85950,0.00407,0.00770,-0.00444,0,,,,216.0000,0.0000,0.0000,0.0000,0.0000,0.0000,1
27.5600,0.01263,0.02333,9.89512,0.00568,0.01903,0.00991,0,,,,216.0000,0.0000,0.0000,0.0000,0.0000,0.0000,1
27.5800,0.13048,-0.05457,9.77722,-0.00051,0.00270,0.00825,0,,,,216.0000,0.0000,0.0000,0.0000,0.0000,0.0000,1
27.6000,0.07226,-0.04715,9.82675,0.00056,0.00280,0.01173,0,,,,216.0000,0.0000,0.0000,0.0000,0.0000,0.0000,1
27.6200,-0.04050,0.03099,9.80459,0.00575,-0.00454,0.01753,0,,,,216.0000,0.0000,0.0000,0.0000,0.0000,0.0000,1
27.6400,0.00655,-0.01571,9.90518,-0.00499,-0.00358,0.00287,0,,,,216.0000,0.0000,0.0000,0.0000,0.0000,0.0000,1
27.6600,-0.00111,-0.06518,9.94561,-0.00279,0.00153,0.00752,0,,,,216.0000,0.0000,0.0000,0.0000,0.0000,0.0000,1
27.6800,-0.07176,0.01153,9.74357,0.00702,-0.00706,0.00507,0,,,,216.0000,0.0000,0.0000,0.0000,0.0000,0.0000,1
27.7000,-0.06354,-0.02021,9.93081,-0.00446,-0.00786,0.00864,0,,,,216.0000,0.0000,0.0000,0.0000,0.0000,0.0000,1
27.7200,0.07837,-0.22473,10.01788,0.00623,0.00258,0.00385,0,,,,216.0000,0.0000,0.0000,0.0000,0.0000,0.0000,1
27.7400,-0.10843,0.02398,9.81143,0.00635,-0.00475,0.00690,0,,,,216.0000,0.0000,0.0000,0.0000,0.0000,0.0000,1
27.7600,-0.02200,0.03915,9.76158,0.01996,0.01490,0.01806,0,,,,216.0000,0.0000,0.0000,0.0000,0.0000,0.0000,1
27.7800,0.14204,-0.03676,9.94997,0.00123,-0.01543,0.01703,0,,,,216.0000,0.0000,0.0000,0.0000,0.0000,0.0000,1
27.8000,0.13031,-0.03251,9.75864,-0.00269,-0.01757,0.01256,0,,,,216.0000,0.0000,0.0000,0.0000,0.0000,0.0000,1
27.8200,-0.08826,-0.00705,9.78915,-0.00941,-0.00109,0.00233,0,,,,216.0000,0.0000,0.0000,0.0000,0.0000,0.0000,1
27.8400,0.10706,-0.13141,9.79606,-0.01710,-0.02047,0.01939,0,,,,216.0000,0.0000,0.0000,0.0000,0.0000,0.0000,1
27.8600,0.20669,-0.02258,9.79074,-0.00039,0.00399,0.00088,0,,,,216.0000,0.0000,0.0000,0.0000,0.0000,0.0000,1
27.8800,0.05901,-0.03102,9.81114,-0.00221,-0.00065,-0.00282,0,,,,216.0000,0.0000,0.0000,0.0000,0.0000,0.0000,1
27.9000,0.07614,-0.06773,9.86684,0.01307,-0.00435,0.01236,0,,,,216.0000,0.0000,0.0000,0.0000,0.0000,0.0000,1
27.9200,-0.10336,-0.06763,9.85887,0.01739,-0.01868,0.00423,0,,,,216.0000,0.0000,0.0000,0.0000,0.0000,0.0000,1
27.9400,0.15654,-0.09280,9.83962,0.00465,-0.00152,0.01753,0,,,,216.0000,0.0000,0.0000,0.0000,0.0000,0.0000,1
27.9600,0.07588,0.07622,9.82785,-0.00392,-0.00481,-0.00427,0,,,,216.0000,0.0000,0.0000,0.0000,0.0000,0.0000,1
27.9800,0.07868,-0.06087,9.80291,0.00599,-0.01215,0.01116,0,,,,216.0000,0.0000,0.0000,0.0000,0.0000,0.0000,1
28.0000,0.00173,0.06273,9.82523,0.00706,-0.00156,0.01095,0,,,,216.0000,0.0000,0.0000,0.0000,0.0000,0.0000,1
28.0200,0.04880,-0.16307,9.93735,0.00130,0.00332,0.01052,0,,,,216.0000,0.0000,0.0000,0.0000,0.0000,0.0000,1
28.0400,-0.02186,-0.10318,9.90908,-0.00043,0.00449,0.00357,0,,,,216.0000,0.0000,0.0000,0.0000,0.0000,0.0000,1
28.0600,0.12187,0.00386,9.87969,-0.00099,-0.00114,0.01454,0,,,,216.0000,0.0000,0.0000,0.0000,0.0000,0.0000,1
28.0800,0.03566,0.01249,9.86036,0.00300,0.01079,0.01461,0,,,,216.0000,0.0000,0.0000,0.0000,0.0000,0.0000,1
28.1000,0.04635,-0.01284,9.80050,0.00062,-0.00052,0.01180,0,,,,216.0000,0.0000,0.0000,0.0000,0.0000,0.0000,1
28.1200,0.09994,-0.11874,9.93481,0.00129,-0.01090,0.01569,0,,,,216.0000,0.0000,0.0000,0.0000,0.0000,0.0000,1
28.1400,0.15706,-0.00890,9.91335,0.00814,0.00817,0.01082,0,,,,216.0000,0.0000,0.0000,0.0000,0.0000,0.0000,1
28.1600,-0.06622,0.13078,9.94190,-0.00208,-0.01124,0.00904,0,,,,216.0000,0.0000,0.0000,0.0000,0.0000,0.0000,1
28.1800,0.01774,-0.00360,9.91612,-0.00253,-0.01193,0.00809,0,,,,216.0000,0.0000,0.0000,0.0000,0.0000,0.0000,1
28.2000,-0.00267,-0.01831,9.74918,-0.00002,0.00272,0.00985,0,,,,216.0000,0.0000,0.0000,0.0000,0.0000,0.0000,1
28.2200,-0.02307,-0.12346,9.85791,0.00649,0.00024,0.00090,0,,,,216.0000,0.0000,0.0000,0.0000,0.0000,0.0000,1
28.2400,0.06383,0.09019,9.87306,-0.01107,-0.00137,0.02135,0,,,,216.0000,0.0000,0.0000,0.0000,0.0000,0.0000,1
28.2600,-0.06299,-0.02762,9.83854,0.00277,-0.00145,0.01412,0,,,,216.0000,0.0000,0.0000,0.0000,0.0000,0.0000,1
28.2800,0.04678,0.07218,9.84724,-0.00080,-0.00835,-0.00954,0,,,,216.0000,0.0000,0.0000,0.0000,0.0000,0.0000,1
28.3000,0.06206,0.13432,9.89331,0.00749,-0.00630,0.00305,0,,,,216.0000,0.0000,0.0000,0.0000,0.0000,0.0000,1
28.3200,0.11877,0.13070,9.97569,0.00844,-0.00272,0.00668,0,,,,216.0000,0.0000,0.0000,0.0000,0.0000,0.0000,1
28.3400,-0.02028,-0.14585,9.76651,0.00240,-0.00534,-0.00676,0,,,,216.0000,0.0000,0.0000,0.0000,0.0000,0.0000,1
28.3600,0.03701,-0.05547,9.76282,-0.00096,-0.00557,0.00007,0,,,,216.0000,0.0000,0.0000,0.0000,0.0000,0.0000,1
28.3800,0.11413,-0.18223,9.69779,0.00203,-0.00223,0.00823,0,,,,216.0000,0.0000,0.0000,0.0000,0.0000,0.0000,1
28.4000,-0.00312,-0.10343,9.85606,-0.00153,0.00941,0.00241,0,,,,216.0000,0.0000,0.0000,0.0000,0.0000,0.0000,1
28.4200,0.03575,0.16803,9.84107,0.00645,0.00217,0.01085,0,,,,216.0000,0.0000,0.0000,0.0000,0.0000,0.0000,1
28.4400,0.06316,-0.01449,9.86468,-0.00261,-0.00040,0.02123,0,,,,216.0000,0.0000,0.0000,0.0000,0.0000,0.0000,1
28.4600,0.13685,-0.00569,9.92512,-0.00495,-0.00508,0.01258,0,,,,216.0000,0.0000,0.0000,0.0000,0.0000,0.0000,1
28.4800,0.15897,-0.09167,9.81796,0.01945,-0.00223,0.01959,0,,,,216.0000,0.0000,0.0000,0.0000,0.0000,0.0000,1
28.5000,0.05655,-0.01031,9.83221,0.00954,0.00786,-0.00328,0,,,,216.0000,0.0000,0.0000,0.0000,0.0000,0.0000,1
28.5200,0.01180,0.04321,9.84629,-0.00195,0.00508,0.01383,0,,,,216.0000,0.0000,0.0000,0.0000,0.0000,0.0000,1
28.5400,0.00403,-0.01301,9.75997,-0.00516,-0.00201,0.00525,0,,,,216.0000,0.0000,0.0000,0.0000,0.0000,0.0000,1
28.5600,-0.03735,-0.08728,9.77145,0.00564,-0.01874,-0.00309,0,,,,216.0000,0.0000,0.0000,0.0000,0.0000,0.0000,1
28.5800,-0.10904,0.00352,9.71243,0.00225,0.01012,0.01839,0,,,,216.0000,0.0000,0.0000,0.0000,0.0000,0.0000,1
28.6000,-0.10447,-0.00613,9.77753,-0.00755,-0.00391,0.01483,0,,,,216.0000,0.0000,0.0000,0.0000,0.0000,0.0000,1
28.6200,0.08797,-0.08721,9.91305,-0.01595,-0.00902,-0.00159,0,,,,216.0000,0.0000,0.0000,0.0000,0.0000,0.0000,1
28.6400,0.04627,-0.04623,9.84533,0.00060,-0.00282,0.00932,0,,,,216.0000,0.0000,0.0000,0.0000,0.0000,0.0000,1
28.6600,0.05195,-0.05275,9.88879,0.00861,-0.00745,0.00452,0,,,,216.0000,0.0000,0.0000,0.0000,0.0000,0.0000,1
28.6800,0.13295,-0.11822,10.00103,-0.00871,-0.00576,-0.00260,0,,,,216.0000,0.0000,0.0000,0.0000,0.0000,0.0000,1
28.7000,0.21503,-0.07027,9.81658,-0.00097,-0.00224,0.00237,0,,,,216.0000,0.0000,0.0000,0.0000,0.0000,0.0000,1
28.7200,0.02937,-0.31234,9.86122,0.00214,0.00531,0.01547,0,,,,216.0000,0.0000,0.0000,0.0000,0.0000,0.0000,1
28.7400,0.02498,0.03530,9.76852,0.00814,-0.00758,-0.00448,0,,,,216.0000,0.0000,0.0000,0.0000,0.0000,0.0000,1
28.7600,0.02515,0.08204,9.87113,0.01397,-0.00899,0.01338,0,,,,216.0000,0.0000,0.0000,0.0000,0.0000,0.0000,1
28.7800,-0.01217,-0.01197,9.87398,0.00729,-0.00099,-0.00091,0,,,,216.0000,0.0000,0.0000,0.0000,0.0000,0.0000,1
28.8000,0.11042,0.10853,9.80995,-0.01268,0.00099,0.00235,0,,,,216.0000,0.0000,0.0000,0.0000,0.0000,0.0000,1
28.8200,0.02951,0.01449,9.82014,-0.00015,-0.00380,0.01676,0,,,,216.0000,0.0000,0.0000,0.0000,0.0000,0.0000,1
28.8400,0.04241,-0.12885,9.76098,0.00311,-0.01204,-0.00750,0,,,,216.0000,0.0000,0.0000,0.0000,0.0000,0.0000,1
28.8600,0.09084,0.02476,9.82720,0.00435,-0.00150,0.00982,0,,,,216.0000,0.0000,0.0000,0.0000,0.0000,0.0000,1
28.8800,0.08838,-0.23846,9.83741,0.00614,-0.00628,0.00529,0,,,,216.0000,0.0000,0.0000,0.0000,0.0000,0.0000,1
28.9000,0.10006,-0.02353,9.97728,0.01102,-0.00395,0.00342,0,,,,216.0000,0.0000,0.0000,0.0000,0.0000,0.0000,1
28.9200,-0.18803,-0.05612,9.74839,0.00377,-0.00178,0.01057,0,,,,216.0000,0.0000,0.0000,0.0000,0.0000,0.0000,1
28.9400,0.15173,-0.03210,10.03908,0.00386,-0.01348,0.00050,0,,,,216.0000,0.0000,0.0000,0.0000,0.0000,0.0000,1
28.9600,0.01018,0.01737,9.78087,-0.00038,-0.00429,0.00142,0,,,,216.0000,0.0000,0.0000,0.0000,0.0000,0.0000,1
28.9800,0.10491,0.02131,9.94998,-0.00065,0.00662,-0.00591,0,,,,216.0000,0.0000,0.0000,0.0000,0.0000,0.0000,1
29.0000,-0.07107,-0.12710,9.85739,0.01162,-0.00782,0.00119,0,,,,216.0000,0.0000,0.0000,0.0000,0.0000,0.0000,1
29.0200,0.02272,0.01583,9.81844,-0.00227,-0.01376,0.00043,0,,,,216.0000,0.0000,0.0000,0.0000,0.0000,0.0000,1
29.0400,0.13420,-0.02273,9.79746,0.01189,-0.00768,0.01636,0,,,,216.0000,0.0000,0.0000,0.0000,0.0000,0.0000,1
29.0600,0.15229,-0.02552,9.73677,0.02032,0.00010,0.00241,0,,,,216.0000,0.0000,0.0000,0.0000,0.0000,0.0000,1
29.0800,0.11649,0.02618,9.96153,-0.00330,-0.00045,-0.00449,0,,,,216.0000,0.0000,0.0000,0.0000,0.0000,0.0000,1
29.1000,0.09331,-0.03184,9.87913,0.00083,-0.00501,-0.00195,0,,,,216.0000,0.0000,0.0000,0.0000,0.0000,0.0000,1
29.1200,0.10323,0.08918,9.81212,0.00643,0.00046,0.00506,0,,,,216.0000,0.0000,0.0000,0.0000,0.0000,0.0000,1
29.1400,-0.08213,-0.13413,9.79417,-0.01511,0.00826,0.00794,0,,,,216.0000,0.0000,0.0000,0.0000,0.0000,0.0000,1
29.1600,0.03760,-0.20522,9.71074,0.00198,0.01276,-0.00059,0,,,,216.0000,0.0000,0.0000,0.0000,0.0000,0.0000,1
29.1800,0.10910,-0.06839,9.86107,0.01172,-0.00577,-0.00052,0,,,,216.0000,0.0000,0.0000,0.0000,0.0000,0.0000,1
29.2000,0.15345,-0.02636,9.94395,-0.00348,0.00825,0.00719,0,,,,216.0000,0.0000,0.0000,0.0000,0.0000,0.0000,1
29.2200,0.07478,-0.01947,9.81621,0.00199,-0.00654,0.01268,0,,,,216.0000,0.0000,0.0000,0.0000,0.0000,0.0000,1
29.2400,0.02376,-0.14972,9.72230,-0.01181,0.00194,-0.00421,0,,,,216.0000,0.0000,0.0000,0.0000,0.0000,0.0000,1
29.2600,0.06401,-0.01907,9.85147,0.00551,-0.00173,-0.01668,0,,,,216.0000,0.0000,0.0000,0.0000,0.0000,0.0000,1
29.2800,0.01411,0.00401,9.98787,0.01549,-0.01391,0.00220,0,,,,216.0000,0.0000,0.0000,0.0000,0.0000,0.0000,1
29.3000,-0.08529,0.09159,9.93768,0.00480,-0.00167,0.01605,0,,,,216.0000,0.0000,0.0000,0.0000,0.0000,0.0000,1
29.3200,0.13691,0.06264,9.89318,-0.00079,0.00314,0.01153,0,,,,216.0000,0.0000,0.0000,0.0000,0.0000,0.0000,1
29.3400,0.02475,-0.05810,9.94732,0.01531,-0.00900,0.00289,0,,,,216.0000,0.0000,0.0000,0.0000,0.0000,0.0000,1
29.3600,0.06807,0.00893,9.81486,0.01707,0.00038,0.00925,0,,,,216.0000,0.0000,0.0000,0.0000,0.0000,0.0000,1
29.3800,0.18071,-0.06592,9.84958,-0.00803,-0.00438,-0.00691,0,,,,216.0000,0.0000,0.0000,0.0000,0.0000,0.0000,1
29.4000,0.09983,0.00360,9.83448,0.00120,0.00309,-0.00409,0,,,,216.0000,0.0000,0.0000,0.0000,0.0000,0.0000,1
29.4200,0.05633,0.02596,9.71407,0.00748,-0.01639,0.00406,0,,,,216.0000,0.0000,0.0000,0.0000,0.0000,0.0000,1
29.4400,-0.05307,0.08450,9.76408,-0.01120,-0.00193,0.00169,0,,,,216.0000,0.0000,0.0000,0.0000,0.0000,0.0000,1
29.4600,-0.08037,0.01207,9.69733,-0.00629,-0.00760,0.01142,0,,,,216.0000,0.0000,0.0000,0.0000,0.0000,0.0000,1
29.4800,0.14364,0.05822,9.84439,-0.01742,0.00013,0.01676,0,,,,216.0000,0.0000,0.0000,0.0000,0.0000,0.0000,1
29.5000,0.13870,0.00704,9.76149,-0.00220,0.01247,-0.00633,0,,,,216.0000,0.0000,0.0000,0.0000,0.0000,0.0000,1
29.5200,-0.05183,0.04540,9.82216,-0.00745,0.00922,0.00869,0,,,,216.0000,0.0000,0.0000,0.0000,0.0000,0.0000,1
29.5400,0.00946,-0.12166,10.02044,0.00180,0.00818,0.01215,0,,,,216.0000,0.0000,0.0000,0.0000,0.0000,0.0000,1
29.5600,-0.00167,-0.07104,9.97236,0.01370,-0.01802,0.00940,0,,,,216.0000,0.0000,0.0000,0.0000,0.0000,0.0000,1
29.5800,0.03030,-0.11267,9.87759,-0.00880,-0.00673,-0.00139,0,,,,216.0000,0.0000,0.0000,0.0000,0.0000,0.0000,1
29.6000,0.00002,-0.03572,9.77540,0.01459,0.00095,0.01936,0,,,,216.0000,0.0000,0.0000,0.0000,0.0000,0.0000,1
29.6200,0.02719,-0.07390,9.99732,-0.00262,-0.00443,0.01076,0,,,,216.0000,0.0000,0.0000,0.0000,0.0000,0.0000,1
29.6400,-0.05902,0.02690,9.90332,0.01215,0.00412,0.01540,0,,,,216.0000,0.0000,0.0000,0.0000,0.0000,0.0000,1
29.6600,0.03117,-0.09901,10.02545,-0.01021,-0.01441,0.00952,0,,,,216.0000,0.0000,0.0000,0.0000,0.0000,0.0000,1
29.6800,0.17000,-0.01484,9.93659,-0.01397,-0.00700,-0.00999,0,,,,216.0000,0.0000,0.0000,0.0000,0.0000,0.0000,1
29.7000,0.10243,-0.15378,9.75442,0.00611,0.00549,0.00373,0,,,,216.0000,0.0000,0.0000,0.0000,0.0000,0.0000,1
29.7200,0.08561,0.01302,9.83942,-0.00676,0.00152,0.00990,0,,,,216.0000,0.0000,0.0000,0.0000,0.0000,0.0000,1
29.7400,0.11152,-0.00503,9.76317,0.00752,-0.00301,0.00114,0,,,,216.0000,0.0000,0.0000,0.0000,0.0000,0.0000,1
29.7600,0.01643,-0.08522,9.92776,-0.00934,-0.01095,0.00237,0,,,,216.0000,0.0000,0.0000,0.0000,0.0000,0.0000,1
29.7800,0.16910,0.05434,9.72538,0.01281,0.00780,-0.00439,0,,,,216.0000,0.0000,0.0000,0.0000,0.0000,0.0000,1
29.8000,-0.16172,-0.03578,9.94644,0.01473,-0.00997,0.01902,0,,,,216.0000,0.0000,0.0000,0.0000,0.0000,0.0000,1
29.8200,-0.13823,-0.05944,9.82327,0.01122,0.00739,0.01263,0,,,,216.0000,0.0000,0.0000,0.0000,0.0000,0.0000,1
29.8400,-0.06804,0.03901,9.89737,-0.01137,-0.01954,0.01330,0,,,,216.0000,0.0000,0.0000,0.0000,0.0000,0.0000,1
29.8600,0.02559,-0.13281,9.84000,0.00491,-0.00366,-0.00742,0,,,,216.0000,0.0000,0.0000,0.0000,0.0000,0.0000,1
29.8800,0.19084,0.05034,9.82982,-0.00036,-0.00012,-0.00404,0,,,,216.0000,0.0000,0.0000,0.0000,0.0000,0.0000,1
29.9000,0.06581,-0.13646,9.85101,-0.00735,-0.01194,0.01817,0,,,,216.0000,0.0000,0.0000,0.0000,0.0000,0.0000,1
29.9200,0.04474,-0.01341,9.69574,-0.00278,0.00069,0.00655,0,,,,216.0000,0.0000,0.0000,0.0000,0.0000,0.0000,1
29.9400,-0.13232,-0.01343,9.88597,0.01227,-0.00824,-0.01294,0,,,,216.0000,0.0000,0.0000,0.0000,0.0000,0.0000,1
29.9600,-0.03974,-0.11777,9.91559,-0.01973,-0.00659,0.01641,0,,,,216.0000,0.0000,0.0000,0.0000,0.0000,0.0000,1
29.9800,0.04058,0.04171,9.72531,-0.01082,0.00850,0.00581,0,,,,216.0000,0.0000,0.0000,0.0000,0.0000,0.0000,1
30.0000,3.04826,0.00055,9.86471,-0.00717,0.00649,0.02682,0,,,,216.0012,0.0000,0.0000,0.0600,0.0000,0.0000,0
30.0200,3.03454,-0.19237,9.73610,-0.01148,0.00944,-0.00323,0,,,,216.0036,0.0000,0.0000,0.1200,0.0000,0.0000,0
30.0400,3.09248,0.10990,10.09500,0.00040,-0.00624,0.00557,0,,,,216.0072,0.0000,0.0000,0.1800,0.0000,0.0000,0
30.0600,2.88121,-0.12700,9.98206,0.00348,0.01405,0.00851,0,,,,216.0120,0.0000,0.0000,0.2400,0.0000,0.0000,0
30.0800,3.25185,-0.10817,9.91370,-0.00378,0.00016,0.01051,0,,,,216.0180,0.0000,0.0000,0.3000,0.0000,0.0000,0
30.1000,2.92986,0.19967,9.90035,0.01142,0.00311,0.01911,0,,,,216.0252,0.0000,0.0000,0.3600,0.0000,0.0000,0
30.1200,3.01750,0.00313,9.65948,-0.00251,0.00149,0.01487,0,,,,216.0336,0.0000,0.0000,0.4200,0.0000,0.0000,0
30.1400,2.88990,0.03415,9.76313,0.00051,0.00383,0.03249,0,,,,216.0432,0.0000,0.0000,0.4800,0.0000,0.0000,0
30.1600,3.08859,-0.20787,9.72309,-0.00060,-0.01052,0.00874,0,,,,216.0540,0.0000,0.0000,0.5400,0.0000,0.0000,0
30.1800,3.10600,0.04918,10.07326,-0.00388,-0.00396,0.01011,0,,,,216.0660,0.0000,0.0000,0.6000,0.0000,0.0000,0
30.2000,3.04083,-0.02488,10.00506,0.01041,-0.00832,0.01234,0,,,,216.0792,0.0000,0.0000,0.6600,0.0000,0.0000,0
30.2200,3.21370,0.15533,9.83175,-0.00526,0.00359,-0.01621,0,,,,216.0936,0.0000,0.0000,0.7200,0.0000,0.0000,0
30.2400,2.96149,0.03230,9.85471,-0.00144,-0.01159,0.00083,0,,,,216.1092,0.0000,0.0000,0.7800,0.0000,0.0000,0
30.2600,3.11847,-0.10711,9.75346,-0.00017,-0.00526,0.01999,0,,,,216.1260,0.0000,0.0000,0.8400,0.0000,0.0000,0
30.2800,2.90715,0.06183,9.70192,-0.00272,-0.01663,-0.00757,0,,,,216.1440,0.0000,0.0000,0.9000,0.0000,0.0000,0
30.3000,3.01397,-0.11239,9.82862,-0.01229,-0.00739,-0.00594,0,,,,216.1632,0.0000,0.0000,0.9600,0.0000,0.0000,0
30.3200,2.98902,0.17229,9.76309,0.00162,0.00864,0.00866,0,,,,216.1836,0.0000,0.0000,1.0200,0.0000,0.0000,0
30.3400,2.96415,-0.13634,9.82029,0.00536,0.00112,-0.00594,0,,,,216.2052,0.0000,0.0000,1.0800,0.0000,0.0000,0
30.3600,3.11182,0.06575,10.00154,0.00865,0.00082,0.00257,0,,,,216.2280,0.0000,0.0000,1.1400,0.0000,0.0000,0
30.3800,3.02220,-0.17634,9.86888,-0.02356,-0.00356,-0.00157,0,,,,216.2520,0.0000,0.0000,1.2000,0.0000,0.0000,0
30.4000,3.18595,-0.15062,9.87541,0.00576,-0.01124,0.00827,0,,,,216.2772,0.0000,0.0000,1.2600,0.0000,0.0000,0
30.4200,2.87567,-0.02509,9.88922,0.00962,-0.00226,-0.00151,0,,,,216.3036,0.0000,0.0000,1.3200,0.0000,0.0000,0
30.4400,3.11194,-0.03014,9.68249,0.00058,-0.00609,0.00417,0,,,,216.3312,0.0000,0.0000,1.3800,0.0000,0.0000,0
30.4600,2.87711,-0.09068,9.77855,0.00971,-0.01734,0.00795,0,,,,216.3600,0.0000,0.0000,1.4400,0.0000,0.0000,0
30.4800,3.17083,-0.09390,9.74117,-0.00555,-0.00235,0.00698,0,,,,216.3900,0.0000,0.0000,1.5000,0.0000,0.0000,0
30.5000,3.04766,0.07559,9.77004,0.00538,0.00077,0.00661,0,,,,216.4212,0.0000,0.0000,1.5600,0.0000,0.0000,0
30.5200,3.00470,-0.00723,9.88885,0.01225,-0.00887,0.01387,0,,,,216.4536,0.0000,0.0000,1.6200,0.0000,0.0000,0
30.5400,3.22082,0.03403,10.10929,0.00575,-0.01002,0.00201,0,,,,216.4872,0.0000,0.0000,1.6800,0.0000,0.0000,0
30.5600,3.02204,-0.00725,9.86447,0.00089,-0.00137,0.00094,0,,,,216.5220,0.0000,0.0000,1.7400,0.0000,0.0000,0
30.5800,3.34839,-0.00377,9.86675,0.01153,-0.00592,0.01306,0,,,,216.5580,0.0000,0.0000,1.8000,0.0000,0.0000,0
30.6000,2.79245,-0.02921,9.87004,0.01456,-0.00919,-0.00212,0,,,,216.5952,0.0000,0.0000,1.8600,0.0000,0.0000,0
30.6200,3.17786,-0.15633,9.71729,0.00901,-0.00735,-0.01072,0,,,,216.6336,0.0000,0.0000,1.9200,0.0000,0.0000,0
30.6400,2.87810,0.07595,9.60626,-0.00038,-0.01414,0.01812,0,,,,216.6732,0.0000,0.0000,1.9800,0.0000,0.0000,0
30.6600,3.22825,-0.23371,9.84735,-0.00568,-0.00547,0.01943,0,,,,216.7140,0.0000,0.0000,2.0400,0.0000,0.0000,0
30.6800,3.03251,0.06335,9.83906,0.01117,-0.02911,0.00146,0,,,,216.7560,0.0000,0.0000,2.1000,0.0000,0.0000,0
30.7000,2.96579,-0.17997,10.03986,0.01162,-0.01430,0.02175,0,,,,216.7992,0.0000,0.0000,2.1600,0.0000,0.0000,0
30.7200,3.02746,0.13739,9.97722,-0.00203,-0.00627,0.00473,0,,,,216.8436,0.0000,0.0000,2.2200,0.0000,0.0000,0
30.7400,2.93880,-0.12610,9.88211,-0.00417,-0.01272,-0.00154,0,,,,216.8892,0.0000,0.0000,2.2800,0.0000,0.0000,0
30.7600,3.06588,-0.08610,9.84707,0.00297,0.01279,-0.01268,0,,,,216.9360,0.0000,0.0000,2.3400,0.0000,0.0000,0
30.7800,2.97623,0.03481,9.81332,0.00773,-0.00432,0.00638,0,,,,216.9840,0.0000,0.0000,2.4000,0.0000,0.0000,0
30.8000,3.05101,-0.07799,9.59221,0.00821,-0.00319,0.00110,0,,,,217.0332,0.0000,0.0000,2.4600,0.0000,0.0000,0
30.8200,2.99155,0.07349,9.90262,0.02787,0.00676,0.00048,0,,,,217.0836,0.0000,0.0000,2.5200,0.0000,0.0000,0
30.8400,3.07534,-0.09519,9.81248,-0.00809,-0.00351,0.01146,0,,,,217.1352,0.0000,0.0000,2.5800,0.0000,0.0000,0
30.8600,2.96887,0.01748,10.00378,0.00233,0.00833,-0.00629,0,,,,217.1880,0.0000,0.0000,2.6400,0.0000,0.0000,0
30.8800,3.13571,-0.22953,9.81219,0.00153,-0.01208,0.00469,0,,,,217.2420,0.0000,0.0000,2.7000,0.0000,0.0000,0
30.9000,3.14823,-0.00858,9.85979,0.00546,-0.00554,0.01383,0,,,,217.2972,0.0000,0.0000,2.7600,0.0000,0.0000,0
30.9200,2.90581,-0.09964,9.70659,0.00062,-0.01315,-0.00580,0,,,,217.3536,0.0000,0.0000,2.8200,0.0000,0.0000,0
30.9400,3.19078,-0.22331,9.87716,0.00328,-0.00335,-0.00328,0,,,,217.4112,0.0000,0.0000,2.8800,0.0000,0.0000,0
30.9600,3.01900,0.05724,9.68200,0.00360,-0.01646,-0.00808,0,,,,217.4700,0.0000,0.0000,2.9400,0.0000,0.0000,0
30.9800,2.99456,-0.11361,9.77424,0.01039,-0.01036,0.00960,0,,,,217.5300,0.0000,0.0000,3.0000,0.0000,0.0000,0
31.0000,3.03089,0.01456,9.88747,0.00147,-0.00803,0.00534,0,,,,217.5912,0.0000,0.0000,3.0600,0.0000,0.0000,0
31.0200,2.98546,-0.15387,9.90579,-0.00844,-0.00240,-0.00142,0,,,,217.6536,0.0000,0.0000,3.1200,0.0000,0.0000,0
31.0400,3.04052,0.03822,10.03514,0.00348,-0.00725,0.00043,0,,,,217.7172,0.0000,0.0000,3.1800,0.0000,0.0000,0
31.0600,2.98229,-0.27283,10.01290,-0.01299,-0.01432,0.00089,0,,,,217.7820,0.0000,0.0000,3.2400,0.0000,0.0000,0
31.0800,3.33337,0.11173,9.92821,0.00485,-0.01790,0.00625,0,,,,217.8480,0.0000,0.0000,3.3000,0.0000,0.0000,0
31.1000,2.88194,-0.05825,9.79850,-0.00177,0.00395,-0.01049,0,,,,217.9152,0.0000,0.0000,3.3600,0.0000,0.0000,0
31.1200,3.13846,-0.17682,9.70600,0.00444,-0.01194,0.00631,0,,,,217.9836,0.0000,0.0000,3.4200,0.0000,0.0000,0
31.1400,2.96520,0.02231,9.71768,0.00076,-0.00914,0.00506,0,,,,218.0532,0.0000,0.0000,3.4800,0.0000,0.0000,0
31.1600,3.03279,-0.19796,9.95399,0.00532,-0.00606,0.00617,0,,,,218.1240,0.0000,0.0000,3.5400,0.0000,0.0000,0
31.1800,2.98770,0.05129,9.88885,-0.00797,0.00010,0.00096,0,,,,218.1960,0.0000,0.0000,3.6000,0.0000,0.0000,0
31.2000,2.94103,-0.17258,10.20750,-0.00330,-0.01955,-0.00780,0,,,,218.2692,0.0000,0.0000,3.6600,0.0000,0.0000,0
31.2200,3.20206,0.14122,9.91069,0.01223,0.00293,0.00348,0,,,,218.3436,0.0000,0.0000,3.7200,0.0000,0.0000,0
31.2400,2.90129,-0.03802,9.97102,0.00518,-0.00841,0.00361,0,,,,218.4192,0.0000,0.0000,3.7800,0.0000,0.0000,0
31.2600,3.31638,-0.03239,9.88202,0.00632,-0.00081,0.00587,0,,,,218.4960,0.0000,0.0000,3.8400,0.0000,0.0000,0
31.2800,3.01047,0.09179,9.76918,-0.00355,0.00008,0.00446,0,,,,218.5740,0.0000,0.0000,3.9000,0.0000,0.0000,0
31.3000,3.08587,0.08722,9.61940,0.00967,-0.00990,0.00605,0,,,,218.6532,0.0000,0.0000,3.9600,0.0000,0.0000,0
31.3200,3.21564,0.00924,9.74093,0.00186,-0.00978,0.01207,0,,,,218.7336,0.0000,0.0000,4.0200,0.0000,0.0000,0
31.3400,2.98220,-0.09673,9.78016,-0.01245,-0.00483,-0.00755,0,,,,218.8152,0.0000,0.0000,4.0800,0.0000,0.0000,0
31.3600,3.21927,-0.04723,9.87495,0.00531,-0.00769,-0.00715,0,,,,218.8980,0.0000,0.0000,4.1400,0.0000,0.0000,0
31.3800,3.11074,-0.18662,9.95882,0.00033,0.00268,0.00870,0,,,,218.9820,0.0000,0.0000,4.2000,0.0000,0.0000,0
31.4000,3.08798,-0.01898,9.90903,0.00799,-0.01235,0.02114,0,,,,219.0672,0.0000,0.0000,4.2600,0.0000,0.0000,0
31.4200,2.85950,-0.02317,9.74881,-0.00839,-0.01000,-0.00276,0,,,,219.1536,0.0000,0.0000,4.3200,0.0000,0.0000,0
31.4400,3.11544,-0.15941,9.81983,-0.00426,-0.01015,0.00186,0,,,,219.2412,0.0000,0.0000,4.3800,0.0000,0.0000,0
31.4600,3.03728,0.07467,9.72891,-0.00946,-0.01214,-0.00523,0,,,,219.3300,0.0000,0.0000,4.4400,0.0000,0.0000,0
31.4800,3.18872,-0.09913,9.70557,-0.00251,-0.00960,-0.00209,0,,,,219.4200,0.0000,0.0000,4.5000,0.0000,0.0000,0
31.5000,3.07682,0.06700,10.02314,0.01200,0.00748,0.01037,0,,,,219.5112,0.0000,0.0000,4.5600,0.0000,0.0000,0
31.5200,2.96201,-0.09375,9.91089,0.01504,0.00023,0.00710,0,,,,219.6036,0.0000,0.0000,4.6200,0.0000,0.0000,0
31.5400,3.13231,0.19670,9.86171,0.01671,-0.00449,-0.00625,0,,,,219.6972,0.0000,0.0000,4.6800,0.0000,0.0000,0
31.5600,2.87124,-0.21316,10.00140,-0.00631,-0.00165,0.01407,0,,,,219.7920,0.0000,0.0000,4.7400,0.0000,0.0000,0
31.5800,3.10600,-0.04391,9.76742,-0.00111,0.01759,0.01122,0,,,,219.8880,0.0000,0.0000,4.8000,0.0000,0.0000,0
31.6000,2.90469,-0.04185,9.78271,0.00304,-0.00635,0.00924,0,,,,219.9852,0.0000,0.0000,4.8600,0.0000,0.0000,0
31.6200,3.05619,-0.18316,9.76839,-0.00735,0.00283,0.00489,0,,,,220.0836,0.0000,0.0000,4.9200,0.0000,0.0000,0
31.6400,2.83596,0.08392,9.62052,0.00755,-0.00499,0.01981,0,,,,220.1832,0.0000,0.0000,4.9800,0.0000,0.0000,0
31.6600,3.14075,-0.23391,9.66515,-0.00404,-0.01277,0.01961,0,,,,220.2840,0.0000,0.0000,5.0400,0.0000,0.0000,0
31.6800,3.06902,0.16090,9.89166,0.00056,-0.00326,0.01385,0,,,,220.3860,0.0000,0.0000,5.1000,0.0000,0.0000,0
31.7000,2.99440,-0.21167,10.10058,-0.00034,-0.00664,-0.01764,0,,,,220.4892,0.0000,0.0000,5.1600,0.0000,0.0000,0
31.7200,3.19207,0.04238,9.97322,-0.00122,-0.00760,0.00204,0,,,,220.5936,0.0000,0.0000,5.2200,0.0000,0.0000,0
31.7400,2.95918,-0.00136,9.88234,0.00959,-0.00363,0.00097,0,,,,220.6992,0.0000,0.0000,5.2800,0.0000,0.0000,0
31.7600,3.17375,-0.16124,9.83109,-0.01034,-0.01122,-0.01115,0,,,,220.8060,0.0000,0.0000,5.3400,0.0000,0.0000,0
31.7800,2.92467,0.16307,9.73870,0.00715,0.01582,0.00823,0,,,,220.9140,0.0000,0.0000,5.4000,0.0000,0.0000,0
31.8000,3.04932,-0.17729,9.74258,-0.00306,-0.00746,0.01288,0,,,,221.0232,0.0000,0.0000,5.4600,0.0000,0.0000,0
31.8200,3.09225,-0.04552,9.73339,-0.00171,0.00179,0.01414,0,,,,221.1336,0.0000,0.0000,5.5200,0.0000,0.0000,0
31.8400,3.24112,-0.18631,9.85323,0.00671,-0.00846,0.00387,0,,,,221.2452,0.0000,0.0000,5.5800,0.0000,0.0000,0
31.8600,3.06461,-0.13458,9.96783,0.00054,0.00717,0.00504,0,,,,221.3580,0.0000,0.0000,5.6400,0.0000,0.0000,0
31.8800,2.84716,-0.12714,9.80724,-0.00769,0.00208,0.00302,0,,,,221.4720,0.0000,0.0000,5.7000,0.0000,0.0000,0
31.9000,3.22793,-0.15027,9.90779,-0.00180,0.00465,0.01038,0,,,,221.5872,0.0000,0.0000,5.7600,0.0000,0.0000,0
31.9200,2.97162,0.10085,9.81216,0.01268,-0.01135,-0.00365,0,,,,221.7036,0.0000,0.0000,5.8200,0.0000,0.0000,0
31.9400,3.20880,-0.20147,9.81001,0.00281,0.00557,0.00452,0,,,,221.8212,0.0000,0.0000,5.8800,0.0000,0.0000,0
31.9600,2.96234,0.09822,9.68387,-0.00365,0.00080,0.00477,0,,,,221.9400,0.0000,0.0000,5.9400,0.0000,0.0000,0
31.9800,3.05159,-0.14820,9.90207,-0.00154,-0.00678,-0.00866,0,,,,222.0600,0.0000,0.0000,6.0000,0.0000,0.0000,0
32.0000,3.03661,0.14255,9.92355,0.00287,0.00465,0.01085,0,,,,222.1812,0.0000,0.0000,6.0600,0.0000,0.0000,0
32.0200,3.08486,-0.06283,10.06439,0.00064,-0.01362,0.01031,0,,,,222.3036,0.0000,0.0000,6.1200,0.0000,0.0000,0
32.0400,3.18459,0.18308,10.07892,0.01756,0.00196,0.00683,0,,,,222.4272,0.0000,0.0000,6.1800,0.0000,0.0000,0
32.0600,2.82062,-0.05645,9.90491,0.00369,-0.00256,0.00877,0,,,,222.5520,0.0000,0.0000,6.2400,0.0000,0.0000,0
32.0800,3.15198,0.05234,9.65384,0.00352,0.00662,0.01996,0,,,,222.6780,0.0000,0.0000,6.3000,0.0000,0.0000,0
32.1000,2.98443,0.14187,9.79963,0.00202,0.00124,0.00497,0,,,,222.8052,0.0000,0.0000,6.3600,0.0000,0.0000,0
32.1200,3.06987,-0.14771,9.64980,0.00623,-0.00291,0.00212,0,,,,222.9336,0.0000,0.0000,6.4200,0.0000,0.0000,0
32.1400,2.93685,0.11556,9.81777,-0.00704,-0.01330,0.01264,0,,,,223.0632,0.0000,0.0000,6.4800,0.0000,0.0000,0
32.1600,2.94503,-0.10525,9.95616,0.01495,0.00290,0.01067,0,,,,223.1940,0.0000,0.0000,6.5400,0.0000,0.0000,0
32.1800,3.25000,-0.10052,9.87731,0.00879,-0.00570,0.01492,0,,,,223.3260,0.0000,0.0000,6.6000,0.0000,0.0000,0
32.2000,2.96632,-0.11654,9.94880,-0.00218,-0.00738,0.00717,0,,,,223.4592,0.0000,0.0000,6.6600,0.0000,0.0000,0
32.2200,3.07935,0.11056,10.01749,0.01080,-0.01203,-0.00860,0,,,,223.5936,0.0000,0.0000,6.7200,0.0000,0.0000,0
32.2400,2.92179,0.17942,10.00212,-0.00244,0.00040,0.01082,0,,,,223.7292,0.0000,0.0000,6.7800,0.0000,0.0000,0
32.2600,3.04840,0.05708,9.79908,0.00127,-0.00281,0.01416,0,,,,223.8660,0.0000,0.0000,6.8400,0.0000,0.0000,0
32.2800,2.87827,-0.10226,9.77391,-0.01435,-0.00541,0.01449,0,,,,224.0040,0.0000,0.0000,6.9000,0.0000,0.0000,0
32.3000,3.15686,-0.04369,9.79215,0.02128,-0.00771,0.00819,0,,,,224.1432,0.0000,0.0000,6.9600,0.0000,0.0000,0
32.3200,2.97511,0.16277,9.79391,0.01575,-0.00725,0.01626,0,,,,224.2836,0.0000,0.0000,7.0200,0.0000,0.0000,0
32.3400,3.07241,-0.15165,9.92989,0.00409,-0.00015,0.00335,0,,,,224.4252,0.0000,0.0000,7.0800,0.0000,0.0000,0
32.3600,3.04168,0.04835,9.82332,0.00874,-0.01288,0.00326,0,,,,224.5680,0.0000,0.0000,7.1400,0.0000,0.0000,0
32.3800,2.99938,-0.03934,9.83255,0.00127,0.00068,0.00542,0,,,,224.7120,0.0000,0.0000,7.2000,0.0000,0.0000,0
32.4000,3.26165,-0.05866,9.76326,0.00848,-0.00730,-0.00907,0,,,,224.8572,0.0000,0.0000,7.2600,0.0000,0.0000,0
32.4200,2.90756,0.07598,9.74055,0.02069,-0.00970,0.00570,0,,,,225.0036,0.0000,0.0000,7.3200,0.0000,0.0000,0
32.4400,3.05105,-0.07776,9.75349,-0.00992,0.01961,0.00104,0,,,,225.1512,0.0000,0.0000,7.3800,0.0000,0.0000,0
32.4600,2.91830,0.13500,9.88203,0.01101,-0.01261,0.00671,0,,,,225.3000,0.0000,0.0000,7.4400,0.0000,0.0000,0
32.4800,2.93367,-0.06944,9.64369,-0.00443,-0.00303,0.00856,0,,,,225.4500,0.0000,0.0000,7.5000,0.0000,0.0000,0
32.5000,3.01913,0.21153,9.91451,0.00716,-0.01284,0.01859,0,,,,225.6012,0.0000,0.0000,7.5600,0.0000,0.0000,0
32.5200,2.93158,-0.00257,10.10057,0.00610,0.00526,-0.01966,0,,,,225.7536,0.0000,0.0000,7.6200,0.0000,0.0000,0
32.5400,3.10655,0.14565,10.05037,-0.00776,-0.00535,-0.01529,0,,,,225.9072,0.0000,0.0000,7.6800,0.0000,0.0000,0
32.5600,2.96446,-0.23176,10.03955,0.01146,-0.00679,0.00917,0,,,,226.0620,0.0000,0.0000,7.7400,0.0000,0.0000,0
32.5800,3.14240,-0.00311,9.77991,0.00698,-0.01613,-0.00964,0,,,,226.2180,0.0000,0.0000,7.8000,0.0000,0.0000,0
32.6000,2.91612,-0.00982,9.80790,-0.00320,0.01209,0.00628,0,,,,226.3752,0.0000,0.0000,7.8600,0.0000,0.0000,0
32.6200,3.15109,-0.09071,9.81901,0.00661,0.00054,0.01089,0,,,,226.5336,0.0000,0.0000,7.9200,0.0000,0.0000,0
32.6400,2.83622,-0.06779,9.74925,0.00042,0.00164,0.00516,0,,,,226.6932,0.0000,0.0000,7.9800,0.0000,0.0000,0
32.6600,3.10159,-0.24870,9.82595,-0.00873,0.00009,-0.01003,0,,,,226.8540,0.0000,0.0000,8.0400,0.0000,0.0000,0
32.6800,3.09771,-0.03129,9.88378,0.00916,-0.00118,-0.00817,0,,,,227.0160,0.0000,0.0000,8.1000,0.0000,0.0000,0
32.7000,2.91567,-0.24719,9.83520,0.00294,0.00148,0.00852,0,,,,227.1792,0.0000,0.0000,8.1600,0.0000,0.0000,0
32.7200,3.18953,0.03335,9.94336,-0.00658,-0.00652,-0.00557,0,,,,227.3436,0.0000,0.0000,8.2200,0.0000,0.0000,0
32.7400,2.85451,-0.04537,9.89140,0.02652,-0.01377,0.00400,0,,,,227.5092,0.0000,0.0000,8.2800,0.0000,0.0000,0
32.7600,3.04398,-0.08351,9.78471,0.00876,-0.00660,0.00347,0,,,,227.6760,0.0000,0.0000,8.3400,0.0000,0.0000,0
32.7800,2.90426,-0.07778,9.69590,-0.00106,-0.00241,0.00947,0,,,,227.8440,0.0000,0.0000,8.4000,0.0000,0.0000,0
32.8000,3.09177,-0.14726,9.60486,0.00632,-0.00857,0.01098,0,,,,228.0132,0.0000,0.0000,8.4600,0.0000,0.0000,0
32.8200,3.11547,0.07120,9.71697,0.00187,-0.00021,0.00248,0,,,,228.1836,0.0000,0.0000,8.5200,0.0000,0.0000,0
32.8400,2.97984,-0.10397,9.92630,-0.00077,-0.01623,0.00865,0,,,,228.3552,0.0000,0.0000,8.5800,0.0000,0.0000,0
32.8600,3.03642,0.09230,9.97006,-0.01311,-0.00235,0.00912,0,,,,228.5280,0.0000,0.0000,8.6400,0.0000,0.0000,0
32.8800,2.99851,-0.09710,9.81635,0.01222,0.00029,-0.00463,0,,,,228.7020,0.0000,0.0000,8.7000,0.0000,0.0000,0
32.9000,3.09111,0.02558,9.98157,-0.00190,0.00360,-0.00934,0,,,,228.8772,0.0000,0.0000,8.7600,0.0000,0.0000,0
32.9200,2.83684,-0.18761,9.76982,0.01406,0.01346,0.00688,0,,,,229.0536,0.0000,0.0000,8.8200,0.0000,0.0000,0
32.9400,3.09750,-0.09882,9.80206,-0.01050,-0.00758,0.01648,0,,,,229.2312,0.0000,0.0000,8.8800,0.0000,0.0000,0
32.9600,2.87420,-0.00245,9.73794,0.00427,-0.00800,0.00562,0,,,,229.4100,0.0000,0.0000,8.9400,0.0000,0.0000,0
32.9800,3.13281,0.01534,9.76440,0.00167,0.00922,0.00061,0,,,,229.5900,0.0000,0.0000,9.0000,0.0000,0.0000,0
33.0000,2.93405,0.11002,9.94274,0.00489,-0.00378,-0.00659,0,,,,229.7712,0.0000,0.0000,9.0600,0.0000,0.0000,0
33.0200,2.99116,-0.04292,9.84007,0.00004,-0.00610,-0.00058,0,,,,229.9536,0.0000,0.0000,9.1200,0.0000,0.0000,0
33.0400,3.14198,0.09294,10.01104,-0.00581,-0.01617,0.00710,0,,,,230.1372,0.0000,0.0000,9.1800,0.0000,0.0000,0
33.0600,2.89095,0.06597,10.09987,0.01793,-0.01052,0.00955,0,,,,230.3220,0.0000,0.0000,9.2400,0.0000,0.0000,0
33.0800,3.22944,0.03820,9.84334,0.01223,-0.00300,0.00602,0,,,,230.5080,0.0000,0.0000,9.3000,0.0000,0.0000,0
33.1000,2.80285,0.05866,9.76528,0.00572,-0.00112,0.00645,0,,,,230.6952,0.0000,0.0000,9.3600,0.0000,0.0000,0
33.1200,3.12880,-0.04356,9.72286,-0.00964,0.00155,-0.00147,0,,,,230.8836,0.0000,0.0000,9.4200,0.0000,0.0000,0
33.1400,2.87625,-0.00662,9.77800,0.00123,-0.02006,0.00193,0,,,,231.0732,0.0000,0.0000,9.4800,0.0000,0.0000,0
33.1600,3.14858,-0.18516,9.81357,0.01034,0.00336,0.01317,0,,,,231.2640,0.0000,0.0000,9.5400,0.0000,0.0000,0
33.1800,2.84804,0.22491,9.96537,0.02169,-0.00926,-0.00911,0,,,,231.4560,0.0000,0.0000,9.6000,0.0000,0.0000,0
33.2000,2.97004,-0.14911,10.02307,0.01060,-0.00370,0.00307,0,,,,231.6492,0.0000,0.0000,9.6600,0.0000,0.0000,0
33.2200,3.18314,0.01379,9.93803,0.01030,0.00708,0.01367,0,,,,231.8436,0.0000,0.0000,9.7200,0.0000,0.0000,0
33.2400,2.90867,-0.22367,9.88897,-0.00406,-0.00404,-0.00037,0,,,,232.0392,0.0000,0.0000,9.7800,0.0000,0.0000,0
33.2600,3.15622,-0.13563,9.71002,0.01178,-0.01076,0.00500,0,,,,232.2360,0.0000,0.0000,9.8400,0.0000,0.0000,0
33.2800,3.01504,0.10744,9.81166,0.00442,0.00279,0.01598,0,,,,232.4340,0.0000,0.0000,9.9000,0.0000,0.0000,0
33.3000,3.14454,-0.27406,9.70024,0.00757,-0.00802,0.01796,0,,,,232.6332,0.0000,0.0000,9.9600,0.0000,0.0000,0
33.3200,3.00510,0.09305,9.88882,0.00054,-0.00159,0.01219,0,,,,232.8336,0.0000,0.0000,10.0200,0.0000,0.0000,0
33.3400,2.90718,-0.17188,9.95283,0.00252,0.00874,-0.00761,0,,,,233.0352,0.0000,0.0000,10.0800,0.0000,0.0000,0
33.3600,2.96261,0.13673,10.02723,0.00045,0.00020,0.01096,0,,,,233.2380,0.0000,0.0000,10.1400,0.0000,0.0000,0
33.3800,2.88243,-0.16304,9.98970,0.00923,-0.01233,0.00342,0,,,,233.4420,0.0000,0.0000,10.2000,0.0000,0.0000,0
33.4000,3.13459,0.04052,9.92649,-0.00237,0.00699,0.00069,0,,,,233.6472,0.0000,0.0000,10.2600,0.0000,0.0000,0
33.4200,2.89687,-0.14978,9.78452,0.00613,-0.00044,0.00980,0,,,,233.8536,0.0000,0.0000,10.3200,0.0000,0.0000,0
33.4400,3.19266,0.08592,9.70436,-0.01096,-0.01140,-0.00063,0,,,,234.0612,0.0000,0.0000,10.3800,0.0000,0.0000,0
33.4600,2.87991,0.06497,9.83710,0.01432,0.00103,0.02213,0,,,,234.2700,0.0000,0.0000,10.4400,0.0000,0.0000,0
33.4800,3.05567,-0.27217,9.85876,-0.01271,-0.00904,0.00916,0,,,,234.4800,0.0000,0.0000,10.5000,0.0000,0.0000,0
33.5000,3.03181,0.07472,9.76219,0.00191,0.00503,0.00516,0,,,,234.6912,0.0000,0.0000,10.5600,0.0000,0.0000,0
33.5200,2.92941,-0.24138,9.87403,0.00514,-0.00025,-0.00140,0,,,,234.9036,0.0000,0.0000,10.6200,0.0000,0.0000,0
33.5400,2.94528,0.09108,9.90460,0.00751,-0.00905,-0.00290,0,,,,235.1172,0.0000,0.0000,10.6800,0.0000,0.0000,0
33.5600,2.94367,0.10752,10.00903,0.00309,-0.00013,-0.00901,0,,,,235.3320,0.0000,0.0000,10.7400,0.0000,0.0000,0
33.5800,3.06998,-0.22334,10.01008,0.01422,0.00014,0.00608,0,,,,235.5480,0.0000,0.0000,10.8000,0.0000,0.0000,0
33.6000,2.80175,-0.01046,9.92951,0.00305,-0.00752,-0.00906,0,,,,235.7652,0.0000,0.0000,10.8600,0.0000,0.0000,0
33.6200,3.24289,-0.11210,9.59824,-0.00539,-0.01322,0.00395,0,,,,235.9836,0.0000,0.0000,10.9200,0.0000,0.0000,0
33.6400,2.99878,0.03490,9.81749,0.00263,0.00550,0.00214,0,,,,236.2032,0.0000,0.0000,10.9800,0.0000,0.0000,0
33.6600,3.29867,-0.19421,9.75454,-0.00621,-0.00469,-0.00876,0,,,,236.4240,0.0000,0.0000,11.0400,0.0000,0.0000,0
33.6800,3.09341,-0.06619,9.92739,-0.00881,-0.00605,0.00984,0,,,,236.6460,0.0000,0.0000,11.1000,0.0000,0.0000,0
33.7000,3.15379,-0.21332,9.95875,-0.00379,-0.00996,-0.00072,0,,,,236.8692,0.0000,0.0000,11.1600,0.0000,0.0000,0
33.7200,3.20724,-0.00475,10.14517,0.00533,-0.01108,0.00207,0,,,,237.0936,0.0000,0.0000,11.2200,0.0000,0.0000,0
33.7400,2.85798,0.01152,9.76972,-0.00873,-0.00773,0.01046,0,,,,237.3192,0.0000,0.0000,11.2800,0.0000,0.0000,0
33.7600,3.25652,0.05796,9.85486,0.00134,0.00336,-0.00416,0,,,,237.5460,0.0000,0.0000,11.3400,0.0000,0.0000,0
33.7800,2.79111,0.06923,9.66762,0.00148,-0.00204,0.00698,0,,,,237.7740,0.0000,0.0000,11.4000,0.0000,0.0000,0
33.8000,3.18556,-0.06052,9.75812,-0.00154,-0.00214,0.00023,0,,,,238.0032,0.0000,0.0000,11.4600,0.0000,0.0000,0
33.8200,2.99444,0.29568,9.81341,0.00560,-0.00864,0.01316,0,,,,238.2336,0.0000,0.0000,11.5200,0.0000,0.0000,0
33.8400,3.08578,-0.08767,9.90368,0.01027,0.00717,0.00726,0,,,,238.4652,0.0000,0.0000,11.5800,0.0000,0.0000,0
33.8600,3.08864,0.14672,9.88564,-0.00374,-0.00343,-0.00893,0,,,,238.6980,0.0000,0.0000,11.6400,0.0000,0.0000,0
33.8800,3.01375,-0.18352,9.93681,0.00029,-0.00269,0.00225,0,,,,238.9320,0.0000,0.0000,11.7000,0.0000,0.0000,0
33.9000,3.14874,0.00231,9.89142,-0.00419,0.00565,-0.01184,0,,,,239.1672,0.0000,0.0000,11.7600,0.0000,0.0000,0
33.9200,2.90378,-0.05998,9.87511,-0.00963,-0.00700,0.00418,0,,,,239.4036,0.0000,0.0000,11.8200,0.0000,0.0000,0
33.9400,3.23419,-0.05452,9.66951,-0.00190,0.00409,-0.00461,0,,,,239.6412,0.0000,0.0000,11.8800,0.0000,0.0000,0
33.9600,2.95156,0.05675,9.70602,0.02357,-0.00630,0.00860,0,,,,239.8800,0.0000,0.0000,11.9400,0.0000,0.0000,0
33.9800,3.02287,-0.09935,9.84417,-0.00270,-0.00344,-0.00216,0,,,,240.1200,0.0000,0.0000,12.0000,0.0000,0.0000,0
34.0000,-0.05155,4.88533,9.81233,-0.01731,0.01112,0.39128,0,,,,240.3600,0.0019,0.0000,11.9996,0.0942,0.0000,0
34.0200,-0.02388,4.70209,9.92746,0.00069,-0.01283,0.38462,0,,,,240.6000,0.0057,0.0000,11.9985,0.1885,0.0000,0
34.0400,0.10883,4.79889,10.00086,-0.00185,-0.00284,0.38300,0,,,,240.8399,0.0113,0.0000,11.9967,0.2827,0.0000,0
34.0600,-0.03177,4.64421,10.10700,0.00206,-0.01054,0.39729,0,,,,241.0798,0.0188,0.0000,11.9941,0.3769,0.0000,0
34.0800,0.13354,4.72470,9.87384,-0.00808,-0.01609,0.39980,0,,,,241.3196,0.0283,0.0000,11.9907,0.4711,0.0000,0
34.1000,0.03652,4.72582,9.85118,0.01010,-0.00087,0.39118,0,,,,241.5593,0.0396,0.0000,11.9867,0.5653,0.0000,0
34.1200,0.14809,4.70246,9.78117,0.00799,-0.00670,0.39608,0,,,,241.7990,0.0528,0.0000,11.9819,0.6594,0.0000,0
34.1400,-0.02731,4.78344,9.84877,-0.01678,-0.00276,0.39706,0,,,,242.0385,0.0678,0.0000,11.9763,0.7535,0.0000,0
34.1600,-0.05468,4.61708,9.76885,-0.00086,0.01179,0.40578,0,,,,242.2779,0.0848,0.0000,11.9700,0.8475,0.0000,0
34.1800,0.11580,4.82908,9.90129,0.01800,0.00342,0.39170,0,,,,242.5172,0.1036,0.0000,11.9630,0.9415,0.0000,0
34.2000,-0.14254,4.63065,9.96631,-0.00943,0.00043,0.39555,0,,,,242.7563,0.1243,0.0000,11.9552,1.0354,0.0000,0
34.2200,0.18377,4.78203,9.91657,0.00706,-0.00698,0.39424,0,,,,242.9952,0.1469,0.0000,11.9467,1.1293,0.0000,0
34.2400,-0.12046,4.75038,9.87838,0.01298,0.01127,0.39179,0,,,,243.2339,0.1714,0.0000,11.9375,1.2231,0.0000,0
34.2600,-0.07581,4.74346,9.78512,-0.00493,-0.00771,0.39438,0,,,,243.4725,0.1977,0.0000,11.9275,1.3168,0.0000,0
34.2800,0.04246,4.75948,9.85076,0.00595,-0.00547,0.39458,0,,,,243.7108,0.2259,0.0000,11.9168,1.4104,0.0000,0
34.3000,0.15546,4.65094,9.82227,-0.00009,-0.00160,0.40237,0,,,,243.9489,0.2560,0.0000,11.9054,1.5040,0.0000,0
34.3200,-0.02056,4.70782,9.73434,0.00007,0.00230,0.40777,0,,,,244.1868,0.2879,0.0000,11.8932,1.5975,0.0000,0
34.3400,-0.08352,4.51555,9.85786,0.00836,-0.00722,0.39426,0,,,,244.4244,0.3218,0.0000,11.8803,1.6908,0.0000,0
34.3600,-0.01515,4.82622,9.94506,-0.00323,-0.00508,0.40672,0,,,,244.6617,0.3574,0.0000,11.8666,1.7841,0.0000,0
34.3800,-0.13285,4.53857,10.07470,0.00261,0.00236,0.40091,0,,,,244.8988,0.3950,0.0000,11.8523,1.8772,0.0000,0
34.4000,0.15130,4.69161,9.99371,0.01130,0.00567,0.38822,0,,,,245.1355,0.4344,0.0000,11.8372,1.9702,0.0000,0
34.4200,0.02463,4.66129,9.78121,0.00065,0.00365,0.40202,0,,,,245.3720,0.4757,0.0000,11.8213,2.0631,0.0000,0
34.4400,0.12815,4.69831,9.77538,-0.00258,-0.00866,0.40098,0,,,,245.6080,0.5188,0.0000,11.8047,2.1559,0.0000,0
34.4600,-0.04875,4.65982,9.80466,-0.00184,0.00974,0.38648,0,,,,245.8438,0.5637,0.0000,11.7874,2.2486,0.0000,0
34.4800,0.06972,4.51482,9.69647,-0.00189,0.01116,0.39885,0,,,,246.0792,0.6106,0.0000,11.7694,2.3411,0.0000,0
34.5000,-0.02334,4.65610,9.71894,-0.00229,-0.00807,0.39591,0,,,,246.3142,0.6592,0.0000,11.7507,2.4334,0.0000,0
34.5200,-0.18595,4.56348,10.02101,0.01498,-0.01816,0.39129,0,,,,246.5488,0.7097,0.0000,11.7312,2.5257,0.0000,0
34.5400,0.05381,4.78152,9.87883,0.01546,-0.00265,0.39671,0,,,,246.7830,0.7621,0.0000,11.7110,2.6177,0.0000,0
34.5600,0.05884,4.63001,9.98114,-0.00401,-0.01396,0.39282,0,,,,247.0168,0.8163,0.0000,11.6901,2.7096,0.0000,0
34.5800,0.33472,4.74057,9.89365,-0.00581,0.00429,0.38684,0,,,,247.2502,0.8723,0.0000,11.6684,2.8013,0.0000,0
34.6000,-0.19949,4.67476,9.94248,0.01718,-0.00661,0.39231,0,,,,247.4831,0.9302,0.0000,11.6461,2.8929,0.0000,0
34.6200,0.00123,4.61214,9.75174,0.00832,0.00429,0.39612,0,,,,247.7156,0.9899,0.0000,11.6230,2.9843,0.0000,0
34.6400,0.02667,4.73149,9.79829,-0.00206,0.00068,0.40073,0,,,,247.9476,1.0514,0.0000,11.5992,3.0755,0.0000,0
34.6600,0.06054,4.62690,9.70118,-0.00652,-0.00516,0.38615,0,,,,248.1791,1.1147,0.0000,11.5747,3.1665,0.0000,0
34.6800,0.03729,4.76865,10.01924,0.00314,0.00524,0.40011,0,,,,248.4101,1.1799,0.0000,11.5495,3.2573,0.0000,0
34.7000,-0.07339,4.59600,10.02913,0.01155,-0.00406,0.38452,0,,,,248.6405,1.2468,0.0000,11.5235,3.3479,0.0000,0
34.7200,0.00390,4.72058,9.77820,0.01636,0.00178,0.39261,0,,,,248.8705,1.3156,0.0000,11.4969,3.4383,0.0000,0
34.7400,-0.16665,4.74215,9.81173,-0.00615,-0.00913,0.39861,0,,,,249.0999,1.3861,0.0000,11.4695,3.5285,0.0000,0
34.7600,0.20754,4.75532,9.89607,0.00201,0.00516,0.39233,0,,,,249.3287,1.4585,0.0000,11.4415,3.6185,0.0000,0
34.7800,-0.20699,4.69300,9.68357,-0.00306,-0.01067,0.39401,0,,,,249.5569,1.5327,0.0000,11.4127,3.7082,0.0000,0
34.8000,0.16014,4.72253,9.60450,-0.00830,-0.00933,0.40383,0,,,,249.7846,1.6086,0.0000,11.3832,3.7977,0.0000,0
34.8200,-0.00624,4.74069,9.85618,0.00965,-0.00315,0.39117,0,,,,250.0117,1.6864,0.0000,11.3530,3.8870,0.0000,0
34.8400,0.04658,4.54467,9.86721,-0.00210,0.00440,0.39970,0,,,,250.2381,1.7659,0.0000,11.3221,3.9761,0.0000,0
34.8600,0.18067,4.89445,9.99469,-0.00205,0.00532,0.40142,0,,,,250.4639,1.8472,0.0000,11.2906,4.0649,0.0000,0
34.8800,0.15581,4.63071,10.03034,0.00432,-0.00379,0.39563,0,,,,250.6891,1.9303,0.0000,11.2583,4.1534,0.0000,0
34.9000,0.17767,4.76117,10.01954,0.00447,-0.00670,0.39508,0,,,,250.9136,2.0151,0.0000,11.2253,4.2417,0.0000,0
34.9200,-0.18560,4.82282,9.79832,0.00974,-0.00079,0.40013,0,,,,251.1374,2.1017,0.0000,11.1917,4.3297,0.0000,0
34.9400,0.13918,4.56827,9.68671,0.01583,-0.00209,0.40670,0,,,,251.3606,2.1900,0.0000,11.1573,4.4175,0.0000,0
34.9600,0.06865,4.73700,9.77077,0.00236,-0.01226,0.39622,0,,,,251.5830,2.2801,0.0000,11.1223,4.5050,0.0000,0
34.9800,0.13118,4.53089,9.74852,0.00061,0.01389,0.38303,0,,,,251.8047,2.3720,0.0000,11.0866,4.5922,0.0000,0
35.0000,0.08013,4.78212,9.80540,-0.00022,0.00234,0.40350,0,,,,252.0258,2.4656,0.0000,11.0501,4.6791,0.0000,0
35.0200,0.01071,4.65824,10.04030,0.00853,-0.00737,0.40165,0,,,,252.2460,2.5609,0.0000,11.0131,4.7658,0.0000,0
35.0400,0.16208,4.70461,9.85086,-0.01418,-0.00244,0.40008,0,,,,252.4655,2.6579,0.0000,10.9753,4.8521,0.0000,0
35.0600,-0.16312,4.71498,9.96129,0.01280,-0.00004,0.38917,0,,,,252.6843,2.7567,0.0000,10.9368,4.9382,0.0000,0
35.0800,0.19643,4.74353,9.82788,-0.00954,-0.00220,0.38969,0,,,,252.9022,2.8572,0.0000,10.8977,5.0239,0.0000,0
35.1000,0.01554,4.68690,9.92408,-0.01499,-0.00192,0.40913,0,,,,253.1194,2.9593,0.0000,10.8579,5.1094,0.0000,0
35.1200,0.06124,4.59316,9.70653,-0.00347,-0.00104,0.38734,0,,,,253.3357,3.0632,0.0000,10.8175,5.1945,0.0000,0
35.1400,-0.02669,4.82883,9.73812,-0.00600,0.00524,0.40354,0,,,,253.5512,3.1688,0.0000,10.7763,5.2793,0.0000,0
35.1600,-0.02825,4.45981,9.75065,0.00636,-0.00080,0.40402,0,,,,253.7659,3.2761,0.0000,10.7345,5.3637,0.0000,0
35.1800,0.04375,4.72464,9.98797,-0.00243,-0.00151,0.38530,0,,,,253.9798,3.3851,0.0000,10.6921,5.4479,0.0000,0
35.2000,-0.07612,4.66606,9.91347,0.00852,-0.02165,0.39322,0,,,,254.1928,3.4957,0.0000,10.6490,5.5317,0.0000,0
35.2200,0.12761,4.88609,9.87170,0.00737,0.00546,0.39193,0,,,,254.4049,3.6080,0.0000,10.6052,5.6152,0.0000,0
35.2400,-0.10776,4.67123,9.78231,-0.00164,0.00721,0.40188,0,,,,254.6161,3.7220,0.0000,10.5608,5.6983,0.0000,0
35.2600,0.14533,4.66895,9.85895,0.00818,-0.00745,0.40998,0,,,,254.8264,3.8376,0.0000,10.5157,5.7810,0.0000,0
35.2800,0.04399,4.80087,9.68063,-0.00616,-0.00561,0.39819,0,,,,255.0358,3.9548,0.0000,10.4700,5.8635,0.0000,0
35.3000,-0.03095,4.62488,9.84552,0.00661,-0.00841,0.39134,0,,,,255.2443,4.0738,0.0000,10.4236,5.9455,0.0000,0
35.3200,0.03415,4.78635,9.83428,0.00681,0.00574,0.38864,0,,,,255.4518,4.1943,0.0000,10.3766,6.0272,0.0000,0
35.3400,0.04269,4.53426,9.87860,0.00892,0.00479,0.40889,0,,,,255.6584,4.3165,0.0000,10.3289,6.1085,0.0000,0
35.3600,0.13186,4.77874,9.93774,-0.01188,0.00772,0.39512,0,,,,255.8640,4.4403,0.0000,10.2806,6.1894,0.0000,0
35.3800,-0.01199,4.66022,9.87490,-0.00539,0.00938,0.40002,0,,,,256.0686,4.5657,0.0000,10.2317,6.2700,0.0000,0
35.4000,0.10768,4.70936,10.01408,0.00947,-0.01473,0.41077,0,,,,256.2723,4.6927,0.0000,10.1821,6.3501,0.0000,0
35.4200,-0.00247,4.67773,9.74627,0.01043,0.00081,0.38604,0,,,,256.4749,4.8213,0.0000,10.1319,6.4299,0.0000,0
35.4400,0.13001,4.88139,9.76551,-0.00394,-0.01107,0.41188,0,,,,256.6765,4.9514,0.0000,10.0811,6.5093,0.0000,0
35.4600,0.02568,4.88246,9.75674,0.01203,-0.00979,0.39900,0,,,,256.8771,5.0832,0.0000,10.0297,6.5883,0.0000,0
35.4800,0.10714,4.68141,9.80001,-0.00300,-0.00249,0.38429,0,,,,257.0767,5.2166,0.0000,9.9776,6.6668,0.0000,0
35.5000,-0.14568,4.86890,9.82667,-0.00009,0.00365,0.40888,0,,,,257.2752,5.3515,0.0000,9.9250,6.7450,0.0000,0
35.5200,0.03858,4.72506,9.97901,0.00442,-0.00108,0.38742,0,,,,257.4726,5.4879,0.0000,9.8717,6.8227,0.0000,0
35.5400,0.19863,4.57423,9.92951,0.00218,-0.00932,0.39409,0,,,,257.6690,5.6259,0.0000,9.8178,6.9001,0.0000,0
35.5600,0.07857,4.71962,9.89425,-0.00176,-0.01322,0.40334,0,,,,257.8642,5.7654,0.0000,9.7633,6.9770,0.0000,0
35.5800,0.13978,4.53261,9.87975,0.00551,0.00471,0.39711,0,,,,258.0584,5.9065,0.0000,9.7082,7.0534,0.0000,0
35.6000,-0.10394,4.87837,9.78664,0.00776,-0.00732,0.40322,0,,,,258.2514,6.0491,0.0000,9.6525,7.1295,0.0000,0
35.6200,0.01601,4.56893,9.64211,-0.00284,0.00700,0.39280,0,,,,258.4434,6.1932,0.0000,9.5962,7.2050,0.0000,0
35.6400,0.03965,4.90893,9.75312,0.00995,0.00125,0.39863,0,,,,258.6341,6.3388,0.0000,9.5393,7.2802,0.0000,0
35.6600,0.11507,4.71053,9.77583,-0.00567,-0.01114,0.40565,0,,,,258.8238,6.4859,0.0000,9.4819,7.3549,0.0000,0
35.6800,0.16019,4.75566,9.74358,-0.00340,0.00138,0.39717,0,,,,259.0123,6.6345,0.0000,9.4238,7.4291,0.0000,0
35.7000,-0.01611,4.54344,10.05190,0.00475,0.00169,0.39897,0,,,,259.1996,6.7845,0.0000,9.3652,7.5029,0.0000,0
35.7200,0.18327,4.78337,9.89098,0.00498,0.00333,0.40694,0,,,,259.3857,6.9361,0.0000,9.3059,7.5762,0.0000,0
35.7400,-0.04459,4.58268,9.83592,-0.00148,-0.00148,0.39672,0,,,,259.5706,7.0891,0.0000,9.2462,7.6491,0.0000,0
35.7600,0.06798,4.56953,9.64459,-0.02296,-0.00405,0.41626,0,,,,259.7543,7.2435,0.0000,9.1858,7.7215,0.0000,0
35.7800,0.08242,4.66843,9.76006,-0.00972,-0.01350,0.38812,0,,,,259.9368,7.3994,0.0000,9.1249,7.7934,0.0000,0
35.8000,0.09249,4.57071,9.76274,0.00731,-0.00570,0.39799,0,,,,260.1181,7.5566,0.0000,9.0634,7.8648,0.0000,0
35.8200,-0.07735,4.69106,9.67892,0.00719,-0.00570,0.38273,0,,,,260.2981,7.7154,0.0000,9.0013,7.9357,0.0000,0
35.8400,0.01991,4.46343,10.01932,-0.00263,0.00245,0.40641,0,,,,260.4769,7.8755,0.0000,8.9387,8.0062,0.0000,0
35.8600,0.02142,4.79363,10.00225,0.00292,-0.00011,0.38706,0,,,,260.6544,8.0370,0.0000,8.8756,8.0762,0.0000,0
35.8800,-0.00814,4.56700,10.00248,0.00936,0.00235,0.40049,0,,,,260.8306,8.1999,0.0000,8.8119,8.1456,0.0000,0
35.9000,0.20550,4.77454,10.04682,0.00173,-0.00169,0.40516,0,,,,261.0056,8.3642,0.0000,8.7476,8.2146,0.0000,0
35.9200,-0.11899,4.58310,9.88107,0.00035,-0.01266,0.40170,0,,,,261.1792,8.5299,0.0000,8.6828,8.2830,0.0000,0
35.9400,0.26307,4.50092,9.84597,-0.01830,-0.00620,0.41242,0,,,,261.3516,8.6969,0.0000,8.6175,8.3510,0.0000,0
35.9600,-0.06841,4.77706,9.79792,-0.01173,-0.00242,0.39821,0,,,,261.5226,8.8653,0.0000,8.5517,8.4184,0.0000,0
35.9800,0.23316,4.47196,9.74398,-0.00543,-0.01128,0.40672,0,,,,261.6923,9.0350,0.0000,8.4853,8.4853,0.0000,0
36.0000,0.04213,4.75794,9.81522,-0.00251,-0.00679,0.38758,0,,,,261.8607,9.2060,0.0000,8.4184,8.5517,0.0000,0
36.0200,-0.02487,4.54208,9.87817,0.00324,-0.00108,0.39325,0,,,,262.0277,9.3783,0.0000,8.3510,8.6175,0.0000,0
36.0400,0.11061,4.94256,10.14605,-0.00643,-0.01032,0.38922,0,,,,262.1934,9.5520,0.0000,8.2830,8.6828,0.0000,0
36.0600,0.01599,4.59941,9.96829,0.01798,-0.00308,0.40335,0,,,,262.3577,9.7270,0.0000,8.2146,8.7476,0.0000,0
36.0800,0.20140,4.64287,9.95642,-0.00480,0.00772,0.39300,0,,,,262.5206,9.9032,0.0000,8.1456,8.8119,0.0000,0
36.1000,-0.11236,4.63239,9.71218,-0.00141,-0.02245,0.39583,0,,,,262.6821,10.0807,0.0000,8.0762,8.8756,0.0000,0
36.1200,0.09182,4.66910,9.77261,-0.00366,-0.00667,0.39582,0,,,,262.8422,10.2595,0.0000,8.0062,8.9387,0.0000,0
36.1400,0.10107,4.72176,9.69775,-0.00703,-0.01486,0.40016,0,,,,263.0009,10.4395,0.0000,7.9357,9.0013,0.0000,0
36.1600,0.07127,4.66596,9.91012,0.02118,-0.00359,0.39561,0,,,,263.1582,10.6208,0.0000,7.8648,9.0634,0.0000,0
36.1800,-0.03418,4.85435,9.92394,0.00721,-0.01211,0.40051,0,,,,263.3141,10.8033,0.0000,7.7934,9.1249,0.0000,0
36.2000,-0.01412,4.59643,9.91612,0.01151,0.01340,0.38882,0,,,,263.4685,10.9870,0.0000,7.7215,9.1858,0.0000,0
36.2200,0.19895,4.51646,10.01872,-0.01296,-0.00720,0.38719,0,,,,263.6215,11.1719,0.0000,7.6491,9.2462,0.0000,0
36.2400,-0.09512,4.72701,9.75224,-0.00088,-0.00711,0.41035,0,,,,263.7730,11.3580,0.0000,7.5762,9.3059,0.0000,0
36.2600,0.19242,4.56573,9.77477,0.01445,0.00271,0.39035,0,,,,263.9231,11.5453,0.0000,7.5029,9.3652,0.0000,0
36.2800,-0.08268,4.72788,9.70503,-0.01168,-0.00842,0.40881,0,,,,264.0717,11.7338,0.0000,7.4291,9.4238,0.0000,0
36.3000,0.08004,4.57705,9.75377,0.01975,-0.00293,0.40645,0,,,,264.2188,11.9234,0.0000,7.3549,9.4819,0.0000,0
36.3200,-0.03770,4.77787,9.79984,-0.00419,-0.00463,0.40480,0,,,,264.3644,12.1142,0.0000,7.2802,9.5393,0.0000,0
36.3400,-0.03907,4.56334,9.94319,-0.00460,0.00576,0.39828,0,,,,264.5085,12.3062,0.0000,7.2050,9.5962,0.0000,0
36.3600,0.08460,4.62689,9.92808,0.00497,0.01096,0.40224,0,,,,264.6511,12.4992,0.0000,7.1295,9.6525,0.0000,0
36.3800,0.03764,4.50917,9.96438,0.01177,-0.01010,0.40542,0,,,,264.7921,12.6934,0.0000,7.0534,9.7082,0.0000,0
36.4000,0.21279,4.74145,9.90089,-0.00589,0.01120,0.40275,0,,,,264.9317,12.8886,0.0000,6.9770,9.7633,0.0000,0
36.4200,-0.05251,4.65690,9.84464,0.00332,0.00020,0.40357,0,,,,265.0697,13.0850,0.0000,6.9001,9.8178,0.0000,0
36.4400,0.08598,4.51397,9.77093,-0.01198,-0.00559,0.39363,0,,,,265.2061,13.2824,0.0000,6.8227,9.8717,0.0000,0
36.4600,-0.00281,4.92847,9.58132,0.02019,-0.00486,0.40048,0,,,,265.3410,13.4809,0.0000,6.7450,9.9250,0.0000,0
36.4800,-0.02901,4.65057,9.77782,0.00151,-0.01850,0.39829,0,,,,265.4744,13.6805,0.0000,6.6668,9.9776,0.0000,0
36.5000,0.10767,4.78349,9.95059,0.01106,-0.00813,0.41046,0,,,,265.6061,13.8811,0.0000,6.5883,10.0297,0.0000,0
36.5200,-0.00055,4.57480,9.94671,0.00255,-0.02404,0.39622,0,,,,265.7363,14.0827,0.0000,6.5093,10.0811,0.0000,0
36.5400,0.01303,4.89997,10.10330,0.00882,-0.00491,0.38963,0,,,,265.8649,14.2853,0.0000,6.4299,10.1319,0.0000,0
36.5600,-0.12119,4.78671,9.89374,-0.01684,0.00524,0.40970,0,,,,265.9919,14.4890,0.0000,6.3501,10.1821,0.0000,0
36.5800,0.29250,4.77299,9.96781,0.00242,-0.01961,0.39792,0,,,,266.1173,14.6936,0.0000,6.2700,10.2317,0.0000,0
36.6000,-0.02440,4.70865,9.77165,-0.00571,-0.01101,0.41240,0,,,,266.2411,14.8992,0.0000,6.1894,10.2806,0.0000,0
36.6200,0.28241,4.60569,9.76130,-0.00585,0.00214,0.41178,0,,,,266.3633,15.1058,0.0000,6.1085,10.3289,0.0000,0
36.6400,-0.14015,4.82466,9.79845,0.00622,0.01014,0.41399,0,,,,266.4838,15.3133,0.0000,6.0272,10.3766,0.0000,0
36.6600,0.03636,4.61719,9.83355,-0.00306,-0.00083,0.40307,0,,,,266.6027,15.5218,0.0000,5.9455,10.4236,0.0000,0
36.6800,0.08720,4.72812,9.87738,-0.00165,-0.00974,0.40021,0,,,,266.7200,15.7312,0.0000,5.8635,10.4700,0.0000,0
36.7000,0.00291,4.66367,9.90217,-0.00262,0.00944,0.39638,0,,,,266.8356,15.9415,0.0000,5.7810,10.5157,0.0000,0
36.7200,0.14373,4.73268,10.05587,0.01137,0.00591,0.39791,0,,,,266.9496,16.1527,0.0000,5.6983,10.5608,0.0000,0
36.7400,-0.14767,4.81392,9.96933,-0.00165,0.00839,0.39341,0,,,,267.0619,16.3648,0.0000,5.6152,10.6052,0.0000,0
36.7600,0.27073,4.77817,9.73876,0.00665,0.00326,0.41862,0,,,,267.1725,16.5778,0.0000,5.5317,10.6490,0.0000,0
36.7800,-0.12070,4.86129,9.74946,-0.00793,-0.00396,0.39772,0,,,,267.2815,16.7917,0.0000,5.4479,10.6921,0.0000,0
36.8000,0.02582,4.61028,9.81915,0.00391,-0.00733,0.39651,0,,,,267.3888,17.0063,0.0000,5.3637,10.7345,0.0000,0
36.8200,0.00979,4.81600,9.88763,0.00418,-0.01422,0.39320,0,,,,267.4944,17.2219,0.0000,5.2793,10.7763,0.0000,0
36.8400,0.03824,4.65327,9.99032,0.01620,-0.00196,0.40381,0,,,,267.5982,17.4382,0.0000,5.1945,10.8175,0.0000,0
36.8600,-0.01855,4.82194,9.87195,0.00150,0.02124,0.40013,0,,,,267.7004,17.6554,0.0000,5.1094,10.8579,0.0000,0
36.8800,-0.12157,4.63852,9.93316,-0.00569,0.01383,0.40623,0,,,,267.8009,17.8733,0.0000,5.0239,10.8977,0.0000,0
36.9000,0.18177,4.68813,9.90232,0.01434,-0.00055,0.37304,0,,,,267.8997,18.0921,0.0000,4.9382,10.9368,0.0000,0
36.9200,0.11391,4.70457,9.86908,0.01069,0.00072,0.40367,0,,,,267.9967,18.3116,0.0000,4.8521,10.9753,0.0000,0
36.9400,0.11468,4.53291,9.78661,0.01345,-0.00818,0.39187,0,,,,268.0920,18.5318,0.0000,4.7658,11.0131,0.0000,0
36.9600,0.05554,4.73329,9.70404,-0.00099,-0.00352,0.38511,0,,,,268.1856,18.7528,0.0000,4.6791,11.0501,0.0000,0
36.9800,0.04103,4.58925,9.79236,0.01126,0.01172,0.40980,0,,,,268.2775,18.9746,0.0000,4.5922,11.0866,0.0000,0
37.0000,0.11317,4.79049,9.80680,0.00214,0.00168,0.40427,0,,,,268.3676,19.1970,0.0000,4.5050,11.1223,0.0000,0
37.0200,0.04567,4.56112,10.00174,0.01209,0.00404,0.39744,0,,,,268.4559,19.4202,0.0000,4.4175,11.1573,0.0000,0
37.0400,0.05544,4.70126,9.92192,0.00406,0.00116,0.38638,0,,,,268.5425,19.6440,0.0000,4.3297,11.1917,0.0000,0
37.0600,-0.10890,4.65076,9.87714,0.00547,-0.00546,0.39191,0,,,,268.6273,19.8685,0.0000,4.2417,11.2253,0.0000,0
37.0800,0.16402,4.72131,9.80381,0.00006,0.00074,0.39160,0,,,,268.7104,20.0937,0.0000,4.1534,11.2583,0.0000,0
37.1000,-0.20675,4.59655,9.75267,-0.00855,-0.00578,0.41102,0,,,,268.7917,20.3195,0.0000,4.0649,11.2906,0.0000,0
37.1200,0.02217,4.58329,9.90936,0.00527,-0.00594,0.39644,0,,,,268.8712,20.5459,0.0000,3.9761,11.3221,0.0000,0
37.1400,0.01654,4.92321,9.71286,-0.00406,-0.01403,0.39852,0,,,,268.9490,20.7730,0.0000,3.8870,11.3530,0.0000,0
37.1600,-0.05742,4.52623,9.75411,0.01059,-0.00707,0.40087,0,,,,269.0249,21.0006,0.0000,3.7977,11.3832,0.0000,0
37.1800,-0.05848,4.80914,9.81821,-0.00141,0.01469,0.40516,0,,,,269.0991,21.2289,0.0000,3.7082,11.4127,0.0000,0
37.2000,-0.04081,4.84122,9.89756,0.01132,-0.01526,0.39575,0,,,,269.1714,21.4577,0.0000,3.6185,11.4415,0.0000,0
37.2200,0.03350,4.76727,9.96971,-0.00046,0.00574,0.39316,0,,,,269.2420,21.6871,0.0000,3.5285,11.4695,0.0000,0
37.2400,-0.05173,4.72555,9.78217,-0.00399,-0.00257,0.40274,0,,,,269.3108,21.9171,0.0000,3.4383,11.4969,0.0000,0
37.2600,0.27157,4.64263,9.78716,-0.00498,-0.00036,0.39532,0,,,,269.3777,22.1475,0.0000,3.3479,11.5235,0.0000,0
37.2800,-0.08324,4.73918,9.79220,-0.00251,-0.00918,0.40115,0,,,,269.4429,22.3785,0.0000,3.2573,11.5495,0.0000,0
37.3000,-0.13152,4.53701,9.65042,0.01163,-0.00653,0.39321,0,,,,269.5062,22.6100,0.0000,3.1665,11.5747,0.0000,0
37.3200,0.00627,4.75099,9.76663,0.00278,-0.00638,0.39427,0,,,,269.5677,22.8420,0.0000,3.0755,11.5992,0.0000,0
37.3400,-0.05585,4.47103,9.89134,0.00445,-0.01443,0.40378,0,,,,269.6274,23.0745,0.0000,2.9843,11.6230,0.0000,0
37.3600,0.15893,4.86552,9.98196,0.00710,0.01448,0.39529,0,,,,269.6853,23.3074,0.0000,2.8929,11.6461,0.0000,0
37.3800,-0.13612,4.48317,10.11498,0.01615,-0.01040,0.39188,0,,,,269.7413,23.5407,0.0000,2.8013,11.6684,0.0000,0
37.4000,0.12821,4.81741,9.82420,-0.01373,0.01434,0.40020,0,,,,269.7955,23.7745,0.0000,2.7096,11.6901,0.0000,0
37.4200,-0.04341,4.67352,9.87887,-0.01011,-0.00973,0.39854,0,,,,269.8478,24.0088,0.0000,2.6177,11.7110,0.0000,0
37.4400,-0.03309,4.60709,9.73506,-0.00042,-0.00741,0.38973,0,,,,269.8984,24.2434,0.0000,2.5257,11.7312,0.0000,0
37.4600,-0.18791,4.78144,9.71288,-0.00900,-0.00250,0.39534,0,,,,269.9470,24.4784,0.0000,2.4334,11.7507,0.0000,0
37.4800,0.04729,4.39826,9.82913,-0.00786,-0.00249,0.39123,0,,,,269.9938,24.7138,0.0000,2.3411,11.7694,0.0000,0
37.5000,0.00890,4.89457,9.89918,0.01104,-0.00036,0.40087,0,,,,270.0388,24.9495,0.0000,2.2486,11.7874,0.0000,0
37.5200,-0.14667,4.54541,9.92080,0.01179,-0.00705,0.39982,0,,,,270.0819,25.1856,0.0000,2.1559,11.8047,0.0000,0
37.5400,0.14021,4.86248,9.96571,0.00862,-0.01664,0.38479,0,,,,270.1232,25.4221,0.0000,2.0631,11.8213,0.0000,0
37.5600,-0.25125,4.69417,10.00300,0.00917,-0.00842,0.39319,0,,,,270.1626,25.6588,0.0000,1.9702,11.8372,0.0000,0
37.5800,0.15008,4.80542,10.00720,0.00835,-0.00035,0.40838,0,,,,270.2001,25.8959,0.0000,1.8772,11.8523,0.0000,0
37.6000,-0.09459,4.68820,9.77579,-0.00583,-0.00440,0.38876,0,,,,270.2358,26.1332,0.0000,1.7841,11.8666,0.0000,0
37.6200,0.21446,4.64939,9.85314,-0.01103,0.01221,0.38512,0,,,,270.2696,26.3708,0.0000,1.6908,11.8803,0.0000,0
37.6400,-0.11368,4.73788,9.85995,0.00380,-0.00495,0.39136,0,,,,270.3016,26.6087,0.0000,1.5975,11.8932,0.0000,0
37.6600,-0.05503,4.65395,9.89070,0.01282,0.00017,0.37656,0,,,,270.3317,26.8468,0.0000,1.5040,11.9054,0.0000,0
37.6800,-0.02972,4.83581,9.88488,-0.00247,-0.01183,0.40528,0,,,,270.3599,27.0851,0.0000,1.4104,11.9168,0.0000,0
37.7000,0.00596,4.62540,9.92009,0.00341,-0.01370,0.39666,0,,,,270.3862,27.3237,0.0000,1.3168,11.9275,0.0000,0
37.7200,-0.06092,4.62124,9.93944,0.02100,-0.01741,0.38775,0,,,,270.4107,27.5624,0.0000,1.2231,11.9375,0.0000,0
37.7400,-0.06053,4.80146,9.91700,0.00762,-0.00570,0.39361,0,,,,270.4333,27.8013,0.0000,1.1293,11.9467,0.0000,0
37.7600,0.16445,4.60724,9.87042,-0.01085,0.00412,0.39801,0,,,,270.4540,28.0404,0.0000,1.0354,11.9552,0.0000,0
37.7800,-0.07850,4.61525,9.66969,0.01159,-0.00467,0.39993,0,,,,270.4728,28.2797,0.0000,0.9415,11.9630,0.0000,0
37.8000,0.04017,4.58298,9.63275,0.00280,-0.00003,0.40026,0,,,,270.4898,28.5191,0.0000,0.8475,11.9700,0.0000,0
37.8200,-0.06213,4.77125,9.84182,0.00031,-0.00530,0.41293,0,,,,270.5048,28.7586,0.0000,0.7535,11.9763,0.0000,0
37.8400,-0.05112,4.64977,9.79412,0.00724,0.00267,0.39362,0,,,,270.5180,28.9983,0.0000,0.6594,11.9819,0.0000,0
37.8600,0.00041,4.62991,9.90876,0.00621,-0.01162,0.39847,0,,,,270.5293,29.2380,0.0000,0.5653,11.9867,0.0000,0
37.8800,-0.17058,4.58719,9.88276,0.00138,-0.00701,0.38818,0,,,,270.5387,29.4778,0.0000,0.4711,11.9907,0.0000,0
37.9000,0.10142,4.64474,9.82207,0.01066,-0.00588,0.38008,0,,,,270.5463,29.7177,0.0000,0.3769,11.9941,0.0000,0
37.9200,-0.12963,4.76310,9.78070,0.01398,-0.00985,0.40173,0,,,,270.5519,29.9576,0.0000,0.2827,11.9967,0.0000,0
37.9400,0.23151,4.66731,9.65423,-0.00554,0.00636,0.39126,0,,,,270.5557,30.1976,0.0000,0.1885,11.9985,0.0000,0
37.9600,0.03591,4.73544,9.74820,-0.00909,-0.00787,0.39070,0,,,,270.5576,30.4376,0.0000,0.0942,11.9996,0.0000,0
37.9800,0.10222,4.57827,9.81152,-0.00192,-0.01044,0.39916,0,,,,270.5576,30.6776,0.0000,0.0000,12.0000,0.0000,0
38.0000,-0.04237,0.17627,9.84749,-0.00061,0.00070,0.00439,0,,,,270.5576,30.9176,0.0000,0.0000,12.0000,0.0000,0
38.0200,-0.13682,-0.22649,10.02341,0.00267,-0.01645,0.00782,0,,,,270.5576,31.1576,0.0000,0.0000,12.0000,0.0000,0
38.0400,0.07740,-0.01248,9.88482,0.01000,-0.01872,-0.00170,0,,,,270.5576,31.3976,0.0000,0.0000,12.0000,0.0000,0
38.0600,-0.05897,0.04518,9.99342,-0.00477,0.00923,-0.00584,0,,,,270.5576,31.6376,0.0000,0.0000,12.0000,0.0000,0
38.0800,0.18099,0.01656,9.80120,0.00758,-0.00711,0.01056,0,,,,270.5576,31.8776,0.0000,0.0000,12.0000,0.0000,0
38.1000,-0.22129,0.03388,9.75315,0.01120,-0.00335,0.01499,0,,,,270.5576,32.1176,0.0000,0.0000,12.0000,0.0000,0
38.1200,0.17307,-0.11669,9.80179,0.00835,0.00078,-0.01334,0,,,,270.5576,32.3576,0.0000,0.0000,12.0000,0.0000,0
38.1400,-0.09642,0.18589,9.65485,0.00906,0.00265,-0.00081,0,,,,270.5576,32.5976,0.0000,0.0000,12.0000,0.0000,0
38.1600,-0.10458,-0.19457,9.99305,-0.00491,-0.00935,-0.00298,0,,,,270.5576,32.8376,0.0000,0.0000,12.0000,0.0000,0
38.1800,0.16703,0.06680,9.86439,0.01331,0.00164,-0.00235,0,,,,270.5576,33.0776,0.0000,0.0000,12.0000,0.0000,0
38.2000,-0.12842,-0.03443,9.97212,-0.01039,-0.01726,-0.00393,0,,,,270.5576,33.3176,0.0000,0.0000,12.0000,0.0000,0
38.2200,0.04216,-0.12939,9.87727,-0.00535,-0.00670,0.01854,0,,,,270.5576,33.5576,0.0000,0.0000,12.0000,0.0000,0
38.2400,-0.09922,-0.06589,9.94157,0.00010,0.00020,0.00724,0,,,,270.5576,33.7976,0.0000,0.0000,12.0000,0.0000,0
38.2600,0.16768,0.16883,9.88537,-0.00665,-0.00004,-0.00133,0,,,,270.5576,34.0376,0.0000,0.0000,12.0000,0.0000,0
38.2800,-0.02562,-0.07572,9.65945,0.00475,0.00498,0.00902,0,,,,270.5576,34.2776,0.0000,0.0000,12.0000,0.0000,0
38.3000,0.17886,-0.09718,9.75632,-0.00203,0.00350,0.01320,0,,,,270.5576,34.5176,0.0000,0.0000,12.0000,0.0000,0
38.3200,0.00511,0.07688,9.92615,0.00184,-0.00239,0.00887,0,,,,270.5576,34.7576,0.0000,0.0000,12.0000,0.0000,0
38.3400,0.01714,-0.21468,9.91673,0.00169,0.01174,0.01131,0,,,,270.5576,34.9976,0.0000,0.0000,12.0000,0.0000,0
38.3600,0.05017,0.13348,9.98260,0.01248,-0.00720,0.00651,0,,,,270.5576,35.2376,0.0000,0.0000,12.0000,0.0000,0
38.3800,-0.06039,-0.10181,9.90371,0.00661,0.00034,0.01528,0,,,,270.5576,35.4776,0.0000,0.0000,12.0000,0.0000,0
38.4000,0.15332,-0.02587,9.99033,-0.00435,0.00568,0.01366,0,,,,270.5576,35.7176,0.0000,0.0000,12.0000,0.0000,0
38.4200,0.02082,0.00766,9.80269,0.00287,0.00004,0.00052,0,,,,270.5576,35.9576,0.0000,0.0000,12.0000,0.0000,0
38.4400,0.25523,-0.03469,9.69281,0.01706,-0.00222,-0.00375,0,,,,270.5576,36.1976,0.0000,0.0000,12.0000,0.0000,0
38.4600,-0.10857,0.17650,9.88289,0.01008,0.00755,0.01473,0,,,,270.5576,36.4376,0.0000,0.0000,12.0000,0.0000,0
38.4800,0.12873,-0.11525,9.81769,0.00789,-0.00893,0.01086,0,,,,270.5576,36.6776,0.0000,0.0000,12.0000,0.0000,0
38.5000,0.15669,0.07349,9.83159,0.00581,-0.00820,-0.00553,0,,,,270.5576,36.9176,0.0000,0.0000,12.0000,0.0000,0
38.5200,0.08764,-0.17765,9.94027,-0.00288,0.00721,0.01183,0,,,,270.5576,37.1576,0.0000,0.0000,12.0000,0.0000,0
38.5400,0.10289,-0.03692,9.94866,0.00656,-0.00149,0.00587,0,,,,270.5576,37.3976,0.0000,0.0000,12.0000,0.0000,0
38.5600,-0.05164,-0.02039,9.94576,0.00560,-0.01090,0.02543,0,,,,270.5576,37.6376,0.0000,0.0000,12.0000,0.0000,0
38.5800,0.13705,-0.00618,9.91701,-0.00129,-0.00294,0.00497,0,,,,270.5576,37.8776,0.0000,0.0000,12.0000,0.0000,0
38.6000,-0.14725,0.04217,9.65418,0.01602,0.00334,0.01011,0,,,,270.5576,38.1176,0.0000,0.0000,12.0000,0.0000,0
38.6200,-0.00647,-0.16989,9.84992,0.03521,0.00656,0.01330,0,,,,270.5576,38.3576,0.0000,0.0000,12.0000,0.0000,0
38.6400,0.02419,0.00736,9.83494,-0.00681,-0.01268,-0.00519,0,,,,270.5576,38.5976,0.0000,0.0000,12.0000,0.0000,0
38.6600,0.13310,-0.15365,9.83488,0.00188,-0.01201,-0.00037,0,,,,270.5576,38.8376,0.0000,0.0000,12.0000,0.0000,0
38.6800,0.02021,-0.02619,9.87412,-0.00665,0.00162,0.01029,0,,,,270.5576,39.0776,0.0000,0.0000,12.0000,0.0000,0
38.7000,-0.13403,-0.15081,10.11926,-0.00585,0.00041,0.00584,0,,,,270.5576,39.3176,0.0000,0.0000,12.0000,0.0000,0
38.7200,0.22875,0.05794,9.93073,0.00253,-0.00235,0.00427,0,,,,270.5576,39.5576,0.0000,0.0000,12.0000,0.0000,0
38.7400,-0.18340,0.04696,9.98614,-0.00635,-0.00541,0.00320,0,,,,270.5576,39.7976,0.0000,0.0000,12.0000,0.0000,0
38.7600,0.06535,-0.20183,9.75883,-0.00085,-0.01453,0.00642,0,,,,270.5576,40.0376,0.0000,0.0000,12.0000,0.0000,0
38.7800,0.03171,0.10167,9.73794,-0.01272,0.00273,0.00617,0,,,,270.5576,40.2776,0.0000,0.0000,12.0000,0.0000,0
38.8000,0.14448,0.02781,9.67654,-0.02100,-0.01143,0.00889,0,,,,270.5576,40.5176,0.0000,0.0000,12.0000,0.0000,0
38.8200,0.01231,-0.01102,9.68526,-0.00084,-0.01297,0.00917,0,,,,270.5576,40.7576,0.0000,0.0000,12.0000,0.0000,0
38.8400,-0.00795,-0.19922,9.82583,0.00410,-0.00266,0.00662,0,,,,270.5576,40.9976,0.0000,0.0000,12.0000,0.0000,0
38.8600,0.11222,0.06938,9.87532,-0.00384,-0.00616,0.02152,0,,,,270.5576,41.2376,0.0000,0.0000,12.0000,0.0000,0
38.8800,-0.16037,-0.14001,9.98239,-0.00043,0.00559,0.00253,0,,,,270.5576,41.4776,0.0000,0.0000,12.0000,0.0000,0
38.9000,0.13536,0.07225,10.07204,0.01326,-0.00409,0.00460,0,,,,270.5576,41.7176,0.0000,0.0000,12.0000,0.0000,0
38.9200,-0.07603,-0.01071,9.77382,0.00949,-0.00135,0.00464,0,,,,270.5576,41.9576,0.0000,0.0000,12.0000,0.0000,0
38.9400,0.04689,-0.07611,9.61273,-0.00265,-0.00750,0.00730,0,,,,270.5576,42.1976,0.0000,0.0000,12.0000,0.0000,0
38.9600,0.10824,0.10323,9.85276,0.00716,0.00600,0.01986,0,,,,270.5576,42.4376,0.0000,0.0000,12.0000,0.0000,0
38.9800,0.02563,-0.20534,9.82801,0.00197,-0.00124,0.00301,0,,,,270.5576,42.6776,0.0000,0.0000,12.0000,0.0000,0
39.0000,-0.00770,0.21966,9.76866,0.00749,0.00119,-0.00763,0,,,,270.5576,42.9176,0.0000,0.0000,12.0000,0.0000,0
39.0200,-0.07064,-0.19459,9.98396,-0.00094,-0.00368,-0.00666,0,,,,270.5576,43.1576,0.0000,0.0000,12.0000,0.0000,0
39.0400,0.30822,0.06317,10.01633,-0.00233,-0.00822,0.02030,0,,,,270.5576,43.3976,0.0000,0.0000,12.0000,0.0000,0
39.0600,-0.22192,-0.05880,9.85219,-0.00124,-0.00810,-0.00289,0,,,,270.5576,43.6376,0.0000,0.0000,12.0000,0.0000,0
39.0800,0.16260,-0.22791,9.84645,0.00128,-0.01387,0.01711,0,,,,270.5576,43.8776,0.0000,0.0000,12.0000,0.0000,0
39.1000,-0.12168,-0.01192,9.73874,0.00135,0.00747,0.02478,0,,,,270.5576,44.1176,0.0000,0.0000,12.0000,0.0000,0
39.1200,0.19211,-0.01945,9.87609,0.00399,0.00956,0.01134,0,,,,270.5576,44.3576,0.0000,0.0000,12.0000,0.0000,0
39.1400,-0.00629,0.10318,9.60962,0.00434,-0.01535,-0.00800,0,,,,270.5576,44.5976,0.0000,0.0000,12.0000,0.0000,0
39.1600,0.07047,-0.23818,9.82624,0.00311,-0.00154,-0.00223,0,,,,270.5576,44.8376,0.0000,0.0000,12.0000,0.0000,0
39.1800,0.14174,0.07909,9.94975,-0.00757,-0.00443,0.01378,0,,,,270.5576,45.0776,0.0000,0.0000,12.0000,0.0000,0
39.2000,0.04708,-0.19087,9.92713,-0.00591,-0.00825,-0.00619,0,,,,270.5576,45.3176,0.0000,0.0000,12.0000,0.0000,0
39.2200,0.13027,0.08495,9.90243,0.00128,-0.00476,0.01344,0,,,,270.5576,45.5576,0.0000,0.0000,12.0000,0.0000,0
39.2400,-0.12680,-0.09850,9.83314,-0.00710,0.00123,0.00392,0,,,,270.5576,45.7976,0.0000,0.0000,12.0000,0.0000,0
39.2600,0.16226,0.04949,9.91904,-0.01117,0.00218,0.00681,0,,,,270.5576,46.0376,0.0000,0.0000,12.0000,0.0000,0
39.2800,-0.09825,0.06051,9.60996,0.01370,0.00112,-0.00192,0,,,,270.5576,46.2776,0.0000,0.0000,12.0000,0.0000,0
39.3000,0.06370,-0.26333,9.71741,-0.00186,-0.01360,0.01121,0,,,,270.5576,46.5176,0.0000,0.0000,12.0000,0.0000,0
39.3200,0.11230,0.08404,9.77439,0.00548,-0.00316,-0.00366,0,,,,270.5576,46.7576,0.0000,0.0000,12.0000,0.0000,0
39.3400,-0.02725,-0.17277,9.90635,0.00207,-0.00132,-0.00720,0,,,,270.5576,46.9976,0.0000,0.0000,12.0000,0.0000,0
39.3600,0.15103,0.07543,10.16219,-0.00110,-0.00041,0.02763,0,,,,270.5576,47.2376,0.0000,0.0000,12.0000,0.0000,0
39.3800,-0.03693,-0.11190,9.89557,0.01423,-0.01227,0.00842,0,,,,270.5576,47.4776,0.0000,0.0000,12.0000,0.0000,0
39.4000,0.11624,-0.00806,9.81327,0.01275,-0.00522,-0.00472,0,,,,270.5576,47.7176,0.0000,0.0000,12.0000,0.0000,0
39.4200,0.02045,-0.06280,9.86838,0.00873,0.00079,-0.01257,0,,,,270.5576,47.9576,0.0000,0.0000,12.0000,0.0000,0
39.4400,0.20421,-0.08914,9.73787,0.00113,-0.01588,0.00654,0,,,,270.5576,48.1976,0.0000,0.0000,12.0000,0.0000,0
39.4600,-0.15130,0.03461,9.74939,0.01059,-0.00956,0.01661,0,,,,270.5576,48.4376,0.0000,0.0000,12.0000,0.0000,0
39.4800,0.15992,-0.17593,9.68580,-0.00955,-0.00083,-0.00090,0,,,,270.5576,48.6776,0.0000,0.0000,12.0000,0.0000,0
39.5000,0.13595,0.03564,9.78460,0.00387,-0.00849,0.00507,0,,,,270.5576,48.9176,0.0000,0.0000,12.0000,0.0000,0
39.5200,0.07470,-0.13219,9.94847,0.00364,-0.01654,0.00813,0,,,,270.5576,49.1576,0.0000,0.0000,12.0000,0.0000,0
39.5400,0.13494,0.12891,10.02488,0.00038,0.00526,0.00266,0,,,,270.5576,49.3976,0.0000,0.0000,12.0000,0.0000,0
39.5600,-0.04881,-0.10599,9.98605,-0.00101,0.01018,0.02114,0,,,,270.5576,49.6376,0.0000,0.0000,12.0000,0.0000,0
39.5800,0.22968,0.10084,9.74855,-0.00937,-0.00557,0.00533,0,,,,270.5576,49.8776,0.0000,0.0000,12.0000,0.0000,0
39.6000,-0.08998,-0.12429,9.87824,0.01923,0.00725,0.01368,0,,,,270.5576,50.1176,0.0000,0.0000,12.0000,0.0000,0
39.6200,0.15055,-0.17393,9.74458,0.01884,-0.00582,0.00136,0,,,,270.5576,50.3576,0.0000,0.0000,12.0000,0.0000,0
39.6400,0.07077,0.16905,9.68750,-0.00009,-0.00702,0.00556,0,,,,270.5576,50.5976,0.0000,0.0000,12.0000,0.0000,0
39.6600,0.14333,-0.21338,9.91398,0.00281,0.01561,0.00755,0,,,,270.5576,50.8376,0.0000,0.0000,12.0000,0.0000,0
39.6800,0.06209,0.13221,9.88749,-0.01236,-0.00492,0.00295,0,,,,270.5576,51.0776,0.0000,0.0000,12.0000,0.0000,0
39.7000,-0.15792,-0.13292,9.80541,-0.00078,-0.00105,0.00578,0,,,,270.5576,51.3176,0.0000,0.0000,12.0000,0.0000,0
39.7200,0.10843,0.02746,9.90250,0.00209,-0.00254,-0.00220,0,,,,270.5576,51.5576,0.0000,0.0000,12.0000,0.0000,0
39.7400,-0.05646,-0.03157,9.88753,0.02137,-0.00413,0.00277,0,,,,270.5576,51.7976,0.0000,0.0000,12.0000,0.0000,0
39.7600,0.12408,-0.13016,9.86735,-0.00349,-0.00754,0.00069,0,,,,270.5576,52.0376,0.0000,0.0000,12.0000,0.0000,0
39.7800,-0.14011,-0.10579,9.71104,0.00899,-0.00142,0.01748,0,,,,270.5576,52.2776,0.0000,0.0000,12.0000,0.0000,0
39.8000,0.17061,-0.08516,9.89314,0.00122,-0.00250,0.00491,0,,,,270.5576,52.5176,0.0000,0.0000,12.0000,0.0000,0
39.8200,0.13366,0.08643,9.74698,0.00670,-0.00953,0.00927,0,,,,270.5576,52.7576,0.0000,0.0000,12.0000,0.0000,0
39.8400,0.05807,-0.16421,9.93176,-0.00990,-0.00170,0.00130,0,,,,270.5576,52.9976,0.0000,0.0000,12.0000,0.0000,0
39.8600,0.32679,0.08762,9.91026,-0.00903,0.00744,0.00220,0,,,,270.5576,53.2376,0.0000,0.0000,12.0000,0.0000,0
39.8800,-0.11577,-0.07959,10.02650,0.00707,-0.00284,0.00627,0,,,,270.5576,53.4776,0.0000,0.0000,12.0000,0.0000,0
39.9000,0.17269,0.03399,9.96118,0.01076,-0.00255,-0.00153,0,,,,270.5576,53.7176,0.0000,0.0000,12.0000,0.0000,0
39.9200,-0.09131,0.03784,9.69869,-0.01225,0.00435,0.01716,0,,,,270.5576,53.9576,0.0000,0.0000,12.0000,0.0000,0
39.9400,0.04736,-0.07306,9.73222,-0.00009,-0.00056,-0.00534,0,,,,270.5576,54.1976,0.0000,0.0000,12.0000,0.0000,0
39.9600,-0.13072,0.03338,9.72526,-0.00701,0.00332,0.00166,0,,,,270.5576,54.4376,0.0000,0.0000,12.0000,0.0000,0
39.9800,0.05043,-0.11896,9.76419,0.00870,-0.01047,-0.00618,0,,,,270.5576,54.6776,0.0000,0.0000,12.0000,0.0000,0
40.0000,0.01522,0.09482,9.75739,-0.00910,-0.00154,-0.00106,0,,,,270.5576,54.9176,0.0000,0.0000,12.0000,0.0000,0
40.0200,-0.12038,-0.06435,9.88825,0.01120,-0.00277,0.00736,0,,,,270.5576,55.1576,0.0000,0.0000,12.0000,0.0000,0
40.0400,0.10523,-0.15494,9.88547,0.00099,-0.00008,-0.00932,0,,,,270.5576,55.3976,0.0000,0.0000,12.0000,0.0000,0
40.0600,-0.07287,-0.17087,9.96788,0.00184,0.00295,0.01353,0,,,,270.5576,55.6376,0.0000,0.0000,12.0000,0.0000,0
40.0800,0.19648,0.04637,9.84366,0.02458,-0.01275,0.00078,0,,,,270.5576,55.8776,0.0000,0.0000,12.0000,0.0000,0
40.1000,-0.00202,0.06730,9.82511,0.00740,-0.01967,0.01771,0,,,,270.5576,56.1176,0.0000,0.0000,12.0000,0.0000,0
40.1200,0.11615,-0.00682,9.57609,0.00405,-0.00751,0.00958,0,,,,270.5576,56.3576,0.0000,0.0000,12.0000,0.0000,0
40.1400,0.00756,0.10444,9.67062,0.00154,-0.00444,0.00896,0,,,,270.5576,56.5976,0.0000,0.0000,12.0000,0.0000,0
40.1600,0.13418,-0.13702,9.72471,0.00286,0.01789,0.01817,0,,,,270.5576,56.8376,0.0000,0.0000,12.0000,0.0000,0
40.1800,-0.16811,0.09130,9.98903,0.00054,-0.00668,0.00286,0,,,,270.5576,57.0776,0.0000,0.0000,12.0000,0.0000,0
40.2000,0.01364,-0.21896,10.06587,0.00155,-0.01048,0.01399,0,,,,270.5576,57.3176,0.0000,0.0000,12.0000,0.0000,0
40.2200,0.01771,-0.01012,9.91950,0.01915,-0.00848,-0.01224,0,,,,270.5576,57.5576,0.0000,0.0000,12.0000,0.0000,0
40.2400,-0.12442,-0.01604,9.96355,0.02021,0.00826,0.00650,0,,,,270.5576,57.7976,0.0000,0.0000,12.0000,0.0000,0
40.2600,0.08656,0.07744,9.78299,-0.00327,-0.00634,-0.00502,0,,,,270.5576,58.0376,0.0000,0.0000,12.0000,0.0000,0
40.2800,-0.09852,0.01565,9.80652,-0.00110,-0.01314,-0.00783,0,,,,270.5576,58.2776,0.0000,0.0000,12.0000,0.0000,0
40.3000,0.12730,-0.12127,9.69818,-0.00174,0.00011,0.01612,0,,,,270.5576,58.5176,0.0000,0.0000,12.0000,0.0000,0
40.3200,-0.05225,0.09334,9.87550,-0.00421,-0.00313,0.00470,0,,,,270.5576,58.7576,0.0000,0.0000,12.0000,0.0000,0
40.3400,-0.07994,-0.13557,9.88902,0.00644,-0.01250,0.00508,0,,,,270.5576,58.9976,0.0000,0.0000,12.0000,0.0000,0
40.3600,0.20835,0.24136,10.06038,-0.00742,0.00061,0.00113,0,,,,270.5576,59.2376,0.0000,0.0000,12.0000,0.0000,0
40.3800,-0.02975,-0.16827,9.83745,-0.00076,0.00278,0.00730,0,,,,270.5576,59.4776,0.0000,0.0000,12.0000,0.0000,0
40.4000,0.18636,0.02439,9.95955,0.00624,-0.00520,0.00566,0,,,,270.5576,59.7176,0.0000,0.0000,12.0000,0.0000,0
40.4200,0.05970,-0.01110,9.84502,0.00282,-0.00474,0.00152,0,,,,270.5576,59.9576,0.0000,0.0000,12.0000,0.0000,0
40.4400,0.16527,-0.12155,9.75255,-0.00432,-0.00214,0.00967,0,,,,270.5576,60.1976,0.0000,0.0000,12.0000,0.0000,0
40.4600,-0.05910,-0.10319,9.78412,0.00296,-0.01095,0.01119,0,,,,270.5576,60.4376,0.0000,0.0000,12.0000,0.0000,0
40.4800,-0.02770,-0.05794,9.76992,-0.01615,-0.00157,0.00175,0,,,,270.5576,60.6776,0.0000,0.0000,12.0000,0.0000,0
40.5000,-0.00455,0.03098,9.84647,-0.00188,-0.01785,0.01518,0,,,,270.5576,60.9176,0.0000,0.0000,12.0000,0.0000,0
40.5200,-0.02372,-0.20013,9.84852,0.00817,-0.01339,0.00607,0,,,,270.5576,61.1576,0.0000,0.0000,12.0000,0.0000,0
40.5400,0.07545,0.01544,9.88813,-0.00296,-0.00293,0.00688,0,,,,270.5576,61.3976,0.0000,0.0000,12.0000,0.0000,0
40.5600,-0.13143,-0.08837,10.02019,-0.01130,-0.00305,-0.00261,0,,,,270.5576,61.6376,0.0000,0.0000,12.0000,0.0000,0
40.5800,0.07555,-0.00158,9.82807,-0.00773,0.00759,0.01236,0,,,,270.5576,61.8776,0.0000,0.0000,12.0000,0.0000,0
40.6000,-0.22871,-0.11087,9.83359,-0.00028,0.00900,0.00993,0,,,,270.5576,62.1176,0.0000,0.0000,12.0000,0.0000,0
40.6200,0.15642,-0.18824,9.77809,-0.00821,0.00744,0.00838,0,,,,270.5576,62.3576,0.0000,0.0000,12.0000,0.0000,0
40.6400,-0.08380,0.13953,9.93465,0.00026,0.00140,0.00155,0,,,,270.5576,62.5976,0.0000,0.0000,12.0000,0.0000,0
40.6600,0.06187,-0.26963,9.82676,0.00235,0.01139,-0.00936,0,,,,270.5576,62.8376,0.0000,0.0000,12.0000,0.0000,0
40.6800,0.04737,0.18928,9.89512,0.00063,-0.00967,-0.00246,0,,,,270.5576,63.0776,0.0000,0.0000,12.0000,0.0000,0
40.7000,-0.17660,-0.17742,9.89163,0.00294,-0.00930,0.00116,0,,,,270.5576,63.3176,0.0000,0.0000,12.0000,0.0000,0
40.7200,0.10514,0.03045,9.92295,-0.00649,-0.00231,0.01354,0,,,,270.5576,63.5576,0.0000,0.0000,12.0000,0.0000,0
40.7400,-0.06760,-0.10127,9.89097,-0.01441,-0.00412,0.00180,0,,,,270.5576,63.7976,0.0000,0.0000,12.0000,0.0000,0
40.7600,0.08320,-0.11265,9.77966,0.00994,0.00574,-0.00243,0,,,,270.5576,64.0376,0.0000,0.0000,12.0000,0.0000,0
40.7800,-0.10277,-0.00511,9.81283,0.00316,-0.00226,0.00929,0,,,,270.5576,64.2776,0.0000,0.0000,12.0000,0.0000,0
40.8000,0.06282,-0.01797,9.74238,-0.00485,-0.00484,0.01486,0,,,,270.5576,64.5176,0.0000,0.0000,12.0000,0.0000,0
40.8200,-0.02385,0.16219,9.74881,-0.00413,0.00228,-0.00199,0,,,,270.5576,64.7576,0.0000,0.0000,12.0000,0.0000,0
40.8400,0.09076,-0.12092,9.81661,0.00143,-0.00739,0.00779,0,,,,270.5576,64.9976,0.0000,0.0000,12.0000,0.0000,0
40.8600,0.24883,0.04550,10.00067,0.00220,-0.00281,0.00368,0,,,,270.5576,65.2376,0.0000,0.0000,12.0000,0.0000,0
40.8800,-0.12105,-0.07968,9.95143,-0.00524,0.00511,0.00579,0,,,,270.5576,65.4776,0.0000,0.0000,12.0000,0.0000,0
40.9000,0.13588,0.11429,9.78030,0.01218,-0.01004,0.00669,0,,,,270.5576,65.7176,0.0000,0.0000,12.0000,0.0000,0
40.9200,-0.12681,-0.09631,9.94672,0.01685,-0.00477,0.00768,0,,,,270.5576,65.9576,0.0000,0.0000,12.0000,0.0000,0
40.9400,0.15314,0.05735,9.59514,0.00502,-0.00882,-0.01385,0,,,,270.5576,66.1976,0.0000,0.0000,12.0000,0.0000,0
40.9600,-0.07099,0.20532,9.68440,0.00833,0.00659,0.00490,0,,,,270.5576,66.4376,0.0000,0.0000,12.0000,0.0000,0
40.9800,0.09381,-0.27888,9.71721,0.00926,-0.00251,0.00794,0,,,,270.5576,66.6776,0.0000,0.0000,12.0000,0.0000,0
41.0000,0.05065,0.26536,9.82221,0.01484,-0.00193,0.01855,0,,,,270.5576,66.9176,0.0000,0.0000,12.0000,0.0000,0
41.0200,-0.10217,-0.12680,9.90730,0.00312,0.00678,0.00803,0,,,,270.5576,67.1576,0.0000,0.0000,12.0000,0.0000,0
41.0400,0.21978,0.00386,9.91059,0.00213,-0.00331,0.00351,0,,,,270.5576,67.3976,0.0000,0.0000,12.0000,0.0000,0
41.0600,-0.14527,0.01480,9.92008,0.01341,-0.00290,0.01019,0,,,,270.5576,67.6376,0.0000,0.0000,12.0000,0.0000,0
41.0800,0.20438,-0.08841,9.90107,0.01743,-0.00099,0.01221,0,,,,270.5576,67.8776,0.0000,0.0000,12.0000,0.0000,0
41.1000,-0.01867,0.03165,9.80103,0.00638,0.00311,-0.00582,0,,,,270.5576,68.1176,0.0000,0.0000,12.0000,0.0000,0
41.1200,0.15225,-0.12122,9.70745,0.01237,-0.00887,-0.00616,0,,,,270.5576,68.3576,0.0000,0.0000,12.0000,0.0000,0
41.1400,0.04585,-0.03847,9.60110,0.00927,-0.00173,0.00878,0,,,,270.5576,68.5976,0.0000,0.0000,12.0000,0.0000,0
41.1600,0.01965,-0.25981,9.73194,-0.00018,-0.01318,0.00746,0,,,,270.5576,68.8376,0.0000,0.0000,12.0000,0.0000,0
41.1800,0.03285,0.10103,9.92687,0.00509,0.00100,0.00225,0,,,,270.5576,69.0776,0.0000,0.0000,12.0000,0.0000,0
41.2000,-0.01582,-0.10820,9.77647,0.00717,-0.00180,0.00951,0,,,,270.5576,69.3176,0.0000,0.0000,12.0000,0.0000,0
41.2200,0.03837,0.00904,9.87791,0.00796,-0.01424,-0.00243,0,,,,270.5576,69.5576,0.0000,0.0000,12.0000,0.0000,0
41.2400,-0.03513,-0.10284,9.82655,0.00925,0.00458,0.01078,0,,,,270.5576,69.7976,0.0000,0.0000,12.0000,0.0000,0
41.2600,0.22577,-0.07101,9.79611,-0.00318,-0.00166,0.00078,0,,,,270.5576,70.0376,0.0000,0.0000,12.0000,0.0000,0
41.2800,-0.09596,0.08229,9.84283,0.00519,0.01135,-0.00064,0,,,,270.5576,70.2776,0.0000,0.0000,12.0000,0.0000,0
41.3000,-0.03650,-0.06991,9.68078,-0.00019,-0.01716,-0.00219,0,,,,270.5576,70.5176,0.0000,0.0000,12.0000,0.0000,0
41.3200,-0.11002,0.05149,9.76728,0.00272,0.00692,0.01042,0,,,,270.5576,70.7576,0.0000,0.0000,12.0000,0.0000,0
41.3400,-0.10481,-0.10041,9.89543,0.00122,-0.00318,0.00664,0,,,,270.5576,70.9976,0.0000,0.0000,12.0000,0.0000,0
41.3600,0.04246,0.06057,10.05268,-0.00363,-0.01124,0.00451,0,,,,270.5576,71.2376,0.0000,0.0000,12.0000,0.0000,0
41.3800,-0.14291,-0.24431,9.94697,0.01359,-0.00331,0.00643,0,,,,270.5576,71.4776,0.0000,0.0000,12.0000,0.0000,0
41.4000,-0.01629,0.04213,9.93465,-0.00332,-0.00156,0.00636,0,,,,270.5576,71.7176,0.0000,0.0000,12.0000,0.0000,0
41.4200,-0.16452,0.00408,9.93738,0.00018,-0.00994,0.00358,0,,,,270.5576,71.9576,0.0000,0.0000,12.0000,0.0000,0
41.4400,0.21695,-0.17920,9.81047,-0.00342,-0.00106,0.00049,0,,,,270.5576,72.1976,0.0000,0.0000,12.0000,0.0000,0
41.4600,-0.08751,0.17932,9.62416,0.00588,0.01085,0.01048,0,,,,270.5576,72.4376,0.0000,0.0000,12.0000,0.0000,0
41.4800,-0.02231,-0.24410,9.71437,0.00326,-0.00119,-0.00517,0,,,,270.5576,72.6776,0.0000,0.0000,12.0000,0.0000,0
41.5000,-0.02982,0.02508,9.84219,0.01788,-0.01047,-0.00282,0,,,,270.5576,72.9176,0.0000,0.0000,12.0000,0.0000,0
41.5200,-0.09483,-0.09073,9.93549,-0.00517,-0.00590,-0.00133,0,,,,270.5576,73.1576,0.0000,0.0000,12.0000,0.0000,0
41.5400,0.14582,0.27223,10.02048,0.00126,-0.00832,-0.00575,0,,,,270.5576,73.3976,0.0000,0.0000,12.0000,0.0000,0
41.5600,-0.00988,-0.02675,9.91182,0.01171,-0.00283,0.01120,0,,,,270.5576,73.6376,0.0000,0.0000,12.0000,0.0000,0
41.5800,0.18346,-0.03664,9.79530,0.00084,0.00374,0.00093,0,,,,270.5576,73.8776,0.0000,0.0000,12.0000,0.0000,0
41.6000,-0.03895,-0.07954,9.84852,0.00450,-0.01262,0.00321,0,,,,270.5576,74.1176,0.0000,0.0000,12.0000,0.0000,0
41.6200,0.20698,-0.20721,9.65310,0.00144,0.01407,-0.00038,0,,,,270.5576,74.3576,0.0000,0.0000,12.0000,0.0000,0
41.6400,0.02181,0.09597,9.70817,0.00329,-0.00658,0.00214,0,,,,270.5576,74.5976,0.0000,0.0000,12.0000,0.0000,0
41.6600,-0.07786,-0.15101,9.89873,0.00246,0.00572,0.00964,0,,,,270.5576,74.8376,0.0000,0.0000,12.0000,0.0000,0
41.6800,0.06508,0.03600,9.87556,-0.00976,-0.00514,0.00617,0,,,,270.5576,75.0776,0.0000,0.0000,12.0000,0.0000,0
41.7000,0.10670,-0.08482,9.90159,-0.00951,-0.00465,0.01149,0,,,,270.5576,75.3176,0.0000,0.0000,12.0000,0.0000,0
41.7200,0.12367,0.07766,9.95074,0.00774,-0.01578,0.01783,0,,,,270.5576,75.5576,0.0000,0.0000,12.0000,0.0000,0
41.7400,-0.16687,0.01101,9.87905,0.00107,-0.00493,0.00704,0,,,,270.5576,75.7976,0.0000,0.0000,12.0000,0.0000,0
41.7600,0.19448,0.03218,9.92511,0.00465,0.01071,0.00574,0,,,,270.5576,76.0376,0.0000,0.0000,12.0000,0.0000,0
41.7800,0.02488,0.06860,9.70413,0.00345,0.00103,0.00474,0,,,,270.5576,76.2776,0.0000,0.0000,12.0000,0.0000,0
41.8000,0.14356,-0.05785,9.74065,-0.02155,0.01043,0.00262,0,,,,270.5576,76.5176,0.0000,0.0000,12.0000,0.0000,0
41.8200,-0.05571,-0.00370,9.77192,-0.00250,-0.00890,-0.00046,0,,,,270.5576,76.7576,0.0000,0.0000,12.0000,0.0000,0
41.8400,0.06734,0.01338,9.95214,0.01098,-0.00602,0.00584,0,,,,270.5576,76.9976,0.0000,0.0000,12.0000,0.0000,0
41.8600,0.13193,0.02239,9.92391,0.00884,0.00572,0.00554,0,,,,270.5576,77.2376,0.0000,0.0000,12.0000,0.0000,0
41.8800,-0.14807,-0.13014,9.85922,0.00260,-0.00096,0.00283,0,,,,270.5576,77.4776,0.0000,0.0000,12.0000,0.0000,0
41.9000,0.17346,0.04043,9.94773,-0.00761,-0.00503,0.00828,0,,,,270.5576,77.7176,0.0000,0.0000,12.0000,0.0000,0
41.9200,0.04653,-0.04422,9.88568,0.00903,-0.00457,0.01419,0,,,,270.5576,77.9576,0.0000,0.0000,12.0000,0.0000,0
41.9400,0.24475,0.02934,9.80086,0.02088,-0.00792,0.02199,0,,,,270.5576,78.1976,0.0000,0.0000,12.0000,0.0000,0
41.9600,0.01932,0.16471,9.71128,0.00876,0.00842,-0.00370,0,,,,270.5576,78.4376,0.0000,0.0000,12.0000,0.0000,0
41.9800,0.07111,-0.31287,9.76024,-0.00453,-0.00474,0.02839,0,,,,270.5576,78.6776,0.0000,0.0000,12.0000,0.0000,0
42.0000,0.17742,-0.02516,9.90111,0.00839,-0.00570,0.00643,0,,,,270.5576,78.9176,0.0000,0.0000,12.0000,0.0000,0
42.0200,0.01790,-0.24930,9.85629,0.00338,-0.00220,-0.00067,0,,,,270.5576,79.1576,0.0000,0.0000,12.0000,0.0000,0
42.0400,0.05860,0.05029,10.04731,0.00139,0.00998,-0.00057,0,,,,270.5576,79.3976,0.0000,0.0000,12.0000,0.0000,0
42.0600,-0.05313,-0.10944,9.99615,-0.00425,0.01242,-0.00852,0,,,,270.5576,79.6376,0.0000,0.0000,12.0000,0.0000,0
42.0800,0.29700,-0.01527,9.91588,0.01268,0.00386,-0.00084,0,,,,270.5576,79.8776,0.0000,0.0000,12.0000,0.0000,0
42.1000,-0.02612,0.15648,9.71513,0.01895,0.00009,0.00153,0,,,,270.5576,80.1176,0.0000,0.0000,12.0000,0.0000,0
42.1200,0.06100,-0.12435,9.58235,-0.00132,-0.00510,-0.00360,0,,,,270.5576,80.3576,0.0000,0.0000,12.0000,0.0000,0
42.1400,0.04202,0.05766,9.70447,-0.00060,-0.00016,0.00559,0,,,,270.5576,80.5976,0.0000,0.0000,12.0000,0.0000,0
42.1600,-0.00104,-0.13900,9.82275,-0.00712,-0.00531,0.00963,0,,,,270.5576,80.8376,0.0000,0.0000,12.0000,0.0000,0
42.1800,0.11561,0.06783,9.96860,-0.00584,-0.01059,0.00299,0,,,,270.5576,81.0776,0.0000,0.0000,12.0000,0.0000,0
42.2000,0.08927,-0.11402,9.94875,0.01435,-0.00530,0.02288,0,,,,270.5576,81.3176,0.0000,0.0000,12.0000,0.0000,0
42.2200,0.10042,-0.04664,9.95192,0.00001,-0.00946,0.02582,0,,,,270.5576,81.5576,0.0000,0.0000,12.0000,0.0000,0
42.2400,-0.05238,-0.01535,9.86387,-0.00262,0.00520,-0.00841,0,,,,270.5576,81.7976,0.0000,0.0000,12.0000,0.0000,0
42.2600,0.06645,-0.07227,9.92056,-0.00100,0.00033,0.00522,0,,,,270.5576,82.0376,0.0000,0.0000,12.0000,0.0000,0
42.2800,0.04238,-0.09248,9.80695,0.00041,0.00440,-0.00155,0,,,,270.5576,82.2776,0.0000,0.0000,12.0000,0.0000,0
42.3000,0.11249,-0.13528,9.66233,-0.00824,-0.00764,0.00604,0,,,,270.5576,82.5176,0.0000,0.0000,12.0000,0.0000,0
42.3200,-0.05040,0.05982,9.64798,-0.00097,0.00519,0.01064,0,,,,270.5576,82.7576,0.0000,0.0000,12.0000,0.0000,0
42.3400,0.01801,-0.12956,9.82023,0.01500,0.01354,0.00632,0,,,,270.5576,82.9976,0.0000,0.0000,12.0000,0.0000,0
42.3600,0.30507,0.02074,9.85788,-0.00368,-0.00476,0.02350,0,,,,270.5576,83.2376,0.0000,0.0000,12.0000,0.0000,0
42.3800,-0.07495,-0.17526,9.90265,0.01112,0.00498,0.00112,0,,,,270.5576,83.4776,0.0000,0.0000,12.0000,0.0000,0
42.4000,0.00406,-0.08321,10.06488,0.00751,-0.00248,0.01995,0,,,,270.5576,83.7176,0.0000,0.0000,12.0000,0.0000,0
42.4200,0.07690,-0.02534,9.84020,-0.00266,-0.00528,-0.00689,0,,,,270.5576,83.9576,0.0000,0.0000,12.0000,0.0000,0
42.4400,0.02935,-0.21891,9.85094,-0.01049,0.01260,-0.00084,0,,,,270.5576,84.1976,0.0000,0.0000,12.0000,0.0000,0
42.4600,0.09684,0.02827,9.61159,0.01227,0.00821,-0.00225,0,,,,270.5576,84.4376,0.0000,0.0000,12.0000,0.0000,0
42.4800,0.05764,-0.21404,9.76486,0.00286,-0.00581,-0.00955,0,,,,270.5576,84.6776,0.0000,0.0000,12.0000,0.0000,0
42.5000,-0.00647,0.14628,9.83994,-0.00062,-0.01045,0.00012,0,,,,270.5576,84.9176,0.0000,0.0000,12.0000,0.0000,0
42.5200,0.10854,-0.23276,9.99646,0.00238,-0.00104,-0.00086,0,,,,270.5576,85.1576,0.0000,0.0000,12.0000,0.0000,0
42.5400,0.09400,0.05702,9.93476,0.00465,0.00066,0.02238,0,,,,270.5576,85.3976,0.0000,0.0000,12.0000,0.0000,0
42.5600,-0.04632,-0.23407,10.04215,0.00037,0.01310,0.01677,0,,,,270.5576,85.6376,0.0000,0.0000,12.0000,0.0000,0
42.5800,0.11934,0.03529,9.82417,0.00202,0.00241,0.01390,0,,,,270.5576,85.8776,0.0000,0.0000,12.0000,0.0000,0
42.6000,-0.00251,0.01308,9.98479,-0.00092,-0.01586,-0.00632,0,,,,270.5576,86.1176,0.0000,0.0000,12.0000,0.0000,0
42.6200,0.25038,-0.11262,9.75150,-0.00234,-0.00662,-0.00130,0,,,,270.5576,86.3576,0.0000,0.0000,12.0000,0.0000,0
42.6400,0.01988,0.06737,9.79013,0.00472,-0.00641,-0.00667,0,,,,270.5576,86.5976,0.0000,0.0000,12.0000,0.0000,0
42.6600,-0.06862,0.09308,9.94506,0.01272,-0.00840,0.00508,0,,,,270.5576,86.8376,0.0000,0.0000,12.0000,0.0000,0
42.6800,0.00461,-0.01874,9.86736,0.01261,0.00373,-0.00276,0,,,,270.5576,87.0776,0.0000,0.0000,12.0000,0.0000,0
42.7000,-0.05572,-0.06715,9.92510,0.00264,0.00021,0.00813,0,,,,270.5576,87.3176,0.0000,0.0000,12.0000,0.0000,0
42.7200,0.16165,-0.01800,9.92115,-0.00707,-0.01549,0.00408,0,,,,270.5576,87.5576,0.0000,0.0000,12.0000,0.0000,0
42.7400,-0.01257,-0.16291,9.92266,0.00828,-0.01769,0.00284,0,,,,270.5576,87.7976,0.0000,0.0000,12.0000,0.0000,0
42.7600,0.28957,-0.00833,9.66284,0.00727,-0.00898,0.01053,0,,,,270.5576,88.0376,0.0000,0.0000,12.0000,0.0000,0
42.7800,-0.11653,0.03006,9.70507,0.00203,-0.00754,0.00321,0,,,,270.5576,88.2776,0.0000,0.0000,12.0000,0.0000,0
42.8000,0.01649,-0.08783,9.75655,-0.01093,0.00494,0.00359,0,,,,270.5576,88.5176,0.0000,0.0000,12.0000,0.0000,0
42.8200,0.02310,0.14739,9.82510,0.01132,-0.00535,0.01328,0,,,,270.5576,88.7576,0.0000,0.0000,12.0000,0.0000,0
42.8400,0.03479,-0.10844,9.91878,0.01193,0.00277,0.00146,0,,,,270.5576,88.9976,0.0000,0.0000,12.0000,0.0000,0
42.8600,0.04651,0.07118,9.89716,-0.00642,-0.02002,-0.00739,0,,,,270.5576,89.2376,0.0000,0.0000,12.0000,0.0000,0
42.8800,0.10637,-0.15901,10.12680,0.00523,-0.00340,-0.00700,0,,,,270.5576,89.4776,0.0000,0.0000,12.0000,0.0000,0
42.9000,0.15450,0.15846,10.05180,0.00419,-0.01219,-0.00266,0,,,,270.5576,89.7176,0.0000,0.0000,12.0000,0.0000,0
42.9200,-0.14797,0.07979,9.97215,0.00357,-0.00542,0.01739,0,,,,270.5576,89.9576,0.0000,0.0000,12.0000,0.0000,0
42.9400,0.07029,-0.07695,9.80123,-0.00490,-0.00809,-0.00071,0,,,,270.5576,90.1976,0.0000,0.0000,12.0000,0.0000,0
42.9600,0.07119,0.21063,9.74607,-0.00015,-0.00780,0.00501,0,,,,270.5576,90.4376,0.0000,0.0000,12.0000,0.0000,0
42.9800,0.04016,-0.14934,9.80756,-0.00124,-0.00452,0.00352,0,,,,270.5576,90.6776,0.0000,0.0000,12.0000,0.0000,0
43.0000,0.01459,0.05468,9.91763,-0.01217,0.00959,0.00608,0,,,,270.5576,90.9176,0.0000,0.0000,12.0000,0.0000,0
43.0200,0.04463,-0.08357,9.88215,-0.00531,-0.01126,0.00302,0,,,,270.5576,91.1576,0.0000,0.0000,12.0000,0.0000,0
43.0400,0.17808,0.01078,10.02505,-0.01694,-0.00608,0.01434,0,,,,270.5576,91.3976,0.0000,0.0000,12.0000,0.0000,0
43.0600,-0.08226,-0.14743,9.89656,-0.02222,-0.01109,0.01346,0,,,,270.5576,91.6376,0.0000,0.0000,12.0000,0.0000,0
43.0800,0.11315,-0.05963,9.68515,-0.01105,0.00652,0.00994,0,,,,270.5576,91.8776,0.0000,0.0000,12.0000,0.0000,0
43.1000,-0.17792,-0.04336,9.78378,-0.00757,-0.01903,0.00373,0,,,,270.5576,92.1176,0.0000,0.0000,12.0000,0.0000,0
43.1200,0.17827,-0.05914,9.80879,-0.01043,-0.00254,0.00285,0,,,,270.5576,92.3576,0.0000,0.0000,12.0000,0.0000,0
43.1400,-0.02479,0.05821,9.70249,-0.02214,0.00629,0.00764,0,,,,270.5576,92.5976,0.0000,0.0000,12.0000,0.0000,0
43.1600,-0.06370,-0.11120,9.79102,-0.00135,-0.00915,0.00930,0,,,,270.5576,92.8376,0.0000,0.0000,12.0000,0.0000,0
43.1800,0.00586,-0.00152,10.00500,0.00057,-0.00418,0.01054,0,,,,270.5576,93.0776,0.0000,0.0000,12.0000,0.0000,0
43.2000,-0.08394,-0.16453,9.99523,-0.01033,-0.00123,-0.00105,0,,,,270.5576,93.3176,0.0000,0.0000,12.0000,0.0000,0
43.2200,0.20976,0.07803,9.99839,-0.01086,-0.00383,-0.00442,0,,,,270.5576,93.5576,0.0000,0.0000,12.0000,0.0000,0
43.2400,-0.08082,-0.23771,9.77756,0.01151,-0.00005,0.00217,0,,,,270.5576,93.7976,0.0000,0.0000,12.0000,0.0000,0
43.2600,0.08518,-0.13923,9.82849,-0.00075,0.00937,0.00352,0,,,,270.5576,94.0376,0.0000,0.0000,12.0000,0.0000,0
43.2800,-0.05662,-0.07678,9.71921,0.00342,-0.00598,0.00111,0,,,,270.5576,94.2776,0.0000,0.0000,12.0000,0.0000,0
43.3000,0.13669,-0.00590,9.75412,0.01115,0.00197,0.01367,0,,,,270.5576,94.5176,0.0000,0.0000,12.0000,0.0000,0
43.3200,-0.03862,0.06968,9.78262,0.00637,0.00334,0.00600,0,,,,270.5576,94.7576,0.0000,0.0000,12.0000,0.0000,0
43.3400,0.09510,-0.19412,9.95732,0.01013,0.00242,0.00607,0,,,,270.5576,94.9976,0.0000,0.0000,12.0000,0.0000,0
43.3600,0.15488,0.00364,9.97384,0.00440,-0.01364,0.00880,0,,,,270.5576,95.2376,0.0000,0.0000,12.0000,0.0000,0
43.3800,-0.15237,-0.14072,9.97771,-0.00385,-0.00234,0.00553,0,,,,270.5576,95.4776,0.0000,0.0000,12.0000,0.0000,0
43.4000,0.08851,0.05252,9.86605,0.02030,-0.00388,-0.00437,0,,,,270.5576,95.7176,0.0000,0.0000,12.0000,0.0000,0
43.4200,-0.15851,0.06934,9.80888,-0.00891,0.00383,0.00168,0,,,,270.5576,95.9576,0.0000,0.0000,12.0000,0.0000,0
43.4400,0.20085,-0.00625,9.78615,0.02117,-0.01680,-0.00154,0,,,,270.5576,96.1976,0.0000,0.0000,12.0000,0.0000,0
43.4600,-0.06262,0.23837,9.88073,0.01231,-0.00935,-0.00042,0,,,,270.5576,96.4376,0.0000,0.0000,12.0000,0.0000,0
43.4800,0.01789,-0.20425,9.89392,0.00005,-0.00389,0.01120,0,,,,270.5576,96.6776,0.0000,0.0000,12.0000,0.0000,0
43.5000,-0.09308,0.09421,9.76890,-0.00036,-0.00769,-0.00010,0,,,,270.5576,96.9176,0.0000,0.0000,12.0000,0.0000,0
43.5200,0.01387,-0.12388,9.92121,0.00497,-0.00995,0.01045,0,,,,270.5576,97.1576,0.0000,0.0000,12.0000,0.0000,0
43.5400,0.10565,0.01878,9.91283,0.00007,0.01197,0.00449,0,,,,270.5576,97.3976,0.0000,0.0000,12.0000,0.0000,0
43.5600,-0.16013,-0.00759,9.91136,0.00427,-0.00785,0.01525,0,,,,270.5576,97.6376,0.0000,0.0000,12.0000,0.0000,0
43.5800,0.11250,0.08936,9.78775,-0.00034,0.00820,0.00635,0,,,,270.5576,97.8776,0.0000,0.0000,12.0000,0.0000,0
43.6000,0.10759,-0.01445,9.80668,0.01724,-0.01511,-0.00810,0,,,,270.5576,98.1176,0.0000,0.0000,12.0000,0.0000,0
43.6200,0.06882,-0.04142,9.60999,0.00678,0.00121,0.02112,0,,,,270.5576,98.3576,0.0000,0.0000,12.0000,0.0000,0
43.6400,0.06583,0.10428,9.86406,0.00631,-0.00668,-0.00416,0,,,,270.5576,98.5976,0.0000,0.0000,12.0000,0.0000,0
43.6600,0.00949,-0.15226,9.84081,-0.01508,-0.00476,0.00523,0,,,,270.5576,98.8376,0.0000,0.0000,12.0000,0.0000,0
43.6800,0.11365,0.21637,9.92931,-0.00528,-0.01754,0.01050,0,,,,270.5576,99.0776,0.0000,0.0000,12.0000,0.0000,0
43.7000,-0.10006,-0.05774,10.08257,-0.01035,0.00143,0.01534,0,,,,270.5576,99.3176,0.0000,0.0000,12.0000,0.0000,0
43.7200,0.22284,-0.13341,9.89694,-0.00824,0.00119,0.00831,0,,,,270.5576,99.5576,0.0000,0.0000,12.0000,0.0000,0
43.7400,-0.29371,-0.07655,9.96488,0.00318,-0.00183,0.00208,0,,,,270.5576,99.7976,0.0000,0.0000,12.0000,0.0000,0
43.7600,0.07316,-0.05385,9.81664,0.00692,0.00257,0.00569,0,,,,270.5576,100.0376,0.0000,0.0000,12.0000,0.0000,0
43.7800,0.02627,0.00431,9.63255,0.00582,-0.00199,0.00898,0,,,,270.5576,100.2776,0.0000,0.0000,12.0000,0.0000,0
43.8000,0.00938,0.01618,9.79936,-0.00030,-0.01048,0.01362,0,,,,270.5576,100.5176,0.0000,0.0000,12.0000,0.0000,0
43.8200,-0.07798,0.26714,9.74978,0.01576,-0.00448,0.01765,0,,,,270.5576,100.7576,0.0000,0.0000,12.0000,0.0000,0
43.8400,-0.03383,-0.14755,9.95087,0.00730,0.00581,0.00110,0,,,,270.5576,100.9976,0.0000,0.0000,12.0000,0.0000,0
43.8600,0.10460,0.17503,9.90155,0.00658,-0.00475,0.00665,0,,,,270.5576,101.2376,0.0000,0.0000,12.0000,0.0000,0
43.8800,-0.04570,-0.16955,9.95367,0.00316,-0.00382,0.01758,0,,,,270.5576,101.4776,0.0000,0.0000,12.0000,0.0000,0
43.9000,0.23492,0.03028,9.86613,-0.00459,0.01279,-0.00308,0,,,,270.5576,101.7176,0.0000,0.0000,12.0000,0.0000,0
43.9200,-0.07065,0.00641,9.81670,-0.00602,-0.00928,0.00063,0,,,,270.5576,101.9576,0.0000,0.0000,12.0000,0.0000,0
43.9400,0.09182,0.02512,9.76346,-0.00219,-0.00214,0.01034,0,,,,270.5576,102.1976,0.0000,0.0000,12.0000,0.0000,0
43.9600,-0.06972,0.12963,9.63520,0.01137,-0.00307,0.00462,0,,,,270.5576,102.4376,0.0000,0.0000,12.0000,0.0000,0
43.9800,0.02873,-0.23980,9.64117,-0.00410,0.00170,-0.00269,0,,,,270.5576,102.6776,0.0000,0.0000,12.0000,0.0000,0
44.0000,-0.08388,0.01727,9.82586,-0.00076,-0.00403,0.01326,0,,,,270.5576,102.9176,0.0000,0.0000,12.0000,0.0000,0
44.0200,0.09577,0.01886,9.80880,-0.00485,0.00259,0.00137,0,,,,270.5576,103.1576,0.0000,0.0000,12.0000,0.0000,0
44.0400,0.19101,0.07405,10.10275,0.01034,0.00549,0.00171,0,,,,270.5576,103.3976,0.0000,0.0000,12.0000,0.0000,0
44.0600,-0.07638,-0.10551,9.82864,0.01377,0.00296,0.00224,0,,,,270.5576,103.6376,0.0000,0.0000,12.0000,0.0000,0
44.0800,0.26413,-0.07289,9.72464,0.01006,-0.01323,0.00343,0,,,,270.5576,103.8776,0.0000,0.0000,12.0000,0.0000,0
44.1000,-0.05764,0.03792,9.85399,0.00665,0.00140,-0.00133,0,,,,270.5576,104.1176,0.0000,0.0000,12.0000,0.0000,0
44.1200,0.15600,-0.22693,9.86375,-0.00922,-0.00577,-0.00555,0,,,,270.5576,104.3576,0.0000,0.0000,12.0000,0.0000,0
44.1400,-0.07622,0.07623,9.71303,0.01115,-0.00118,0.00130,0,,,,270.5576,104.5976,0.0000,0.0000,12.0000,0.0000,0
44.1600,0.04435,-0.05148,9.89952,-0.00711,-0.00845,0.00880,0,,,,270.5576,104.8376,0.0000,0.0000,12.0000,0.0000,0
44.1800,0.09811,0.00220,9.97439,-0.00513,0.00743,0.00924,0,,,,270.5576,105.0776,0.0000,0.0000,12.0000,0.0000,0
44.2000,-0.12109,-0.16941,9.92706,0.00328,-0.00463,-0.00416,0,,,,270.5576,105.3176,0.0000,0.0000,12.0000,0.0000,0
44.2200,0.02978,0.07822,9.98813,0.00284,-0.00083,0.00005,0,,,,270.5576,105.5576,0.0000,0.0000,12.0000,0.0000,0
44.2400,-0.06316,0.15059,9.99479,-0.00031,-0.00719,-0.01788,0,,,,270.5576,105.7976,0.0000,0.0000,12.0000,0.0000,0
44.2600,0.24337,0.01044,9.76897,-0.00945,-0.01224,0.00856,0,,,,270.5576,106.0376,0.0000,0.0000,12.0000,0.0000,0
44.2800,-0.06847,0.08963,9.75499,0.00973,-0.00004,0.01163,0,,,,270.5576,106.2776,0.0000,0.0000,12.0000,0.0000,0
44.3000,-0.05664,-0.22583,9.71338,0.01064,0.01204,0.00369,0,,,,270.5576,106.5176,0.0000,0.0000,12.0000,0.0000,0
44.3200,-0.03877,-0.07017,9.86792,-0.00240,0.02067,-0.00092,0,,,,270.5576,106.7576,0.0000,0.0000,12.0000,0.0000,0
44.3400,0.19338,-0.08918,9.80423,0.00386,0.00317,0.00320,0,,,,270.5576,106.9976,0.0000,0.0000,12.0000,0.0000,0
44.3600,0.16485,0.14043,10.00568,0.00187,-0.01240,0.00439,0,,,,270.5576,107.2376,0.0000,0.0000,12.0000,0.0000,0
44.3800,-0.03838,-0.25657,9.98806,0.00123,-0.01337,0.00234,0,,,,270.5576,107.4776,0.0000,0.0000,12.0000,0.0000,0
44.4000,0.12918,0.16149,9.94479,0.01029,-0.00394,-0.00999,0,,,,270.5576,107.7176,0.0000,0.0000,12.0000,0.0000,0
44.4200,-0.02598,-0.07512,9.81476,-0.00642,-0.00242,0.01352,0,,,,270.5576,107.9576,0.0000,0.0000,12.0000,0.0000,0
44.4400,0.22320,0.04580,9.90243,-0.01437,-0.01255,-0.00947,0,,,,270.5576,108.1976,0.0000,0.0000,12.0000,0.0000,0
44.4600,0.00841,0.00203,9.69775,0.00027,0.00006,-0.00688,0,,,,270.5576,108.4376,0.0000,0.0000,12.0000,0.0000,0
44.4800,-0.01653,-0.14147,9.87040,0.00180,-0.00933,-0.01219,0,,,,270.5576,108.6776,0.0000,0.0000,12.0000,0.0000,0
44.5000,0.11621,0.03113,9.76486,-0.01172,-0.01451,-0.00269,0,,,,270.5576,108.9176,0.0000,0.0000,12.0000,0.0000,0
44.5200,-0.02328,-0.23827,9.95365,0.00003,0.01478,-0.00864,0,,,,270.5576,109.1576,0.0000,0.0000,12.0000,0.0000,0
44.5400,0.13506,0.07140,9.89397,0.00276,0.00316,0.00577,0,,,,270.5576,109.3976,0.0000,0.0000,12.0000,0.0000,0
44.5600,0.04218,-0.25531,9.88173,0.01380,0.00430,0.00932,0,,,,270.5576,109.6376,0.0000,0.0000,12.0000,0.0000,0
44.5800,0.25842,-0.17579,9.93534,0.01051,-0.00827,0.02603,0,,,,270.5576,109.8776,0.0000,0.0000,12.0000,0.0000,0
44.6000,-0.05842,-0.16834,9.81662,-0.00376,0.00632,0.00938,0,,,,270.5576,110.1176,0.0000,0.0000,12.0000,0.0000,0
44.6200,0.08463,0.01371,9.81393,-0.00462,-0.00422,0.00914,0,,,,270.5576,110.3576,0.0000,0.0000,12.0000,0.0000,0
44.6400,-0.04695,0.04840,9.75827,-0.00653,-0.02086,0.00691,0,,,,270.5576,110.5976,0.0000,0.0000,12.0000,0.0000,0
44.6600,-0.10407,-0.22850,9.68508,-0.01119,0.00041,0.00322,0,,,,270.5576,110.8376,0.0000,0.0000,12.0000,0.0000,0
44.6800,0.04917,-0.01904,9.86199,0.00501,-0.00342,0.01158,0,,,,270.5576,111.0776,0.0000,0.0000,12.0000,0.0000,0
44.7000,0.04667,-0.14726,9.82260,-0.00405,-0.00378,-0.00121,0,,,,270.5576,111.3176,0.0000,0.0000,12.0000,0.0000,0
44.7200,0.05695,0.03988,10.15965,-0.00191,-0.00302,-0.00550,0,,,,270.5576,111.5576,0.0000,0.0000,12.0000,0.0000,0
44.7400,0.02160,0.01749,9.96528,0.01288,-0.00642,0.00258,0,,,,270.5576,111.7976,0.0000,0.0000,12.0000,0.0000,0
44.7600,0.29466,-0.00187,9.63494,0.00564,-0.00765,0.01219,0,,,,270.5576,112.0376,0.0000,0.0000,12.0000,0.0000,0
44.7800,-0.02866,-0.10494,9.76958,0.00369,-0.00009,0.00960,0,,,,270.5576,112.2776,0.0000,0.0000,12.0000,0.0000,0
44.8000,0.23021,-0.09397,9.74436,0.01118,0.01494,0.01232,0,,,,270.5576,112.5176,0.0000,0.0000,12.0000,0.0000,0
44.8200,0.02665,0.12083,9.81932,0.00215,0.01432,-0.00099,0,,,,270.5576,112.7576,0.0000,0.0000,12.0000,0.0000,0
44.8400,0.11735,-0.15912,9.76806,0.00049,-0.00737,0.00962,0,,,,270.5576,112.9976,0.0000,0.0000,12.0000,0.0000,0
44.8600,0.10511,-0.00661,10.07565,0.01072,0.00969,0.00690,0,,,,270.5576,113.2376,0.0000,0.0000,12.0000,0.0000,0
44.8800,-0.05532,-0.05021,9.92833,0.00304,-0.00441,-0.00669,0,,,,270.5576,113.4776,0.0000,0.0000,12.0000,0.0000,0
44.9000,0.16432,-0.02820,9.90778,0.00491,0.00718,-0.00179,0,,,,270.5576,113.7176,0.0000,0.0000,12.0000,0.0000,0
44.9200,-0.10669,-0.08367,9.77520,-0.00276,-0.00457,0.00969,0,,,,270.5576,113.9576,0.0000,0.0000,12.0000,0.0000,0
44.9400,0.17421,-0.16564,9.86772,0.00956,-0.01021,0.01479,0,,,,270.5576,114.1976,0.0000,0.0000,12.0000,0.0000,0
44.9600,-0.01599,0.04496,9.76553,0.00179,0.00136,0.00650,0,,,,270.5576,114.4376,0.0000,0.0000,12.0000,0.0000,0
44.9800,0.05718,-0.30364,9.81668,-0.00099,0.00322,0.00885,0,,,,270.5576,114.6776,0.0000,0.0000,12.0000,0.0000,0
45.0000,0.01219,0.17184,9.87304,0.00331,-0.00410,0.01847,0,,,,270.5576,114.9176,0.0000,0.0000,12.0000,0.0000,0
45.0200,-0.06124,-0.16739,9.83981,0.00781,-0.00766,0.00124,0,,,,270.5576,115.1576,0.0000,0.0000,12.0000,0.0000,0
45.0400,0.08079,0.06249,9.87635,-0.01595,0.00066,-0.01191,0,,,,270.5576,115.3976,0.0000,0.0000,12.0000,0.0000,0
45.0600,-0.00025,0.04359,9.93597,0.01240,-0.00319,0.01779,0,,,,270.5576,115.6376,0.0000,0.0000,12.0000,0.0000,0
45.0800,0.12327,-0.21166,9.86530,0.01566,0.00128,0.00088,0,,,,270.5576,115.8776,0.0000,0.0000,12.0000,0.0000,0
45.1000,-0.04781,0.08477,9.77927,0.02301,-0.00714,0.01302,0,,,,270.5576,116.1176,0.0000,0.0000,12.0000,0.0000,0
45.1200,0.19342,-0.16248,9.70482,0.01014,-0.00184,0.00770,0,,,,270.5576,116.3576,0.0000,0.0000,12.0000,0.0000,0
45.1400,-0.14869,0.12764,9.77831,0.00149,-0.00011,0.00173,0,,,,270.5576,116.5976,0.0000,0.0000,12.0000,0.0000,0
45.1600,0.00769,-0.16840,9.78967,0.01944,0.00429,-0.00275,0,,,,270.5576,116.8376,0.0000,0.0000,12.0000,0.0000,0
45.1800,0.23275,0.05160,9.91682,0.00918,-0.01876,0.00310,0,,,,270.5576,117.0776,0.0000,0.0000,12.0000,0.0000,0
45.2000,-0.07640,-0.11068,10.00038,0.00138,-0.00399,0.01352,0,,,,270.5576,117.3176,0.0000,0.0000,12.0000,0.0000,0
45.2200,0.16544,0.03761,9.97706,0.01669,-0.00162,0.00088,0,,,,270.5576,117.5576,0.0000,0.0000,12.0000,0.0000,0
45.2400,-0.23059,-0.16720,9.86346,0.00113,-0.00744,0.00781,0,,,,270.5576,117.7976,0.0000,0.0000,12.0000,0.0000,0
45.2600,0.11239,-0.12564,9.86149,0.01296,-0.01186,0.00695,0,,,,270.5576,118.0376,0.0000,0.0000,12.0000,0.0000,0
45.2800,-0.21372,-0.08366,9.70097,0.01108,-0.00923,-0.00153,0,,,,270.5576,118.2776,0.0000,0.0000,12.0000,0.0000,0
45.3000,0.11342,-0.12412,9.67971,0.01789,-0.00512,0.00591,0,,,,270.5576,118.5176,0.0000,0.0000,12.0000,0.0000,0
45.3200,-0.02199,0.12143,9.89764,0.01531,-0.00910,0.01381,0,,,,270.5576,118.7576,0.0000,0.0000,12.0000,0.0000,0
45.3400,0.06893,-0.07109,9.87914,0.00050,0.00449,0.01264,0,,,,270.5576,118.9976,0.0000,0.0000,12.0000,0.0000,0
45.3600,0.22307,0.09104,9.94942,-0.01768,-0.01589,0.00185,0,,,,270.5576,119.2376,0.0000,0.0000,12.0000,0.0000,0
45.3800,-0.14055,-0.04136,9.86972,-0.00201,-0.00670,0.01464,0,,,,270.5576,119.4776,0.0000,0.0000,12.0000,0.0000,0
45.4000,0.10547,0.04328,9.94284,0.00923,0.00380,0.00473,0,,,,270.5576,119.7176,0.0000,0.0000,12.0000,0.0000,0
45.4200,-0.21547,-0.04100,9.84001,0.00429,-0.00890,0.01413,0,,,,270.5576,119.9576,0.0000,0.0000,12.0000,0.0000,0
45.4400,0.14967,-0.15473,9.72753,0.01743,0.00232,0.01339,0,,,,270.5576,120.1976,0.0000,0.0000,12.0000,0.0000,0
45.4600,-0.12547,0.00237,9.68237,0.00348,-0.00439,0.00108,0,,,,270.5576,120.4376,0.0000,0.0000,12.0000,0.0000,0
45.4800,0.05505,-0.20510,9.76012,0.01091,-0.01511,0.00777,0,,,,270.5576,120.6776,0.0000,0.0000,12.0000,0.0000,0
45.5000,0.15041,0.07535,9.81434,0.00939,-0.01087,0.00482,0,,,,270.5576,120.9176,0.0000,0.0000,12.0000,0.0000,0
45.5200,-0.08736,-0.29118,9.92664,-0.00811,-0.00309,0.01392,0,,,,270.5576,121.1576,0.0000,0.0000,12.0000,0.0000,0
45.5400,0.27049,0.06496,10.05795,0.00519,-0.00606,-0.01040,0,,,,270.5576,121.3976,0.0000,0.0000,12.0000,0.0000,0
45.5600,0.06154,-0.16502,10.05973,0.00629,-0.01081,0.00750,0,,,,270.5576,121.6376,0.0000,0.0000,12.0000,0.0000,0
45.5800,0.33040,0.10039,9.83067,-0.00370,-0.00220,0.00368,0,,,,270.5576,121.8776,0.0000,0.0000,12.0000,0.0000,0
45.6000,0.02185,0.06625,9.65074,0.00567,-0.00443,0.00530,0,,,,270.5576,122.1176,0.0000,0.0000,12.0000,0.0000,0
45.6200,0.15238,-0.01059,9.81700,-0.00400,-0.00347,0.00141,0,,,,270.5576,122.3576,0.0000,0.0000,12.0000,0.0000,0
45.6400,-0.15236,0.06641,9.90291,-0.01170,-0.00319,0.00455,0,,,,270.5576,122.5976,0.0000,0.0000,12.0000,0.0000,0
45.6600,0.07806,-0.22607,9.71280,-0.00903,0.00765,-0.00286,0,,,,270.5576,122.8376,0.0000,0.0000,12.0000,0.0000,0
45.6800,0.02988,0.25460,9.85572,0.00474,0.00551,0.01313,0,,,,270.5576,123.0776,0.0000,0.0000,12.0000,0.0000,0
45.7000,-0.13706,-0.18415,9.99497,0.01743,-0.00909,0.00105,0,,,,270.5576,123.3176,0.0000,0.0000,12.0000,0.0000,0
45.7200,0.17489,0.08387,10.01965,-0.00477,-0.00726,0.00672,0,,,,270.5576,123.5576,0.0000,0.0000,12.0000,0.0000,0
45.7400,0.02311,-0.07156,9.89904,-0.00621,0.01191,0.00623,0,,,,270.5576,123.7976,0.0000,0.0000,12.0000,0.0000,0
45.7600,0.24409,-0.05009,9.81930,-0.01000,-0.02021,0.01502,0,,,,270.5576,124.0376,0.0000,0.0000,12.0000,0.0000,0
45.7800,-0.05507,0.05081,9.64815,-0.00522,0.00550,0.01892,0,,,,270.5576,124.2776,0.0000,0.0000,12.0000,0.0000,0
45.8000,0.06083,-0.07336,9.75773,0.00104,0.01182,0.00137,0,,,,270.5576,124.5176,0.0000,0.0000,12.0000,0.0000,0
45.8200,0.10941,0.11674,9.79749,0.01298,-0.00068,0.00423,0,,,,270.5576,124.7576,0.0000,0.0000,12.0000,0.0000,0
45.8400,0.13532,-0.04911,9.98265,-0.02910,0.00052,0.00670,0,,,,270.5576,124.9976,0.0000,0.0000,12.0000,0.0000,0
45.8600,0.09502,0.12394,9.97881,0.00742,-0.00514,0.01699,0,,,,270.5576,125.2376,0.0000,0.0000,12.0000,0.0000,0
45.8800,0.00985,-0.06309,10.01402,0.01126,0.00517,0.00410,0,,,,270.5576,125.4776,0.0000,0.0000,12.0000,0.0000,0
45.9000,0.23335,0.02101,10.08054,0.01078,-0.00800,0.02365,0,,,,270.5576,125.7176,0.0000,0.0000,12.0000,0.0000,0
45.9200,-0.24793,0.02852,9.78591,0.01706,-0.00098,-0.00135,0,,,,270.5576,125.9576,0.0000,0.0000,12.0000,0.0000,0
45.9400,0.12726,-0.13821,9.73973,-0.00063,-0.00901,0.00716,0,,,,270.5576,126.1976,0.0000,0.0000,12.0000,0.0000,0
45.9600,-0.01085,-0.02223,9.60423,0.00449,0.00126,0.01084,0,,,,270.5576,126.4376,0.0000,0.0000,12.0000,0.0000,0
45.9800,0.12827,-0.01576,9.85427,0.02344,0.02181,-0.00906,0,,,,270.5576,126.6776,0.0000,0.0000,12.0000,0.0000,0
46.0000,-0.13577,0.08941,9.89699,0.00139,0.00263,0.00284,0,,,,270.5576,126.9176,0.0000,0.0000,12.0000,0.0000,0
46.0200,-0.05969,-0.18500,9.92278,0.00875,-0.00689,0.00269,0,,,,270.5576,127.1576,0.0000,0.0000,12.0000,0.0000,0
46.0400,0.16776,0.04157,10.06575,-0.00536,-0.01209,0.00744,0,,,,270.5576,127.3976,0.0000,0.0000,12.0000,0.0000,0
46.0600,-0.03624,-0.15029,10.05660,0.01740,-0.00802,0.01690,0,,,,270.5576,127.6376,0.0000,0.0000,12.0000,0.0000,0
46.0800,-0.03081,0.06362,9.80307,0.00981,-0.01069,0.00445,0,,,,270.5576,127.8776,0.0000,0.0000,12.0000,0.0000,0
46.1000,-0.13894,-0.01003,9.93251,0.00114,0.01388,0.00191,0,,,,270.5576,128.1176,0.0000,0.0000,12.0000,0.0000,0
46.1200,0.25180,-0.23655,9.71585,-0.00229,0.00930,0.00648,0,,,,270.5576,128.3576,0.0000,0.0000,12.0000,0.0000,0
46.1400,-0.18486,-0.02965,9.67432,0.00947,0.00344,0.00260,0,,,,270.5576,128.5976,0.0000,0.0000,12.0000,0.0000,0
46.1600,0.01116,-0.09174,9.73645,0.00566,-0.00002,0.00280,0,,,,270.5576,128.8376,0.0000,0.0000,12.0000,0.0000,0
46.1800,0.10166,0.09440,9.95425,-0.00867,0.00192,0.01321,0,,,,270.5576,129.0776,0.0000,0.0000,12.0000,0.0000,0
46.2000,-0.00486,-0.07898,9.96198,0.00913,-0.00248,-0.00418,0,,,,270.5576,129.3176,0.0000,0.0000,12.0000,0.0000,0
46.2200,0.20694,-0.09643,9.98785,-0.00107,-0.00659,0.00638,0,,,,270.5576,129.5576,0.0000,0.0000,12.0000,0.0000,0
46.2400,-0.13462,-0.01151,9.90537,-0.00294,0.00771,0.00664,0,,,,270.5576,129.7976,0.0000,0.0000,12.0000,0.0000,0
46.2600,0.20834,0.06084,9.92449,0.00664,-0.00542,-0.00644,0,,,,270.5576,130.0376,0.0000,0.0000,12.0000,0.0000,0
46.2800,-0.04478,0.12187,9.77642,-0.02556,0.00396,0.01245,0,,,,270.5576,130.2776,0.0000,0.0000,12.0000,0.0000,0
46.3000,0.08644,-0.04801,9.79276,-0.00348,0.00717,-0.00514,0,,,,270.5576,130.5176,0.0000,0.0000,12.0000,0.0000,0
46.3200,0.00558,0.07367,9.73280,0.00443,0.00748,0.01498,0,,,,270.5576,130.7576,0.0000,0.0000,12.0000,0.0000,0
46.3400,0.08285,-0.28473,9.77962,0.00333,-0.00327,0.00102,0,,,,270.5576,130.9976,0.0000,0.0000,12.0000,0.0000,0
46.3600,0.25024,0.08363,10.00136,0.00990,-0.00256,0.02573,0,,,,270.5576,131.2376,0.0000,0.0000,12.0000,0.0000,0
46.3800,-0.12769,-0.15498,9.89910,0.01450,0.00342,0.00065,0,,,,270.5576,131.4776,0.0000,0.0000,12.0000,0.0000,0
46.4000,0.08502,0.11787,9.95612,0.01328,-0.00348,0.00909,0,,,,270.5576,131.7176,0.0000,0.0000,12.0000,0.0000,0
46.4200,-0.05574,-0.07239,9.83008,-0.00747,0.00095,0.01109,0,,,,270.5576,131.9576,0.0000,0.0000,12.0000,0.0000,0
46.4400,0.22779,-0.02777,9.75393,0.01442,0.00414,0.01611,0,,,,270.5576,132.1976,0.0000,0.0000,12.0000,0.0000,0
46.4600,0.07396,0.04743,9.76792,0.00820,-0.01219,-0.00402,0,,,,270.5576,132.4376,0.0000,0.0000,12.0000,0.0000,0
46.4800,-0.01977,-0.15022,9.74784,-0.00949,-0.00181,0.00424,0,,,,270.5576,132.6776,0.0000,0.0000,12.0000,0.0000,0
46.5000,0.13458,0.25104,9.89317,-0.00357,0.00217,0.00507,0,,,,270.5576,132.9176,0.0000,0.0000,12.0000,0.0000,0
46.5200,-0.02338,-0.21050,9.90166,0.00058,0.00343,0.00909,0,,,,270.5576,133.1576,0.0000,0.0000,12.0000,0.0000,0
46.5400,0.26819,0.11142,10.01036,-0.00045,-0.01130,0.00044,0,,,,270.5576,133.3976,0.0000,0.0000,12.0000,0.0000,0
46.5600,-0.12457,-0.28597,9.86842,0.01482,-0.00005,0.00199,0,,,,270.5576,133.6376,0.0000,0.0000,12.0000,0.0000,0
46.5800,0.19164,-0.17874,9.89426,0.01222,-0.00397,-0.00918,0,,,,270.5576,133.8776,0.0000,0.0000,12.0000,0.0000,0
46.6000,-0.10724,0.10942,9.80681,-0.00935,0.01594,-0.00503,0,,,,270.5576,134.1176,0.0000,0.0000,12.0000,0.0000,0
46.6200,0.11303,-0.18948,9.65590,-0.00162,0.00209,0.01532,0,,,,270.5576,134.3576,0.0000,0.0000,12.0000,0.0000,0
46.6400,-0.04870,-0.00565,9.79362,0.00606,-0.00108,0.00721,0,,,,270.5576,134.5976,0.0000,0.0000,12.0000,0.0000,0
46.6600,0.04603,-0.14120,9.81228,0.01056,0.01483,0.00644,0,,,,270.5576,134.8376,0.0000,0.0000,12.0000,0.0000,0
46.6800,0.06932,0.10670,9.86183,0.00812,0.00053,0.00164,0,,,,270.5576,135.0776,0.0000,0.0000,12.0000,0.0000,0
46.7000,0.04163,-0.12556,9.89317,0.00481,-0.00110,0.01268,0,,,,270.5576,135.3176,0.0000,0.0000,12.0000,0.0000,0
46.7200,0.20784,0.02556,9.92746,0.00201,-0.00009,0.00887,0,,,,270.5576,135.5576,0.0000,0.0000,12.0000,0.0000,0
46.7400,-0.05376,-0.05975,9.98057,-0.00339,0.01684,0.01110,0,,,,270.5576,135.7976,0.0000,0.0000,12.0000,0.0000,0
46.7600,0.06768,-0.03767,9.87429,-0.00079,-0.01496,-0.00331,0,,,,270.5576,136.0376,0.0000,0.0000,12.0000,0.0000,0
46.7800,-0.01795,-0.10607,9.63212,0.00629,-0.00478,-0.00057,0,,,,270.5576,136.2776,0.0000,0.0000,12.0000,0.0000,0
46.8000,0.07096,-0.24475,9.78128,-0.00445,-0.00729,0.00777,0,,,,270.5576,136.5176,0.0000,0.0000,12.0000,0.0000,0
46.8200,-0.01037,0.02986,9.63968,0.00494,-0.00237,0.00086,0,,,,270.5576,136.7576,0.0000,0.0000,12.0000,0.0000,0
46.8400,-0.05803,-0.14803,9.92493,0.00278,0.01010,0.01064,0,,,,270.5576,136.9976,0.0000,0.0000,12.0000,0.0000,0
46.8600,0.08923,0.13422,9.96186,0.00236,0.00737,-0.00218,0,,,,270.5576,137.2376,0.0000,0.0000,12.0000,0.0000,0
46.8800,-0.05060,-0.01131,9.99924,-0.00095,-0.01665,-0.01316,0,,,,270.5576,137.4776,0.0000,0.0000,12.0000,0.0000,0
46.9000,0.32022,0.03176,9.88046,0.00480,-0.01058,0.00235,0,,,,270.5576,137.7176,0.0000,0.0000,12.0000,0.0000,0
46.9200,-0.15504,-0.13553,9.67321,-0.01078,0.00517,-0.00290,0,,,,270.5576,137.9576,0.0000,0.0000,12.0000,0.0000,0
46.9400,0.19137,-0.00456,9.76551,-0.00039,-0.00194,0.00167,0,,,,270.5576,138.1976,0.0000,0.0000,12.0000,0.0000,0
46.9600,0.05417,0.20760,9.85287,-0.01521,-0.00650,0.00503,0,,,,270.5576,138.4376,0.0000,0.0000,12.0000,0.0000,0
46.9800,0.12122,-0.27976,9.63503,0.01245,-0.00747,-0.00690,0,,,,270.5576,138.6776,0.0000,0.0000,12.0000,0.0000,0
47.0000,-0.04829,0.12124,9.79085,0.00393,-0.01083,-0.00895,0,,,,270.5576,138.9176,0.0000,0.0000,12.0000,0.0000,0
47.0200,0.10978,-0.10972,9.91210,-0.00217,0.00872,0.00973,0,,,,270.5576,139.1576,0.0000,0.0000,12.0000,0.0000,0
47.0400,0.21389,0.01078,9.98047,0.00522,-0.00740,0.00424,0,,,,270.5576,139.3976,0.0000,0.0000,12.0000,0.0000,0
47.0600,-0.11527,-0.04917,9.84340,0.00658,-0.00051,0.00337,0,,,,270.5576,139.6376,0.0000,0.0000,12.0000,0.0000,0
47.0800,0.19572,-0.05166,9.81808,0.00635,0.00170,0.00094,0,,,,270.5576,139.8776,0.0000,0.0000,12.0000,0.0000,0
47.1000,-0.12157,-0.00756,9.74196,0.01420,-0.00047,0.00512,0,,,,270.5576,140.1176,0.0000,0.0000,12.0000,0.0000,0
47.1200,0.05784,-0.04737,9.68985,-0.00322,0.00318,0.00810,0,,,,270.5576,140.3576,0.0000,0.0000,12.0000,0.0000,0
47.1400,-0.21809,0.06254,9.76537,-0.00072,-0.00172,-0.00948,0,,,,270.5576,140.5976,0.0000,0.0000,12.0000,0.0000,0
47.1600,-0.17144,-0.22709,9.84939,-0.02380,-0.00975,-0.01038,0,,,,270.5576,140.8376,0.0000,0.0000,12.0000,0.0000,0
47.1800,0.05043,0.24286,9.89709,0.00114,0.00371,0.00517,0,,,,270.5576,141.0776,0.0000,0.0000,12.0000,0.0000,0
47.2000,-0.04773,-0.05295,10.00853,0.00431,-0.00411,0.00223,0,,,,270.5576,141.3176,0.0000,0.0000,12.0000,0.0000,0
47.2200,0.21469,0.00738,10.06373,-0.00638,0.00847,0.00878,0,,,,270.5576,141.5576,0.0000,0.0000,12.0000,0.0000,0
47.2400,-0.15536,-0.01177,9.84880,0.00227,-0.00689,0.00394,0,,,,270.5576,141.7976,0.0000,0.0000,12.0000,0.0000,0
47.2600,0.23319,-0.01100,9.72245,-0.00654,-0.00083,0.00775,0,,,,270.5576,142.0376,0.0000,0.0000,12.0000,0.0000,0
47.2800,-0.11527,0.16160,9.81315,-0.00300,-0.00878,0.00318,0,,,,270.5576,142.2776,0.0000,0.0000,12.0000,0.0000,0
47.3000,0.08399,-0.02659,9.82129,0.00228,0.00242,0.01158,0,,,,270.5576,142.5176,0.0000,0.0000,12.0000,0.0000,0
47.3200,0.01482,0.11844,9.84637,0.00590,-0.00923,-0.00042,0,,,,270.5576,142.7576,0.0000,0.0000,12.0000,0.0000,0
47.3400,0.00187,-0.20559,9.76864,0.00741,-0.00023,-0.00571,0,,,,270.5576,142.9976,0.0000,0.0000,12.0000,0.0000,0
47.3600,0.07854,0.06041,9.97252,-0.00666,-0.01383,0.00916,0,,,,270.5576,143.2376,0.0000,0.0000,12.0000,0.0000,0
47.3800,-0.17518,-0.12510,9.94844,0.00101,-0.00098,0.01779,0,,,,270.5576,143.4776,0.0000,0.0000,12.0000,0.0000,0
47.4000,0.02617,0.07721,9.72621,0.01315,-0.01934,0.02449,0,,,,270.5576,143.7176,0.0000,0.0000,12.0000,0.0000,0
47.4200,-0.11094,0.08077,9.92834,-0.00149,-0.00588,-0.00170,0,,,,270.5576,143.9576,0.0000,0.0000,12.0000,0.0000,0
47.4400,0.21157,-0.11497,9.69867,0.00630,-0.01018,0.00237,0,,,,270.5576,144.1976,0.0000,0.0000,12.0000,0.0000,0
47.4600,-0.03358,0.00608,9.69756,0.01428,-0.00463,0.00212,0,,,,270.5576,144.4376,0.0000,0.0000,12.0000,0.0000,0
47.4800,0.07016,-0.10522,9.69180,0.00542,-0.00095,-0.00931,0,,,,270.5576,144.6776,0.0000,0.0000,12.0000,0.0000,0
47.5000,0.18354,0.20687,9.79260,-0.00698,-0.00118,-0.00641,0,,,,270.5576,144.9176,0.0000,0.0000,12.0000,0.0000,0
47.5200,0.10497,-0.17905,10.06854,-0.00460,-0.00390,0.01514,0,,,,270.5576,145.1576,0.0000,0.0000,12.0000,0.0000,0
47.5400,0.09629,0.07924,10.06383,-0.00245,-0.01309,-0.00667,0,,,,270.5576,145.3976,0.0000,0.0000,12.0000,0.0000,0
47.5600,-0.02190,-0.04999,10.03404,-0.00019,-0.01445,-0.01382,0,,,,270.5576,145.6376,0.0000,0.0000,12.0000,0.0000,0
47.5800,0.38920,0.01969,9.88263,0.00423,-0.01445,-0.00136,0,,,,270.5576,145.8776,0.0000,0.0000,12.0000,0.0000,0
47.6000,0.06534,0.05975,9.72503,-0.00781,-0.00713,0.00248,0,,,,270.5576,146.1176,0.0000,0.0000,12.0000,0.0000,0
47.6200,0.29639,-0.12155,9.64361,0.00153,-0.00089,-0.00524,0,,,,270.5576,146.3576,0.0000,0.0000,12.0000,0.0000,0
47.6400,0.01436,0.17187,9.76642,-0.00438,-0.00723,-0.00827,0,,,,270.5576,146.5976,0.0000,0.0000,12.0000,0.0000,0
47.6600,0.04433,-0.12419,9.75508,0.01752,0.00334,-0.00934,0,,,,270.5576,146.8376,0.0000,0.0000,12.0000,0.0000,0
47.6800,-0.07194,0.00751,10.04032,0.00913,0.00999,0.00508,0,,,,270.5576,147.0776,0.0000,0.0000,12.0000,0.0000,0
47.7000,-0.04729,-0.22688,9.99875,0.00043,-0.00488,0.01794,0,,,,270.5576,147.3176,0.0000,0.0000,12.0000,0.0000,0
47.7200,0.13121,0.14078,9.83818,0.02350,-0.00599,0.01066,0,,,,270.5576,147.5576,0.0000,0.0000,12.0000,0.0000,0
47.7400,-0.00857,-0.09227,9.96635,0.00897,-0.00871,-0.00061,0,,,,270.5576,147.7976,0.0000,0.0000,12.0000,0.0000,0
47.7600,0.16150,-0.06173,9.92393,0.00762,-0.00356,0.00985,0,,,,270.5576,148.0376,0.0000,0.0000,12.0000,0.0000,0
47.7800,-0.22505,-0.01493,9.77110,0.01092,-0.00140,0.01667,0,,,,270.5576,148.2776,0.0000,0.0000,12.0000,0.0000,0
47.8000,0.17997,-0.16615,9.73132,0.00527,-0.00659,0.01725,0,,,,270.5576,148.5176,0.0000,0.0000,12.0000,0.0000,0
47.8200,-0.07854,0.11152,9.85768,-0.00051,-0.00731,0.00439,0,,,,270.5576,148.7576,0.0000,0.0000,12.0000,0.0000,0
47.8400,0.08992,-0.18904,9.80098,0.01120,0.00019,0.01306,0,,,,270.5576,148.9976,0.0000,0.0000,12.0000,0.0000,0
47.8600,0.15856,0.24955,10.04717,-0.00379,0.00076,0.00054,0,,,,270.5576,149.2376,0.0000,0.0000,12.0000,0.0000,0
47.8800,-0.08879,-0.21949,9.95164,0.00636,-0.00353,-0.00379,0,,,,270.5576,149.4776,0.0000,0.0000,12.0000,0.0000,0
47.9000,0.03229,0.17603,9.95320,-0.00459,0.00069,0.02251,0,,,,270.5576,149.7176,0.0000,0.0000,12.0000,0.0000,0
47.9200,-0.03013,-0.24543,10.05379,-0.01279,-0.00465,-0.00407,0,,,,270.5576,149.9576,0.0000,0.0000,12.0000,0.0000,0
47.9400,0.08938,-0.05834,9.59851,0.00128,0.00618,-0.00175,0,,,,270.5576,150.1976,0.0000,0.0000,12.0000,0.0000,0
47.9600,-0.15337,0.04633,9.70982,-0.00276,-0.01251,0.00915,0,,,,270.5576,150.4376,0.0000,0.0000,12.0000,0.0000,0
47.9800,0.13180,-0.22682,9.70032,0.00309,-0.01072,0.00643,0,,,,270.5576,150.6776,0.0000,0.0000,12.0000,0.0000,0
48.0000,0.15744,0.08521,9.75956,0.00514,-0.00442,0.00380,0,,,,270.5576,150.9176,0.0000,0.0000,12.0000,0.0000,0
48.0200,0.03385,-0.08629,9.94164,0.00151,0.01351,0.01460,0,,,,270.5576,151.1576,0.0000,0.0000,12.0000,0.0000,0
48.0400,0.18883,0.06797,9.89595,0.01102,-0.00185,0.00038,0,,,,270.5576,151.3976,0.0000,0.0000,12.0000,0.0000,0
48.0600,-0.08803,-0.15839,10.03370,0.00746,-0.00155,0.00466,0,,,,270.5576,151.6376,0.0000,0.0000,12.0000,0.0000,0
48.0800,0.10531,-0.19287,9.75866,-0.00394,-0.01014,0.00731,0,,,,270.5576,151.8776,0.0000,0.0000,12.0000,0.0000,0
48.1000,-0.00921,-0.00319,9.89883,-0.00426,-0.00408,0.00459,0,,,,270.5576,152.1176,0.0000,0.0000,12.0000,0.0000,0
48.1200,0.21984,-0.09802,9.74946,-0.01124,-0.01020,0.01377,0,,,,270.5576,152.3576,0.0000,0.0000,12.0000,0.0000,0
48.1400,-0.18384,0.18260,9.79530,-0.00398,-0.00966,0.02017,0,,,,270.5576,152.5976,0.0000,0.0000,12.0000,0.0000,0
48.1600,0.16795,-0.15861,9.83757,-0.00317,-0.00192,-0.00039,0,,,,270.5576,152.8376,0.0000,0.0000,12.0000,0.0000,0
48.1800,0.06356,0.23106,9.90681,-0.00638,-0.01393,0.00602,0,,,,270.5576,153.0776,0.0000,0.0000,12.0000,0.0000,0
48.2000,-0.09141,-0.10735,9.84122,0.00752,-0.01148,0.00537,0,,,,270.5576,153.3176,0.0000,0.0000,12.0000,0.0000,0
48.2200,0.11426,0.17177,9.97895,0.01756,0.00149,0.01640,0,,,,270.5576,153.5576,0.0000,0.0000,12.0000,0.0000,0
48.2400,-0.09458,-0.02485,9.99832,0.00924,0.00125,0.00238,0,,,,270.5576,153.7976,0.0000,0.0000,12.0000,0.0000,0
48.2600,0.14517,0.03853,9.92015,-0.00274,-0.00895,-0.00223,0,,,,270.5576,154.0376,0.0000,0.0000,12.0000,0.0000,0
48.2800,0.00506,-0.04006,9.81348,0.00637,-0.00736,0.01751,0,,,,270.5576,154.2776,0.0000,0.0000,12.0000,0.0000,0
48.3000,-0.00645,0.00568,9.76803,-0.01459,0.00974,0.01278,0,,,,270.5576,154.5176,0.0000,0.0000,12.0000,0.0000,0
48.3200,-0.02410,0.00905,9.67331,0.02132,-0.01039,-0.00511,0,,,,270.5576,154.7576,0.0000,0.0000,12.0000,0.0000,0
48.3400,0.04639,-0.28009,9.80797,0.00996,0.00071,0.00191,0,,,,270.5576,154.9976,0.0000,0.0000,12.0000,0.0000,0
48.3600,0.09927,0.03976,9.95301,-0.00409,-0.00764,0.00011,0,,,,270.5576,155.2376,0.0000,0.0000,12.0000,0.0000,0
48.3800,-0.11053,-0.02298,10.03613,-0.00546,-0.01256,0.00374,0,,,,270.5576,155.4776,0.0000,0.0000,12.0000,0.0000,0
48.4000,0.32655,-0.07513,9.91429,0.00271,-0.00387,0.00133,0,,,,270.5576,155.7176,0.0000,0.0000,12.0000,0.0000,0
48.4200,0.01264,0.01389,9.90927,0.00672,0.00415,0.01768,0,,,,270.5576,155.9576,0.0000,0.0000,12.0000,0.0000,0
48.4400,0.25506,0.10489,9.86158,-0.00336,0.00378,0.01068,0,,,,270.5576,156.1976,0.0000,0.0000,12.0000,0.0000,0
48.4600,0.11148,-0.01990,9.78152,-0.00345,0.00110,0.00328,0,,,,270.5576,156.4376,0.0000,0.0000,12.0000,0.0000,0
48.4800,0.12253,-0.25440,9.83796,0.00365,-0.00178,0.02060,0,,,,270.5576,156.6776,0.0000,0.0000,12.0000,0.0000,0
48.5000,0.00940,0.11738,9.86467,0.00358,0.01477,0.00551,0,,,,270.5576,156.9176,0.0000,0.0000,12.0000,0.0000,0
48.5200,-0.04956,0.00810,9.91418,-0.01084,-0.00893,-0.00497,0,,,,270.5576,157.1576,0.0000,0.0000,12.0000,0.0000,0
48.5400,-0.02185,0.02844,9.97080,0.01144,0.00204,0.00967,0,,,,270.5576,157.3976,0.0000,0.0000,12.0000,0.0000,0
48.5600,-0.14004,-0.01030,10.06041,0.00516,0.00038,-0.00512,0,,,,270.5576,157.6376,0.0000,0.0000,12.0000,0.0000,0
48.5800,0.24412,0.12000,9.89753,-0.00275,-0.00430,0.00164,0,,,,270.5576,157.8776,0.0000,0.0000,12.0000,0.0000,0
48.6000,-0.10296,0.05892,9.80847,0.01003,-0.00003,-0.00191,0,,,,270.5576,158.1176,0.0000,0.0000,12.0000,0.0000,0
48.6200,0.09241,-0.15152,9.72386,0.01636,0.01264,0.01169,0,,,,270.5576,158.3576,0.0000,0.0000,12.0000,0.0000,0
48.6400,-0.00831,-0.03378,9.77293,-0.00432,0.01004,-0.00785,0,,,,270.5576,158.5976,0.0000,0.0000,12.0000,0.0000,0
48.6600,0.08580,-0.21899,9.82605,0.00733,0.00518,0.00451,0,,,,270.5576,158.8376,0.0000,0.0000,12.0000,0.0000,0
48.6800,0.13074,0.03323,9.93410,0.01002,-0.00034,0.00077,0,,,,270.5576,159.0776,0.0000,0.0000,12.0000,0.0000,0
48.7000,-0.05286,-0.04583,9.88343,-0.00555,0.00181,0.00149,0,,,,270.5576,159.3176,0.0000,0.0000,12.0000,0.0000,0
48.7200,0.02507,0.14236,9.87726,0.00040,-0.00796,0.00262,0,,,,270.5576,159.5576,0.0000,0.0000,12.0000,0.0000,0
48.7400,-0.14864,0.00466,9.90969,0.00987,-0.00787,0.02206,0,,,,270.5576,159.7976,0.0000,0.0000,12.0000,0.0000,0
48.7600,0.00550,-0.17930,9.95272,0.00579,-0.00027,0.00845,0,,,,270.5576,160.0376,0.0000,0.0000,12.0000,0.0000,0
48.7800,-0.01562,0.05828,9.67080,0.00855,0.00229,0.01643,0,,,,270.5576,160.2776,0.0000,0.0000,12.0000,0.0000,0
48.8000,0.25167,-0.10064,9.64432,0.01618,-0.01115,0.00770,0,,,,270.5576,160.5176,0.0000,0.0000,12.0000,0.0000,0
48.8200,-0.01038,0.05178,9.85998,0.00396,0.00111,-0.00153,0,,,,270.5576,160.7576,0.0000,0.0000,12.0000,0.0000,0
48.8400,0.01103,-0.21062,9.87057,0.00105,0.01175,0.00292,0,,,,270.5576,160.9976,0.0000,0.0000,12.0000,0.0000,0
48.8600,-0.07224,0.18676,9.99391,0.00095,-0.00650,-0.00258,0,,,,270.5576,161.2376,0.0000,0.0000,12.0000,0.0000,0
48.8800,0.10258,-0.10234,9.83550,0.00462,0.00665,0.00625,0,,,,270.5576,161.4776,0.0000,0.0000,12.0000,0.0000,0
48.9000,0.08200,-0.07220,9.85380,0.01417,-0.00357,-0.00843,0,,,,270.5576,161.7176,0.0000,0.0000,12.0000,0.0000,0
48.9200,-0.04903,-0.01118,9.80570,-0.00616,-0.01151,0.01369,0,,,,270.5576,161.9576,0.0000,0.0000,12.0000,0.0000,0
48.9400,0.16838,-0.04280,9.78377,0.00462,-0.00675,0.00335,0,,,,270.5576,162.1976,0.0000,0.0000,12.0000,0.0000,0
48.9600,0.05105,0.17064,9.63912,0.00033,0.00371,0.02006,0,,,,270.5576,162.4376,0.0000,0.0000,12.0000,0.0000,0
48.9800,0.22673,-0.20523,9.87651,0.00247,0.00536,0.01131,0,,,,270.5576,162.6776,0.0000,0.0000,12.0000,0.0000,0
49.0000,-0.06112,0.13400,9.93711,0.00184,-0.00497,-0.00757,0,,,,270.5576,162.9176,0.0000,0.0000,12.0000,0.0000,0
49.0200,0.05051,-0.12487,9.86502,-0.00061,-0.00176,0.00053,0,,,,270.5576,163.1576,0.0000,0.0000,12.0000,0.0000,0
49.0400,0.12236,-0.08252,10.08437,0.00213,-0.01179,-0.01468,0,,,,270.5576,163.3976,0.0000,0.0000,12.0000,0.0000,0
49.0600,0.01375,-0.03645,9.96597,0.00891,0.00389,0.00656,0,,,,270.5576,163.6376,0.0000,0.0000,12.0000,0.0000,0
49.0800,0.13943,-0.05584,9.90537,0.01318,-0.00382,0.01681,0,,,,270.5576,163.8776,0.0000,0.0000,12.0000,0.0000,0
49.1000,-0.04427,0.03754,9.97852,0.01522,0.01043,-0.00138,0,,,,270.5576,164.1176,0.0000,0.0000,12.0000,0.0000,0
49.1200,0.30784,-0.11307,9.72058,-0.01527,-0.00039,-0.00367,0,,,,270.5576,164.3576,0.0000,0.0000,12.0000,0.0000,0
49.1400,0.01485,-0.01777,9.89915,0.00641,0.01524,-0.00318,0,,,,270.5576,164.5976,0.0000,0.0000,12.0000,0.0000,0
49.1600,0.17897,-0.29327,9.84345,-0.00305,-0.00658,0.00087,0,,,,270.5576,164.8376,0.0000,0.0000,12.0000,0.0000,0
49.1800,-0.00333,-0.01455,9.87907,0.00293,0.00631,0.00736,0,,,,270.5576,165.0776,0.0000,0.0000,12.0000,0.0000,0
49.2000,0.06279,-0.24534,9.93614,0.00769,-0.00025,-0.00189,0,,,,270.5576,165.3176,0.0000,0.0000,12.0000,0.0000,0
49.2200,0.21604,-0.00820,9.90304,0.00590,-0.00295,0.00082,0,,,,270.5576,165.5576,0.0000,0.0000,12.0000,0.0000,0
49.2400,-0.12242,-0.13807,9.86917,0.01080,-0.00104,0.01267,0,,,,270.5576,165.7976,0.0000,0.0000,12.0000,0.0000,0
49.2600,0.19916,-0.10147,9.68054,-0.00541,-0.00837,-0.00099,0,,,,270.5576,166.0376,0.0000,0.0000,12.0000,0.0000,0
49.2800,0.01716,0.11195,9.92502,-0.00411,0.00978,0.01773,0,,,,270.5576,166.2776,0.0000,0.0000,12.0000,0.0000,0
49.3000,0.09195,-0.08920,9.84178,0.00153,-0.00409,-0.00002,0,,,,270.5576,166.5176,0.0000,0.0000,12.0000,0.0000,0
49.3200,-0.17865,0.09187,9.74205,-0.00660,0.00038,-0.00661,0,,,,270.5576,166.7576,0.0000,0.0000,12.0000,0.0000,0
49.3400,0.08945,-0.11037,9.85448,0.00149,-0.01252,0.01100,0,,,,270.5576,166.9976,0.0000,0.0000,12.0000,0.0000,0
49.3600,0.11280,0.09610,9.99812,-0.00314,-0.01515,0.01266,0,,,,270.5576,167.2376,0.0000,0.0000,12.0000,0.0000,0
49.3800,0.00264,-0.14932,10.00725,0.01206,0.00611,0.00048,0,,,,270.5576,167.4776,0.0000,0.0000,12.0000,0.0000,0
49.4000,0.03503,-0.09830,9.90225,0.01370,-0.00883,0.00023,0,,,,270.5576,167.7176,0.0000,0.0000,12.0000,0.0000,0
49.4200,-0.12912,-0.06500,9.84071,-0.00824,0.00567,0.00384,0,,,,270.5576,167.9576,0.0000,0.0000,12.0000,0.0000,0
49.4400,0.34691,-0.17498,9.89138,0.01313,-0.00629,0.00184,0,,,,270.5576,168.1976,0.0000,0.0000,12.0000,0.0000,0
49.4600,-0.11585,-0.01531,9.73684,0.00217,-0.01582,0.02335,0,,,,270.5576,168.4376,0.0000,0.0000,12.0000,0.0000,0
49.4800,0.06341,-0.13632,9.72441,-0.00014,-0.00586,0.00498,0,,,,270.5576,168.6776,0.0000,0.0000,12.0000,0.0000,0
49.5000,0.03883,0.15439,9.87483,0.00763,-0.00308,0.00685,0,,,,270.5576,168.9176,0.0000,0.0000,12.0000,0.0000,0
49.5200,-0.02348,-0.06132,9.96461,0.00074,-0.00450,0.00413,0,,,,270.5576,169.1576,0.0000,0.0000,12.0000,0.0000,0
49.5400,0.12458,0.05297,9.93171,0.00812,0.00362,0.01927,0,,,,270.5576,169.3976,0.0000,0.0000,12.0000,0.0000,0
49.5600,-0.11687,-0.02778,9.79638,0.00863,-0.01465,-0.00287,0,,,,270.5576,169.6376,0.0000,0.0000,12.0000,0.0000,0
49.5800,0.18634,-0.07219,9.81102,-0.00188,0.00284,-0.00246,0,,,,270.5576,169.8776,0.0000,0.0000,12.0000,0.0000,0
49.6000,-0.07846,-0.02321,9.85171,0.00878,-0.01768,0.01336,0,,,,270.5576,170.1176,0.0000,0.0000,12.0000,0.0000,0
49.6200,0.08360,-0.08759,9.66366,0.00497,0.01741,0.00602,0,,,,270.5576,170.3576,0.0000,0.0000,12.0000,0.0000,0
49.6400,-0.05460,0.05658,9.63781,0.01359,-0.00050,-0.00339,0,,,,270.5576,170.5976,0.0000,0.0000,12.0000,0.0000,0
49.6600,-0.02627,-0.14783,9.90137,-0.00721,0.00591,0.00427,0,,,,270.5576,170.8376,0.0000,0.0000,12.0000,0.0000,0
49.6800,-0.00458,0.04881,10.05434,-0.00911,-0.00886,0.01262,0,,,,270.5576,171.0776,0.0000,0.0000,12.0000,0.0000,0
49.7000,-0.01322,-0.19038,10.04796,0.01010,-0.00035,0.00010,0,,,,270.5576,171.3176,0.0000,0.0000,12.0000,0.0000,0
49.7200,0.10465,0.05707,9.86027,0.01262,0.01060,0.00311,0,,,,270.5576,171.5576,0.0000,0.0000,12.0000,0.0000,0
49.7400,-0.04939,0.04238,10.05727,0.01446,-0.01688,0.00248,0,,,,270.5576,171.7976,0.0000,0.0000,12.0000,0.0000,0
49.7600,0.19793,-0.09202,9.95510,0.01504,-0.00953,0.00370,0,,,,270.5576,172.0376,0.0000,0.0000,12.0000,0.0000,0
49.7800,-0.12128,0.01869,9.73004,0.00963,-0.01011,-0.01593,0,,,,270.5576,172.2776,0.0000,0.0000,12.0000,0.0000,0
49.8000,-0.01783,-0.20935,9.69007,0.00350,-0.01164,-0.00469,0,,,,270.5576,172.5176,0.0000,0.0000,12.0000,0.0000,0
49.8200,-0.06420,-0.00302,9.75448,-0.00278,0.00251,-0.00292,0,,,,270.5576,172.7576,0.0000,0.0000,12.0000,0.0000,0
49.8400,-0.00365,-0.19266,9.95120,0.00077,0.00541,-0.00422,0,,,,270.5576,172.9976,0.0000,0.0000,12.0000,0.0000,0
49.8600,0.09386,0.02909,9.85989,0.00146,0.01086,-0.00182,0,,,,270.5576,173.2376,0.0000,0.0000,12.0000,0.0000,0
49.8800,-0.06266,-0.21147,9.85779,-0.00430,-0.00660,0.00176,0,,,,270.5576,173.4776,0.0000,0.0000,12.0000,0.0000,0
49.9000,0.13604,-0.12478,9.87711,0.00601,-0.01387,0.00216,0,,,,270.5576,173.7176,0.0000,0.0000,12.0000,0.0000,0
49.9200,-0.05634,-0.08505,9.86893,-0.01017,0.00411,0.00793,0,,,,270.5576,173.9576,0.0000,0.0000,12.0000,0.0000,0
49.9400,0.15303,0.00889,9.73784,-0.00294,0.00798,0.01973,0,,,,270.5576,174.1976,0.0000,0.0000,12.0000,0.0000,0
49.9600,-0.09762,0.04838,9.82049,0.00137,0.00176,0.01124,0,,,,270.5576,174.4376,0.0000,0.0000,12.0000,0.0000,0
49.9800,0.03919,-0.10803,9.77401,-0.00773,-0.01092,-0.00022,0,,,,270.5576,174.6776,0.0000,0.0000,12.0000,0.0000,0
